target_index,alpha_raw,alpha_clipped,alpha_shrunk,denominator,reliability,val_baseline_mean_mse,val_static_mean_mse,val_adaptive_alpha_mse,val_baseline_mean_mae,val_static_mean_mae,val_adaptive_alpha_mae,val_static_mse_gain_vs_baseline_pct,val_adaptive_mse_gain_vs_baseline_pct,val_adaptive_mse_gain_vs_static_pct,test_baseline_mean_mse,test_static_mean_mse,test_adaptive_alpha_mse,test_baseline_mean_mae,test_static_mean_mae,test_adaptive_alpha_mae,test_static_mse_gain_vs_baseline_pct,test_adaptive_mse_gain_vs_baseline_pct,test_adaptive_mse_gain_vs_static_pct,alpha_minus_global,parent_count,child_count,parent_abs_strength_sum,parent_abs_strength_mean,parent_abs_strength_max,child_abs_strength_sum
0,1.4982322862246231,1.0,0.8417737103155127,357.3054524015725,0.3516525935248084,0.1421236735744928,0.13765004023825775,0.13805943581982966,0.13674332795551852,0.13695554678780744,0.13627943549916474,3.14770454753988,2.8596486795234037,-0.2974176984353131,0.44093224635123496,0.43418618875605447,0.4345386114957932,0.2582194229483478,0.25790700017816137,0.25699650752263314,1.5299533320606262,1.450026598950251,-0.08116857441928922,0.08581924532382101,417,412,1.3849780354648829,0.0033212902529133883,0.1742548793554306,3.3369519766420126
1,1.006669004694497,1.0,0.8534865178880163,438.5341026898247,0.3996469465954549,0.28108606959091587,0.2782991987634218,0.2783636092810724,0.20004401801155958,0.19951765902390806,0.19881073516321016,0.9914652944381048,0.9685504208037248,-0.023144341750461976,0.27441355803392375,0.26847500623827747,0.2689471579613722,0.21344413855637323,0.2110891505830064,0.2107015705835154,2.164088333752134,1.9920298806357764,-0.1758643121794667,0.0975320528963246,507,379,1.8147889431566,0.003579465371117554,0.15045283734798431,1.4602398425340652
2,1.0007056205961142,1.0,0.8758955526452918,636.669777362795,0.4914701170399078,0.3080199883156057,0.30402159206850016,0.30408378753459503,0.3560891549025504,0.35437586044323977,0.35405297176690714,1.2980963569833825,1.2779043342399934,-0.02045758186834919,0.3251142642896889,0.3230726236132715,0.3228405842836831,0.3751039218257453,0.37435120510856673,0.3738693175456539,0.6279763457558587,0.6993479695433706,0.07182265305962057,0.11994108765360012,373,339,1.5396404210478067,0.00412772230843916,0.20505917072296143,0.7652578139677644
3,1.0982633672326858,1.0,0.8736956281842946,614.10627548646,0.4824557154409504,0.18446063048358607,0.1798524967261702,0.18000953171482426,0.20015172369585543,0.1971566267790212,0.19692615875109853,2.4981665439042904,2.4130345630353314,-0.08731321027649531,0.6286848398506947,0.6154756709075576,0.6160391949175249,0.34353317460908683,0.33645080973970737,0.33647721864360675,2.101079603935429,2.0114442295400297,-0.09155910405627164,0.11774116319260286,338,297,1.5374575294554234,0.004548690915548589,0.13113251328468323,0.585312457755208
4,0.5692299893796535,0.5692299893796535,0.6664217819224394,606.8559354314482,0.4794908796813356,0.188003640880962,0.187476691378091,0.18680642887148094,0.1552636911389998,0.15544544366918567,0.1536481959064252,0.280286860617046,0.6368025660945018,0.3575177808415243,0.24710601556130837,0.24670058936331152,0.24586551575534787,0.17221607606213357,0.1700727613691407,0.16911038011476068,0.16406974029989446,0.5020111724688968,0.33849680299459906,-0.08953268306925233,427,326,1.9131083115935326,0.004480347333942699,0.21868517994880676,0.9429383352398872
5,1.2130020640752062,1.0,0.8830253869570359,715.6293771280037,0.5206852973606676,0.12490771324570334,0.11850788855418817,0.11879293900910029,0.15479225587550563,0.15157316799230183,0.15097534141550334,5.123642507909982,4.895433658748361,-0.24053289480537535,0.2414548031351877,0.23319902529521297,0.23364993466802952,0.21736859084354626,0.21261336990780305,0.2122501624044136,3.4191814504317017,3.2324345450226195,-0.19335817216462906,0.1270709219653442,485,457,2.255961885675788,0.004651467805517088,0.1754429042339325,1.2672644816339016
6,0.8038856789644039,0.8038856789644039,0.7834248287115675,884.4521244035813,0.573120550118239,0.14190264510702202,0.13853152913351346,0.1383205211602808,0.18941862157720982,0.1887771046742,0.18744883182964245,2.3756540767552896,2.524353188793359,0.15231765256074636,0.14186157783449074,0.1381666459509691,0.13825143567693055,0.19285751209055985,0.19116836705160448,0.1903023069015544,2.604603684749996,2.544834346740549,-0.061367724010265676,0.027470363719875768,503,414,2.6817217748612165,0.005331454820797647,0.21770596504211426,1.0715342573821545
7,0.2794059850246351,0.2794059850246351,0.5382569793195549,554.0349629716928,0.4568212780516815,0.08678537884455612,0.08831830074048544,0.08674693708466234,0.14614654867408577,0.14700799329976924,0.14501289752606975,-1.7663365838097977,0.04429520318466001,1.7792050375158288,0.10534703312814396,0.1041445435445826,0.10387456070832513,0.16395004224267143,0.16348002987060467,0.1621566206039357,1.1414555757812948,1.3977350629587468,0.25923858040809666,-0.21769748567213687,378,340,2.134314076974988,0.005646333536970868,0.1497594267129898,0.9162370897829533
8,0.8023789790823609,0.8023789790823609,0.7724316808177384,362.4597436050541,0.3549248957967739,0.09094392127413978,0.0895692447837004,0.08948250951628905,0.16353685748980676,0.16129446255264643,0.160854991581766,1.5115650075122382,1.606937261310152,0.09683599277944498,0.4009840032301275,0.3942146068911515,0.3947038510669545,0.32056256632184704,0.31596373589129667,0.31573416668282034,1.688196108683915,1.566185212523002,-0.12410604966194737,0.016477215826046665,341,410,1.6644883221015334,0.0048811974255176934,0.17589126527309418,0.9379679299890995
9,1.028290152324501,1.0,0.910851914760136,1144.6318983336985,0.6347071654606219,0.4276748184276561,0.4200903090968539,0.4201835660377598,0.3433507802175222,0.3412563428435368,0.34097120669350006,1.7734290175621243,1.7516234454574227,-0.022199260227256018,0.2835331831589567,0.2928582578277204,0.2911043335086826,0.2475785554830417,0.2538938610332127,0.2525761640889542,-3.288883002994327,-2.670287218368118,0.5988987068514197,0.15489744976844433,523,497,2.5195546206086874,0.004817504054701123,0.31542402505874634,0.8922214992344379
10,1.4099801297016588,1.0,0.9074879437698607,1079.0556825336798,0.6209229714979638,0.3336191546805269,0.3213032903675213,0.3218745335388022,0.3022768994451187,0.2958052144057412,0.2959240272831304,3.691593884889261,3.520367753755424,-0.17778939351273482,0.3021343920256421,0.29650474522703824,0.29652799367366417,0.2856006686231726,0.2806758442053041,0.2805760014468736,1.863292278929322,1.8555975420044502,-0.007840834590398369,0.15153347877816903,307,279,1.7135505769401789,0.005581597970489182,0.15872344374656677,0.8329113889485598
11,0.9942933840691583,0.9942933840691583,0.8295406374476155,294.23690725442765,0.3087459351613751,0.06006053795096203,0.05823634373306074,0.0582863702480444,0.10307081788072466,0.10233205208363695,0.10174904485353488,3.0372592056879326,2.9539657209966914,-0.08590256835657333,0.14893280704246226,0.14427443636618462,0.14474191447188656,0.16132015887867862,0.15870167416494388,0.15838617489584275,3.1278337988684326,2.8139485542502625,-0.3240200533623497,0.0735861724559238,449,437,1.8417397234588861,0.004101870208148967,0.12274955958127975,1.5181422708556056
12,0.7058109751151354,0.7058109751151354,0.7268251769203918,913.1677567606332,0.5809186425398507,0.30029579509178295,0.29793853106330354,0.29744542422176284,0.23810190820241525,0.23555234561886965,0.23497199645157765,0.784980698034394,0.949187739758031,0.1655062337123224,0.9588652736818956,0.9336787564129274,0.9367148358862252,0.42121234660245577,0.41206352419959413,0.4125578062138957,2.626700325923347,2.310067785708424,-0.325173883677292,-0.029129288071299886,474,266,1.838994089514017,0.0038797343660633274,0.13712649047374725,0.6160430274903774
13,0.7816288117601728,0.7816288117601728,0.7698437384646147,776.3916174597813,0.5409786507197137,0.1614914939364698,0.15874899131899842,0.15851748444261424,0.1675183128084484,0.16510973341439933,0.16431501693581943,1.6982334800557846,1.8415889415361606,0.14583202983569074,0.24793677230168165,0.24531646975741797,0.2449469414556593,0.265578520429516,0.2638245965674879,0.2630731277899886,1.056843049112287,1.2058843947457822,0.1506333032283119,0.013889273472923014,337,460,1.8594370055943727,0.005517617227283006,0.17012827098369598,0.7802235390990973
14,0.961325437723932,0.961325437723932,0.8530873680178935,591.1802636083332,0.4729631541105971,0.22669849237580533,0.22327778078285346,0.22331567035244393,0.2863603905001115,0.284188794618718,0.28388565050126896,1.5089256029463363,1.492211963083368,-0.01696970001118043,0.25094166845009386,0.2478835851628658,0.24783882434231186,0.30570669689585567,0.30382809544568196,0.3034295569688377,1.2186430839150342,1.2364802254429414,0.018057194277114462,0.09713290302620181,380,375,1.7769869044423103,0.004676281327479764,0.14887206256389618,2.4821270257234573
15,1.4242381009206269,1.0,0.9034736727419804,1006.7841876281356,0.6044741107239122,0.36551935722020407,0.3538483218799178,0.35442425794287885,0.2830684836214777,0.28034075049545215,0.28011732130356387,3.1930006194597027,3.03543411810091,-0.16276354227178572,0.5499058710859049,0.5447887081181033,0.5444258742418978,0.37284608735319574,0.3711869694461563,0.37074681004460625,0.9305525248706127,0.9965336127773506,0.06660084373974325,0.1475192077502887,330,377,1.191485424991697,0.0036105618939142334,0.14775346219539642,1.9584440579637885
16,0.7817563965473799,0.7817563965473799,0.7678006336623566,559.188107699422,0.4591194517781478,0.24742800037421148,0.24545184612203488,0.24528549696320773,0.25243584250293316,0.2507102096319366,0.2501943423084775,0.7986785041255825,0.8659098435760766,0.06777262483674688,0.2165519902779395,0.21516636080994062,0.2147840579586163,0.249467471377606,0.2487698605925745,0.24786972373163493,0.639859955210047,0.816400863854498,0.17767779772136916,0.011846168670664903,397,522,1.04831425298471,0.0026405900578959952,0.10890597850084305,4.000289253890514
17,-0.1933649719049624,0.0,0.1735999917934321,2209.8933347831,0.7703565494578565,0.11412486005594448,0.13334348625984835,0.11547296584021556,0.19130122646111317,0.21726440981719028,0.19407853812607895,-16.83999979888941,-1.1812551477480313,13.40186980323002,0.13328395606525187,0.148001003723773,0.13431420928931181,0.20874754351423674,0.22722940686200288,0.21069396556616643,-11.041874876009913,-0.7729761739331661,9.247771359717284,-0.5823544731982596,423,381,2.577192271128297,0.006092653123234744,0.14968976378440857,0.7512472569942474
18,0.7929032750802175,0.7929032750802175,0.7744466648380504,660.0399667754507,0.5004816069056927,0.17037648018033016,0.16795163736535465,0.16777551574465802,0.16225412392801242,0.1588097980071798,0.15808075238918606,1.4232262648042782,1.5265982915712493,0.10486448566947103,0.13509372936894326,0.13145883122853083,0.1315571688787766,0.17277651614866088,0.16983911934419443,0.1692088517738109,2.6906490459564267,2.6178568810608853,-0.07480490228520709,0.018492199846358637,271,263,0.9765692446380854,0.00360357654848002,0.1379437893629074,0.5775429680943489
19,0.898708815572521,0.898708815572521,0.8314782805303486,740.0327707155922,0.5290473826637901,0.32467859154649603,0.32097778894895357,0.3209511498892063,0.20985374343856664,0.21270157783860877,0.21101902074173404,1.1398357310578897,1.1480404789041743,0.0082993467661696,0.30216110600726187,0.30114168895969967,0.3006295313609117,0.22011177994196107,0.22190750801754397,0.22045734560394104,0.33737533630079414,0.5068735240575162,0.17007196863285054,0.07552381553865684,343,321,1.616478057578206,0.004712764016262991,0.21710403263568878,2.0245183799415827
20,0.5564045553869551,0.5564045553869551,0.6911072451246125,317.13829759396964,0.3249674229145328,0.012169347852955741,0.011944984459016803,0.011589707258325477,0.07204600993201767,0.07180535029582084,0.07033813618559627,1.8436763962207263,4.763119615234591,2.974279304508771,0.016979159869464723,0.016524885614191378,0.01618522382111468,0.07939601042287049,0.07881785216680208,0.07743101840659201,2.675481347521268,4.675944242552644,2.055456243430829,-0.0648472198670792,461,441,1.514547273516655,0.003285352003289924,0.11361270397901535,0.5391985569149256
21,1.379946945418133,1.0,0.8951328946357603,874.3116156857211,0.5702969719947155,0.21522289858301374,0.20557324180539177,0.20607047573557327,0.23775259366003756,0.23313771291799082,0.23282749772648165,4.483564175166054,4.25253209937152,-0.24187677628405213,0.4553990763558399,0.4405686609686734,0.44134394447981745,0.3403914973409793,0.335568786024383,0.3351588171964287,3.2565756403902566,3.0863329782074636,-0.17597336801928312,0.13917842964406857,492,372,3.0263544470071793,0.00615112692481134,0.44966593384742737,0.5000433847308159
22,0.5045563860605564,0.5045563860605564,0.6571046025799623,426.8767792687726,0.3932005480392197,0.14353602026303164,0.14351162462528033,0.14291679464149146,0.15302054846497234,0.15221972293138722,0.1509598647462395,0.0169961781764614,0.43140782390750587,0.4144820918458841,0.21003756220231243,0.2065388009489206,0.2068815837969938,0.20767535762119413,0.20536192639002313,0.20478966924787315,1.665778833417304,1.5025780970923255,-0.16596535202989912,-0.09884986241172944,295,274,1.7799407206475735,0.006033697358127367,0.20641018450260162,1.8391902018338442
23,0.985248686884002,0.985248686884002,0.8814971580093078,797.1325289126461,0.5475179094420365,0.32808613078527255,0.3232345414700083,0.3232872656084648,0.34740633792256337,0.3451619654165964,0.3446662396073159,1.478754772002094,1.4626845594849318,-0.01631141839506038,0.29044340730127804,0.28784726241355274,0.287608966358781,0.3452267591499745,0.3451181932737283,0.3444363335251082,0.8938556780640966,0.9759012844649775,0.08278559009859604,0.1255426930176161,343,346,1.9062158409506083,0.005557480585861831,0.1579635590314865,0.6754039339721203
24,1.415326294263832,1.0,0.8952517086237237,876.050560533069,0.5707838237126107,0.27245978492153716,0.2624021876763976,0.26294049839584155,0.2608161287940577,0.25670144543562373,0.25652356586764896,3.691406145694467,3.4938317698654036,-0.20514719187775843,0.17536594856383592,0.1703395758210748,0.1705905778714744,0.1863107927781435,0.18424516516717293,0.18395112196332475,2.8662193452746765,2.7230889072077717,-0.1473539247645272,0.139297243632032,351,238,1.6765056978911161,0.004776369509661299,0.17729036509990692,0.5072377901524305
25,1.111001696508947,1.0,0.896024971293824,887.4650242289999,0.5739523417109993,0.27108265200643367,0.2642814951306024,0.2644701327392745,0.2607449212723145,0.2547828063370771,0.25472869166731377,2.5088868009413816,2.4393000504518567,-0.07137753196790546,0.3424047828171463,0.3370782956221853,0.3370474388589543,0.3267384423710176,0.3204381900393013,0.32048007757292807,1.55561121288587,1.564622992154,0.009154182761618031,0.14007050630213225,322,255,1.6487125689163804,0.005120225369305529,0.16921421885490417,0.44106372632086277
26,0.8314157826989473,0.8314157826989473,0.7882015475798628,491.5833852565709,0.4273326197836924,0.08809644757742321,0.08605301876462715,0.0859711585880516,0.15681267220642678,0.15545838119045152,0.15465154499740189,2.3195359960459325,2.4124570829077,0.095127605923336,0.1352569668880262,0.13294898387083662,0.13287607631442258,0.1823591325356466,0.1805959832120876,0.17994897956316203,1.7063690472227249,1.7602720424557867,0.05483874663146616,0.032247082588171105,449,365,1.2589489743113518,0.0028038952657268414,0.15892045199871063,1.875908937305212
27,1.3281801259207795,1.0,0.8507403041885123,418.3449240923189,0.3883940724160092,0.4189988087099493,0.41465322181559483,0.4149686978708436,0.2272990339169652,0.2240243202371441,0.2237212444539044,1.0371358591052013,0.9618430304167135,-0.0760819013698839,0.09278636464300699,0.08963462119086561,0.08998297882768054,0.11184247774374137,0.11022395724267645,0.11011486609197894,3.3967743690224586,3.0213338200202164,-0.3886418352492884,0.0947858391968206,269,311,1.2539151152595878,0.004661394480518914,0.3673474192619324,1.24892339669168
28,1.0987327920696788,1.0,0.8555136048554856,453.9288405612699,0.4079531299779953,0.10963111614905269,0.10622224997769257,0.10636289973556547,0.18257769602092896,0.179945671774652,0.17972368904838942,3.10939657562683,2.9811029279714774,-0.1324108253237278,0.2938739757077699,0.29291666825385076,0.2922715489759929,0.2854899896804393,0.2837389577393487,0.28309232479761237,0.3257544161961096,0.5452768411757838,0.22023986606962037,0.09955913986379383,380,437,0.9272044766694307,0.0024400117807090284,0.14086796343326569,0.6243650764226913
29,2.1534574513861786,1.0,0.9159580010642774,1254.200021072965,0.6556298441073242,0.5624871590030489,0.5364766436211028,0.538057142017647,0.3347797066118747,0.3307230350127283,0.33034670271903144,4.624197186660595,4.343213279517641,-0.29460712136061423,0.6691246653529588,0.6554046139579391,0.6559459925504224,0.3874088957465497,0.3854571734213346,0.38501801033683913,2.0504477125772076,1.9695392331090815,-0.08260219427109634,0.16000353607258566,320,428,2.0456491112709045,0.006392653472721577,0.12664437294006348,1.8814922841265798
30,0.9077654916345615,0.9077654916345615,0.829164539971169,613.5876983177825,0.4822447789099104,0.13020046250837594,0.12706229411752867,0.1270533317454769,0.18115466857047605,0.17948163148397475,0.17861368939208655,2.4102590193528584,2.417142537183068,0.007053526078704045,0.1551372764739931,0.15389486371911107,0.15353102301022054,0.1972289604905688,0.19646940073968824,0.19554406626417964,0.8008473418639134,1.0353755720610751,0.23642160634718512,0.07321007497947729,468,457,2.015188505873084,0.004305958345882658,0.20509113371372223,0.5370648615062237
31,0.8222735954564521,0.8222735954564521,0.78752980980537,598.6935254329501,0.4761121654098936,0.16266055398894627,0.16024053699343938,0.1601264739513684,0.19523837374676892,0.19706877764510622,0.1955234492128819,1.4877712734652007,1.5578946311409247,0.07118238880817852,0.199067132083251,0.19721071367248155,0.1969416583095426,0.22979347748743603,0.23125152557248219,0.2299478600620896,0.9325589771359544,1.0677170819035593,0.13643039869820747,0.0315753448136783,407,314,1.1652334928512573,0.002862981554917094,0.16818548738956451,0.15160399302840233
32,0.2660538743240671,0.2660538743240671,0.4954626883797705,748.0274143513009,0.5317237447232497,0.10623071612324379,0.10842565536023548,0.10614554290756524,0.17408590319340614,0.17347329351361476,0.17230030302283766,-2.066200169869155,0.08017757837548455,2.1029270656421177,0.11004693709257968,0.10910560790677248,0.10862572665945724,0.18091293628676441,0.17912939712027748,0.1786073023796864,0.8553888101540504,1.29145841826275,0.4398318808005575,-0.26049177661192124,315,470,1.7044830415397882,0.005411057274729487,0.21199622750282288,3.665662696585059
33,0.7125618093905193,0.7125618093905193,0.7338946595250223,681.2184354444436,0.5083764789466657,0.28846983481547134,0.28665364698649975,0.2863026239011535,0.2492203327263405,0.24782863438455321,0.24711715716368393,0.6295936731594011,0.7512781763487133,0.12245547511306135,0.27884957454536646,0.2771727789040198,0.2767072146399478,0.26745722796965526,0.2658605322423219,0.2652539174184605,0.6013262326401185,0.7682851619592926,0.16796897080330997,-0.022059805466669413,312,315,1.7182332444936037,0.005507157834915397,0.1451488733291626,0.3002932723611593
34,1.633419643996624,1.0,0.8486770941029652,403.6590199130844,0.3799398710905196,0.17130871058877103,0.1655702615790641,0.16611351737947716,0.128484262007368,0.12526513711875914,0.12500612159702137,3.349770709256089,3.032649765116153,-0.32811194186200093,0.27978543952565277,0.27488182652598575,0.2752190871323869,0.19195034214136406,0.18831339900949942,0.18815390870878465,1.7526333779129413,1.6320907910746312,-0.12269294433303496,0.09272262911127349,249,174,1.8584362529218197,0.007463599409324577,0.3560624122619629,0.020597299560904503
35,0.9629637464553552,0.9629637464553552,0.8438643793313632,486.2526708243045,0.4246665353268338,0.12957075067437654,0.12674718356860767,0.12678625606132624,0.20070051353171228,0.19876025583059545,0.19831054626856753,2.179170137606715,2.1490148035400365,-0.03082710922520163,0.19613883090983894,0.19264780312249177,0.1927698887575149,0.24032335402067095,0.2376507468456625,0.23745498971233037,1.779875902774154,1.7176314025613126,-0.06337245120076097,0.08790991433967144,344,362,0.9973875787109137,0.002899382496252656,0.11797056347131729,0.46772734448313713
36,0.744542139087354,0.744542139087354,0.7509320171608141,517.7933393588388,0.4400897654849302,0.0889154549211579,0.08732727647930567,0.08711549775604384,0.17394717279289057,0.1733781414530792,0.1724702976717297,1.786166919193612,2.024346798551617,0.2425115402654533,0.09097148426230287,0.0885797138075957,0.08859545667294148,0.179333021483139,0.17757435104383243,0.17705055972634542,2.6291430486182295,2.6118377738132277,-0.017772540313209205,-0.005022447830877574,424,464,1.508839188143611,0.0035585829909047426,0.14349167048931122,0.4820479154586792
37,1.7091160092664086,1.0,0.8964365944343731,893.6106890789385,0.575639007031613,0.5266057053210882,0.513053640924428,0.5139368633483016,0.32949754489484473,0.3253628601144087,0.325357042568828,2.5734746622992075,2.405754788596911,-0.17215011324784987,0.3826818040073022,0.37909623683293253,0.3790442628846689,0.31146699088706287,0.31044179918906034,0.31013122595736914,0.9369578424745858,0.95053934745323,0.013709961538479244,0.14048212944268135,318,262,1.0502105709165335,0.0033025489651463315,0.19183005392551422,1.0255587790161371
38,1.404576352853702,1.0,0.894638204933249,867.1135651474409,0.5682699334648179,0.44288720513107505,0.4330491253313681,0.4335730982874249,0.29743520000795703,0.29365571994358897,0.2934335356310397,2.221351099270373,2.1030426564013234,-0.12099619313533672,0.47858736850231,0.4703649688850155,0.4707047714990949,0.29853027788603964,0.29522907923984804,0.2950384089708728,1.7180561290252268,1.6470549625835014,-0.0722423302238875,0.13868373994155725,263,238,1.1113873766735196,0.004225807515868896,0.206940159201622,0.2646913081407547
39,0.4281827891339201,0.4281827891339201,0.600942640836527,591.0927070823768,0.4729262336335254,0.014683635160526011,0.01521607833715075,0.014114641206396817,0.07913941442152746,0.08099579522623089,0.0778436803537293,-3.6260991968535414,3.8750210551323128,7.238639985604722,0.02048724606253221,0.021671602942023152,0.02036477078519955,0.08721317166726615,0.09099691582114221,0.08731611606152781,-5.780947209185602,0.597812302145615,6.0301591918221265,-0.15501182415516468,538,624,1.204848153050989,0.0022394947082732134,0.06420847028493881,0.8486721776425838
40,1.0792079565493329,1.0,0.8788714078451323,668.495790942727,0.503663969304974,0.14801875346622317,0.14316226539385504,0.14330422194559647,0.17990974545816954,0.17736320028288832,0.17684736791231742,3.280995116254879,3.185090679541849,-0.09915779926427608,0.21235291572534992,0.20786644475683783,0.20798778632713702,0.22148196666564066,0.21906732387454983,0.21861147549641627,2.112742814567588,2.055601348021335,-0.058374775419447404,0.12291694285344057,544,464,1.1744987266138196,0.0021590050121577564,0.09286411106586456,1.2694303393363953
41,1.489353222256651,1.0,0.8590497857689747,481.84439401348106,0.4224429706274822,0.08727800188395712,0.08129874360777382,0.08177563178156935,0.1376696906786867,0.1329412964196938,0.13281516326466905,6.8508193898998595,6.304418047635416,-0.5865873845434532,0.20260868153390332,0.19617100602371065,0.19662253998099413,0.19335397508958124,0.18918378538784464,0.18885378972575995,3.1773937135637635,2.9545335903622205,-0.23017364616507244,0.103095320777283,357,347,1.7531423000618815,0.004910762745271377,0.16586677730083466,0.8027503341436386
42,0.7055119089990258,0.7055119089990258,0.7307041677435613,660.2873597978528,0.5005752930482298,0.10965290013249261,0.10795090189097166,0.10759441982034704,0.165992688102753,0.16613403234027183,0.16454086433372378,1.5521689252764341,1.8772693742329947,0.3302261161140298,0.4545512395107915,0.44837345632999676,0.448526448335481,0.33600931438305404,0.3377891713307963,0.3352735431434176,1.359095002676391,1.325437189830275,-0.03412155722519903,-0.025250297248130438,484,469,1.4455150114372373,0.002986601263300077,0.14180037379264832,0.2578583173453808
43,2.035616352300796,1.0,0.8707859008259689,585.4428247541963,0.4705328283525771,0.25469700512889815,0.2434209719281442,0.24446488515470635,0.23173260114586614,0.2285496937086942,0.22841654318501067,4.42723431123477,4.017369567817839,-0.4288509812007158,0.25111387144711117,0.2428060857576752,0.2435235989703944,0.2396705706631458,0.23653852925891325,0.2364670830000754,3.308373863044728,3.022641653754838,-0.29550874331679533,0.11483143583427713,387,414,2.1589237740263343,0.005578614403168822,0.18409787118434906,9.52614887431264
44,0.7528361149365197,0.7528361149365197,0.7556918760974113,60.57425315998394,0.0842076385378707,0.009002837393917013,0.00881074228512021,0.008787538477945984,0.06673163688548557,0.06568942093160493,0.06558991117445981,2.1337174092091975,2.3914562326372915,0.26335814195148255,0.011100288593724058,0.010903702551161548,0.010873373038502599,0.071606076767919,0.07091372299785492,0.07073852658895839,1.770999383508428,2.0442311324207667,0.2781579240321275,-0.0002625888942804355,445,355,1.835018651559949,0.00412363741923584,0.3726680874824524,0.9472735300660133
45,0.7376401683825338,0.7376401683825338,0.7455211641451308,872.1159577296083,0.5696806745689463,0.5931954628459779,0.5905960023923862,0.5902198741029273,0.4243867033669334,0.4202128005305184,0.4202621606397874,0.43821313823276203,0.5016202802318467,0.06368622339725573,0.3552318378524433,0.35196695432803277,0.3521177573599254,0.29485154011822734,0.28976350458374356,0.290213370277047,0.919085277983074,0.876633274580363,-0.04284579277635368,-0.010433300846560911,240,248,1.5676080863922834,0.006531700359967848,0.3529249429702759,1.338679478969425
46,0.6119223437930732,0.6119223437930732,0.737602050967949,96.1970235482278,0.1274188970558523,0.013099770291432965,0.012964728695739667,0.012883400850723432,0.05559241265182713,0.055455691977457325,0.05479871145104473,1.030869951831235,1.651704082559634,0.627300786039279,0.01378664291135689,0.013508362819518038,0.013472123862184123,0.05851470211424989,0.058013214392955856,0.05751613207147705,2.0184760976844855,2.2813316569886455,0.26827053594942923,-0.01835241402374277,500,421,2.0588268134742975,0.004117653626948595,0.19991572201251984,0.8335963729768991
47,0.8874488679498711,0.8874488679498711,0.81785492523339,585.9438945941106,0.4707459697838634,0.15940883231250982,0.15656135967250095,0.15653260764612456,0.16089375760469007,0.16023097837835518,0.15926293658936783,1.7862703080508104,1.8043069663458964,0.018364701505236215,0.4033612365741596,0.3903506730003791,0.39154691474534764,0.26122045566176066,0.2560255228101306,0.25553355682433926,3.2255364160131568,2.9289680706935926,-0.3064531017133295,0.06190046024169826,411,447,1.9174006078392267,0.004665208291579627,0.13444183766841888,1.6546528935432434
48,1.129721124819444,1.0,0.8691295864212047,569.6958959935621,0.4637459211276295,0.1755757720562534,0.1710761039292455,0.17125860118653458,0.24976017662324648,0.2462295224926027,0.2461800179035146,2.562806971776408,2.4588648075747255,-0.10667606585462149,0.24469372115085952,0.24008123183196878,0.24019297976273507,0.28164016401669806,0.2787345591728469,0.2785225509671118,1.885005180025455,1.8393366887210143,-0.046545883621800295,0.11317512142951303,458,407,1.3871092107146978,0.0030286227308181177,0.1196998804807663,0.6769327186048031
49,1.4147918959246184,1.0,0.87368440458715,613.9931758585561,0.4824097256745563,0.19523475675701327,0.18818985432087504,0.18865478888700432,0.26541916455097975,0.2607599865077631,0.2608101181373539,3.6084263648332997,3.370285075929534,-0.24705612733858706,0.20457390437475828,0.1987478168316495,0.19904715960950767,0.26225531872390623,0.25884986730653664,0.2587819093526313,2.8479133547923086,2.7015883487887034,-0.15061437284200954,0.1177299395954583,307,393,1.2023222343996167,0.003916359069705592,0.21074959635734558,3.9104886120185256
50,1.7159206190677407,1.0,0.882775511178064,712.699707429717,0.5196614073765158,0.36100102596016237,0.350131742026446,0.35094336420830846,0.22550811201266763,0.22249125416905202,0.22220822419503639,3.010873419211792,2.786047969005995,-0.2318047992921414,0.589112854243473,0.5838786862944867,0.5840599638754473,0.24647012311745967,0.24579307388836888,0.24520495020311814,0.8884830658988013,0.8577117833414989,-0.031047131059210902,0.12682104618637224,170,225,0.7057115063071251,0.0041512441547477946,0.12423573434352875,0.1573774954304099
51,0.974222686582612,0.974222686582612,0.8740476536370206,776.60279969532,0.5410461852145381,0.32488932634332235,0.32027008760562553,0.3203157253290722,0.1972430479092256,0.19451560976796334,0.1941371421022563,1.4217883947395369,1.4077412347542158,-0.014249761439749608,0.314850895568499,0.3083249991485971,0.30870661391249604,0.18236173297210742,0.18028864898660515,0.17993307416729087,2.0726942536144355,1.9514893374874323,-0.12377029593860457,0.11809318864532892,300,341,1.4960634652525187,0.004986878217508395,0.16405723989009857,0.6783862374722958
52,0.7393542430159991,0.7393542430159991,0.7471849080633424,737.7557459817824,0.5282794977796365,0.2203737871029024,0.21815894453680051,0.21784490749160781,0.2614919972627316,0.25987580097456653,0.2587887265295605,1.0050390271995793,1.1475410231588636,0.14394873694473986,0.29335611185085153,0.2883963142798769,0.28870607720856817,0.30328470933818286,0.2988756492417395,0.2986693439920971,1.6907087906511082,1.5851159919407232,-0.10740876819620844,-0.008769556928349354,352,439,1.749130891636014,0.004969121851238676,0.17439714074134827,1.2346048671752214
53,-0.3467460002447272,0.0,0.1177520804741666,3570.4538999405886,0.8442338977712622,2.244784699305348,2.2827044710145703,2.24692365946145,0.5521086724435719,0.5666645101765324,0.5518381468208415,-1.6892386927332794,-0.09528575977749931,1.5674745464189261,0.3931913448273233,0.3902536875867435,0.3923220362012876,0.24011694658005273,0.23938354515915214,0.23934504803850962,0.7471317156968291,0.22109047858556197,-0.5300010429970219,-0.6382023845175251,158,162,0.7918284274637699,0.005011572325720063,0.1584661602973938,0.681245569139719
54,0.8657978081148668,0.8657978081148668,0.8097922653411276,633.2714276724308,0.4901325726135604,0.19204029670026176,0.18913480176517813,0.18907573198638705,0.22120226182514172,0.21848440871382308,0.21810930180405033,1.5129610737992938,1.5437201279176482,0.03123157570145164,0.4492613898727768,0.4412304583731168,0.4416467086179755,0.3320007163816111,0.328411390451825,0.32803699926229873,1.7875855082793164,1.6949333787525458,-0.09433851107955538,0.05383780034943586,430,435,1.7634951770305634,0.004101151574489682,0.11255157738924026,1.7502104956656694
55,0.8701668767132847,0.8701668767132847,0.8175985222217607,772.5034519457415,0.5397316832809207,0.3650344863748144,0.3614478519420306,0.3613795757289342,0.3775462851275485,0.37502379216329196,0.37464999291311757,0.982546736447542,1.0012507810364422,0.018889644171231054,0.3331765418572077,0.3282887036575959,0.328513950796741,0.36402622072328694,0.3612557717936817,0.36095086635063384,1.4670415186993049,1.3994355768495153,-0.06861251594573779,0.06164405723006894,415,349,1.1299458034336567,0.002722760972129293,0.15487413108348846,1.6729708686470985
56,0.9272083418265772,0.9272083418265772,0.847805423823556,762.0453689019979,0.5363438219878803,0.554044213928871,0.5499609290296481,0.549965737681819,0.5895781749638056,0.5876513613691065,0.5876370163437259,0.7369962173717703,0.7361282988825949,-0.0008743625077839709,0.2574627593274473,0.25916348953988927,0.25833530630436996,0.2846498318371173,0.2864827921491715,0.285624277941404,-0.6605732871366312,-0.33890220830460277,0.3195601498458132,0.09185095883186423,148,118,0.6209990419447422,0.00419593947259961,0.09780372679233551,0.011005212552845478
57,0.689822523448206,0.689822523448206,0.7205028047993298,761.2211328251497,0.5360746919709041,0.14247202325306452,0.1406596497288952,0.14020484956967552,0.1864191497846736,0.1845958445588777,0.18354843638417973,1.2720908167002827,1.5913114951431206,0.32333377773671684,0.5778092395195829,0.5662902130992274,0.5677424116522721,0.33454098309131236,0.32990576364925367,0.3293650396205456,1.9935690938297996,1.7422407221595742,-0.25644069409163917,-0.0354516601923619,369,386,1.7543450854718685,0.004754322724856012,0.1718822419643402,1.2613606918603182
58,1.928983132273842,1.0,0.8516661519883217,425.0678952245663,0.3921878226265093,0.1555573131201932,0.14793872426374313,0.14873205375622517,0.20539262031295605,0.20173514823514602,0.20171343257744825,4.897608928590498,4.38761715991739,-0.5362554641661637,0.2927499400518644,0.284167131981386,0.2849962281347699,0.2840334371939391,0.2805896816689999,0.28054937859052936,2.9317881564579804,2.64857848159451,-0.29176356449210994,0.09571168699663002,399,295,2.046420868486166,0.005128874357108185,0.16012312471866608,0.9399574752897024
59,0.9801195643493238,0.9801195643493238,0.8349367536171295,358.3835857667451,0.3523398104868669,0.06347886840671836,0.06132069347359225,0.06136717891190929,0.13552154526592694,0.1330455213181613,0.13262925521453053,3.3998320815966165,3.3266022974435625,-0.07580709819770746,0.1982882763822053,0.19451553779536476,0.19467674529852358,0.20029585702182817,0.19771128664689738,0.19732518350840103,1.902653377029968,1.8213538135358132,-0.08287641439133313,0.07898228862543777,321,353,1.4038330251350999,0.004373311604782243,0.2908766269683838,1.7636112701147795
60,1.6807055090838394,1.0,0.874867280202828,626.0245625228058,0.4872566720267511,0.21025222738790575,0.20098132319123108,0.2017116194636087,0.24121058987611604,0.23728292260114736,0.2372669239539988,4.409420205366138,4.062077263295779,-0.363365242492082,0.28896737591927596,0.2810838248275291,0.281712413114051,0.2751626654676684,0.2711004110261763,0.27113269384152183,2.728180323701723,2.5106511702731704,-0.22363018822146732,0.11891281521113628,293,316,1.3351216772571206,0.0045567292739150875,0.1869611293077469,0.7918604612350464
61,1.2789792719167774,1.0,0.846779972714045,390.5043675503405,0.3721662341384827,0.11817929368477487,0.11436388620039441,0.11463074358642032,0.13977093919655825,0.1389679204907666,0.13841598162100865,3.2284906817580694,3.002683454700412,-0.233340606805118,0.3248119136473526,0.3162214495075314,0.3169747081779792,0.2567241593828556,0.25362870241999436,0.25332041327872395,2.644750324382459,2.4128442154010012,-0.23820606464895958,0.09082550772235332,402,382,1.679522069171071,0.004177915594952913,0.2599174678325653,0.994663193821907
62,0.791777945715491,0.791777945715491,0.7750165843610612,749.1960731725426,0.5321124297311957,0.27753247893204724,0.2747906706442638,0.27458828264407886,0.3177192779283534,0.31479685954341347,0.31446824111173055,0.9879233948884021,1.0608474724463715,0.07365169993233384,0.2433532446269484,0.2399366499374612,0.23993165276281167,0.27585535517540544,0.2731716609154805,0.27276720607685523,1.4039651267952997,1.4060185921835193,0.0020827058520764335,0.019062119369369523,383,359,0.8778253179043531,0.002291972109410844,0.20056650042533875,1.169873958453536
63,0.6985951695273207,0.6985951695273207,0.7237734615544206,841.9899581667062,0.5610425158945781,0.14377166303555217,0.14167434291611586,0.14119799399641503,0.2036915494102148,0.20255411808109297,0.201377447698145,1.4587854624159686,1.7901086937421848,0.33622807764343954,0.10647149504538914,0.10621757664853877,0.10552161470622601,0.1759535840207645,0.17524080648347265,0.17434485723376136,0.23848486089362947,0.8921452063373312,0.6552229529916871,-0.03218100343727115,510,437,2.0976579692214727,0.004113054841610731,0.13356183469295502,1.1466538244858384
64,0.6857812895655713,0.6857812895655713,0.7176036053758198,793.9203207860293,0.5465173748086739,0.1323177222703299,0.13046773806142037,0.12998119331037924,0.15285123620335178,0.1508406445913709,0.1494247127770856,1.3981378889896114,1.7658473255585807,0.37292342020375385,0.18781833285035193,0.18533182055328518,0.18477256472048428,0.18612368532196727,0.18428486441841044,0.1829447155377359,1.3238922203872054,1.6216564611370639,0.3017592074212099,-0.038350859615871924,394,302,1.9849642310291529,0.00503798028179988,0.15777605772018433,0.8495742920786142
65,1.1398509123240894,1.0,0.9098445329976292,1124.4809977622024,0.6305793220134038,0.41633873778446406,0.40731430229995114,0.4075494482524903,0.21865462775197403,0.21525063939855751,0.2149431372332106,2.1675704577806596,2.1110909781649805,-0.057730836165430434,0.5986305260042897,0.5744032068859231,0.575624988046783,0.3191929287736708,0.31465944507535626,0.3143863718864683,4.047123904635797,3.8430278708075525,-0.2127044463215472,0.15389006800593752,414,553,1.5504733733832836,0.003745104766626289,0.21081967651844025,1.0789622478187084
66,0.9518469777878492,0.9518469777878492,0.8248683584525122,357.5277725356955,0.3517944227533142,0.06203807196957717,0.06001183471923255,0.060042787580802906,0.10036340713427636,0.10113263699977676,0.10011514941750556,3.266118991154764,3.216225658580637,-0.051577929112101836,0.1291059115459346,0.12984487996097904,0.12911615275348282,0.15452571976765447,0.15734920648761155,0.15595139996623378,-0.572373802404495,-0.007932407916564731,0.5612290663407167,0.06891389346082044,403,512,1.6827819291502237,0.004175637541315691,0.14139573276042938,1.37599575240165
67,1.7317590616936145,1.0,0.8987342736929953,928.8335851682092,0.5850539682950673,0.3550779451640704,0.34072791524564383,0.3416509411339307,0.2606105791288506,0.25823133306947377,0.2577846417015445,4.041374609114583,3.781424392307861,-0.27089822905217786,0.3407979068077116,0.32530045453487405,0.3264260044624728,0.2594124509297106,0.25473362419824064,0.25457629537573756,4.5474024233316905,4.2171333972857665,-0.3460031831827822,0.14277980870130358,438,335,2.7926379293203354,0.006375885683379761,0.22478947043418884,1.3830436747521162
68,1.1340105997850165,1.0,0.8342483780308246,311.1743627636708,0.3208168223051794,0.103412791563458,0.10093828017005149,0.10107858837473893,0.17651216831174135,0.17409980890089827,0.17400364163956003,2.3928484629370637,2.25717065889931,-0.1390039581128795,0.3116358599469263,0.3091487390386189,0.3090187653358727,0.36555921827865084,0.36412778325756745,0.3638730435569299,0.7980855953903883,0.8397925102391273,0.042042449582808644,0.07829391303913291,412,445,1.4777436265721917,0.0035867563751752225,0.12590782344341278,0.3630319517105818
69,0.6145396682563826,0.6145396682563826,0.6488470473281331,2056.674692663495,0.7573989436482743,1.1009025425914734,1.0979478612121714,1.0960466512027645,0.5587761437330913,0.5505774782435616,0.551539416902067,0.26838718823800795,0.4410827662617944,0.17316031813276692,0.720992997278388,0.7148738082569853,0.7148591861501826,0.4157553883099813,0.4049870051727138,0.40696297177375274,0.8487168453093729,0.8507448964635301,0.002045410901030113,-0.10710741766355858,279,227,0.8888842966407537,0.003185965220934601,0.09842551499605179,2.041412123478949
70,0.8544877675864354,0.8544877675864354,0.7921846463161764,383.0842524266379,0.3676947830876558,0.09008343701084064,0.08838016235902149,0.08833861896758988,0.1519005810893593,0.14930450008124616,0.14907564962554753,1.8907744956646946,1.936891065824662,0.04700533504663081,0.24039407412753147,0.2352245774430029,0.23562090215590495,0.24382767378461273,0.2392810920155215,0.2393790695479675,2.15042600500464,1.985561411590498,-0.1684877988560016,0.036230181324484634,433,364,2.054230749607086,0.004744181869762324,0.345580130815506,2.474323181435466
71,0.6196465647709994,0.6196465647709994,0.6798620926046467,832.4654609099813,0.5582389007815837,0.13203834831391817,0.13078908039438694,0.1300527438434299,0.1916370304763106,0.19360626104966355,0.19112802307353755,0.9461402202344438,1.5038089281210425,0.5629954341269574,0.2092907030590974,0.20483185154697467,0.2050912908530297,0.2444164924061913,0.24413233826111827,0.2427406304169968,2.1304584708971395,2.006497252236708,-0.1266596499009553,-0.07609237238704503,645,507,1.6527464259415865,0.0025623975595993587,0.1278044581413269,1.0066181905567646
72,1.0379528642957012,1.0,0.8748215059605997,625.5547495336376,0.4870691076764065,0.1123433450173584,0.10812250705220937,0.1082212559323776,0.18441186402859966,0.18168417368447923,0.18137068018759972,3.7570876712784944,3.669188490287428,-0.09133054981840422,0.18732598375896203,0.1833636370660413,0.18330417030812898,0.22940095069515468,0.22887389101199726,0.22824003649139202,2.115214671990831,2.14695973838207,0.032431052777877854,0.11886704096890799,350,461,0.9901922941207886,0.0028291208403451104,0.16083231568336487,0.6087299138307571
73,0.0278406114182276,0.0278406114182276,0.1143983106619658,4882.728405259321,0.8811206532894174,0.22710985196106034,0.25602599256960556,0.2273155384768445,0.24158631150734788,0.26079730831213893,0.24149891384421937,-12.732226435294892,-0.09056697188962748,11.213882545521463,0.37278182343074706,0.383057487006937,0.37100698418142186,0.30578976672409863,0.31590006001542453,0.3049594938929513,-2.756481923292825,0.4761067031088541,3.145873200305543,-0.6415561543297259,477,382,1.6604086169973016,0.0034809404968496886,0.2150648683309555,0.431085666641593
74,0.9628702584348386,0.9628702584348386,0.8619927016542379,692.4709174311998,0.5124704832726158,0.2843769601682686,0.2803567390099555,0.28039494469861265,0.19860770589859278,0.19839455408005482,0.19763637135511167,1.4136943991293358,1.4002595242947016,-0.01362752641226434,0.5549401665591814,0.5531694359285764,0.5521685926898785,0.25734213728918526,0.2526512805063633,0.25192014164873267,0.3190849639852529,0.4994365224070262,0.18092887525822998,0.10603823666254619,534,320,2.384062072262168,0.004464535715846756,0.2974679470062256,0.13797763548791409
75,0.953893153520152,0.953893153520152,0.8444995928684725,533.2200947018098,0.4473361349165934,0.09481315251129173,0.09177751948017947,0.09181042810393807,0.15947968177578775,0.15941567778704538,0.15869708284213127,3.2017003450557495,3.166991422414791,-0.03585695488937847,0.14227329308993675,0.13883386295481318,0.13888220063940557,0.18013694484505818,0.17893569148369173,0.17842512817501008,2.4174812155007674,2.3835059812578687,-0.03481692691078173,0.08854512787678082,506,462,2.3643341716378927,0.004672597177149985,0.26413199305534363,0.871770117431879
76,0.8653557016322525,0.8653557016322525,0.807594265288037,588.9523601019503,0.4720220893481177,0.14555650656707242,0.14285761655662416,0.14280297955537835,0.19226597894257477,0.19068192885873175,0.19001593869999,1.8541871291783267,1.891723755011421,0.03824577405304038,0.18429034326120902,0.17979833749606203,0.18009890094232123,0.20727207328748962,0.20450694673783787,0.20404936881072142,2.437461282917101,2.2743689358410593,-0.16716697742868894,0.051639800296345295,413,371,2.0077477265149355,0.004861374640471999,0.2038193792104721,1.3491766806691885
77,0.9918127996881764,0.9918127996881764,0.8595330777826296,515.8345338209133,0.4391560422243646,0.11517092699566124,0.11198893288751469,0.1120453212164516,0.18582976689581857,0.1835753027370538,0.18305230946750492,2.762844922023097,2.7138843636531584,-0.0503516976927963,0.25255376592854495,0.2484003298955182,0.2484693682013618,0.25270788707635666,0.25029804358331886,0.24977560034304033,1.6445749750577427,1.6172388925448593,-0.027793161898239223,0.10357861279093783,434,566,1.743030701763928,0.004016199773649603,0.12949170172214508,16.341594614088535
78,1.1676513199013054,1.0,0.8910604419424744,817.0009277520343,0.5536097062631491,0.14436009064838534,0.13751843216235485,0.13776639528817874,0.16400593968278598,0.16089979916084976,0.16043796359479456,4.739300491778278,4.567533402473897,-0.1803126474937923,0.19359225486739393,0.18972747506721688,0.18973903594069166,0.22209553071270685,0.22049777882737157,0.22002967429150352,1.9963504236387608,1.990378659178088,-0.0060934102826649085,0.13510597695078264,254,151,0.890365494415164,0.003505375962264425,0.16938544809818268,0.38097178749740124
79,1.2258097825131489,1.0,0.8939258238206114,856.8659211236276,0.565350883490749,0.3343977755598687,0.3265972328665405,0.3269151232888065,0.36533832967751434,0.36116520053588125,0.3611634750340585,2.332713691132682,2.2376501334478984,-0.09733408316900494,0.31781615842117145,0.3123999633867191,0.31247843055285773,0.35744495087539413,0.3552239687792743,0.35500362389956347,1.704191209584371,1.6795017266680732,-0.025117533717984166,0.13797135882891964,408,321,1.1944585517048836,0.002927594489472754,0.10980812460184097,0.4462016224861145
80,0.6815507285265893,0.6815507285265893,0.7203795105557895,603.5651856434788,0.4781339772174999,0.13169686078136048,0.1303224666015634,0.12994432135377795,0.22338261155639572,0.2223515956945083,0.2215303953736021,1.0436043590126258,1.3307374353379922,0.2901612113754443,0.17988942262320073,0.17810076384829493,0.17787281123013773,0.26615902761935584,0.2644841223013991,0.26409579218014795,0.9943101427660691,1.1210283315473344,0.1279908144309612,-0.035574954435902195,491,562,1.432286411523819,0.002917080267869285,0.11892381310462952,1.83409577421844
81,0.7443255168401958,0.7443255168401958,0.7489721846826274,989.8952666361544,0.6004223441452112,0.15617511086074165,0.153141588476654,0.15273591213196522,0.18227302730452855,0.1803133970440046,0.17940761636966357,1.9423852926172052,2.20214265245062,0.26490279271891937,0.21328472186503725,0.21172620093875177,0.21112789218518438,0.21642684181346689,0.21321577398538896,0.21262367546791575,0.7307231913552987,1.0112443408945488,0.28258607149923487,-0.006982280309064337,367,347,2.2470660097897053,0.006122795667001922,0.22728455066680908,0.98141217418015
82,0.9872518858962755,0.9872518858962755,0.8593135332157368,532.2080357795453,0.4468664969104144,0.12151083358447283,0.11825828279776383,0.1183123717492569,0.21139275396723672,0.20864312688562328,0.2084245807706311,2.676757858341794,2.63224417186834,-0.04573798148715834,0.18435303755165783,0.18008082207262488,0.18019325147659676,0.2610108206635444,0.2573180281611243,0.25719694799387116,2.31740986520812,2.2564239408832347,-0.062432746962105296,0.10335906822404506,472,534,2.1939552500844,0.004648210275602542,0.17737427353858948,2.3743995744735003
83,1.671127982961952,1.0,0.8792879455094293,673.0757482452683,0.505370772358277,0.1929463679631802,0.18305952967019548,0.18380496256153975,0.19937108730258846,0.19487150000513037,0.19478708433164574,5.124138068704887,4.7377960508616095,-0.40720791356082725,0.2632413684269693,0.25523892216443667,0.25568796230314167,0.21712349220878363,0.21341839205869223,0.21315762764539328,3.039965302700045,2.8693841583349715,-0.17592933510967862,0.12333348051773763,371,312,1.446872103959322,0.0038999248085156927,0.22837714850902557,0.4909573905169964
84,0.6782949632464418,0.6782949632464418,0.7129862328459268,815.9450053564001,0.5532900827346999,0.18788238870367105,0.18605769869838887,0.18553427190921143,0.2055030369478019,0.20339404688154927,0.20255499659008824,0.9711873570865073,1.2497801473894825,0.2813249829699047,0.22910865950121806,0.2246508829568383,0.22477623151802065,0.1985979896220359,0.19498413708093598,0.19421014991847235,1.9457040838546131,1.8909926812148183,-0.05579704808301639,-0.04296823214576495,428,372,1.8082445673644543,0.004224870484496389,0.127101868391037,2.0796207673847675
85,1.13979554145524,1.0,0.8747628286852596,624.9530060028204,0.4868286719096221,0.27014736155007635,0.26513228344878625,0.26533098925677007,0.3165277996520724,0.31342387489697526,0.31328560942964356,1.8564231286635997,1.782868529853654,-0.07494591205532872,0.5201450961497333,0.5105872718347024,0.5110250708106469,0.4062361266700052,0.4021389917111471,0.4021322422863667,1.8375304094531795,1.7533617843550784,-0.08574420086330681,0.11880836369356784,381,464,1.0632967855781317,0.002790805211491159,0.0820126086473465,0.25259703025221825
86,0.989430728592862,0.989430728592862,0.8717726609243848,648.4681956446959,0.4960598312920425,0.18572541649039287,0.18174462854307596,0.18180047202408514,0.2363923017643167,0.23449279439701504,0.23416227988594926,2.1433727394671487,2.1133049748798145,-0.030726344683106345,0.2263375496888935,0.22395018571693254,0.2237827561839325,0.23774547575565355,0.23586154282784125,0.23542147697288177,1.0547803381464762,1.1287537169473716,0.07476195318348898,0.11581819593269305,377,397,1.5881043504923582,0.0042124783832688546,0.10802782326936722,0.42839913070201874
87,1.2182491786574985,1.0,0.8615612779816244,502.5368946408364,0.4327340509890393,0.25106033889327667,0.24653311242552545,0.2467839571583283,0.267534271551915,0.26371856264884286,0.2636352818598751,1.8032423949191363,1.7033282731153423,-0.10174890112524876,0.2694022853639325,0.2653885690824218,0.26552601777512075,0.2801041125705502,0.277182395658494,0.2769951373813656,1.4898597746075612,1.4388399057474066,-0.05179148942780981,0.10560681298993269,278,311,1.730183420702815,0.006223681369434586,0.24313855171203613,0.5043434603139758
88,2.237640672933281,1.0,0.8812189701296045,694.7275751225342,0.51328333105397,0.4612629811106126,0.44612166449485374,0.4474641239341315,0.26698795741116294,0.2621057375876552,0.26208922442312965,3.2825778863289927,2.9915379602448713,-0.30091778680997666,0.5303588520342842,0.5206182496858172,0.5211343596905857,0.32087862561098784,0.31807809556968997,0.31776341331747443,1.836605971806691,1.7392926144847647,-0.09913405937652986,0.12526450513791276,369,377,1.947148960083723,0.0052768264500913905,0.17589643597602844,0.5321959145367146
89,1.061464779163262,1.0,0.8665015455199988,545.5124118576082,0.4529772713298918,0.12680170361369372,0.12296006697594475,0.12307718007557057,0.1505655129893916,0.14928583389497396,0.14861700397394625,3.0296411864091892,2.937281938632351,-0.09524482419868467,0.3222382002113138,0.3129672667414912,0.31343052783695835,0.2381059737987736,0.2338671709811387,0.23341781213306836,2.8770435856900147,2.733280029673585,-0.14802221979648025,0.11054708052830708,399,482,1.9886199617758393,0.0049840099292627555,0.12304070591926575,5.143172949552536
90,0.8333715808751393,0.8333715808751393,0.7981699407412772,790.0278217115633,0.5452989983912793,0.23602968251707054,0.23272629068660533,0.232594867730286,0.22904852465502212,0.2269538247885355,0.22615995681826243,1.3995662728675236,1.455246963074704,0.05647103983464363,0.09196562690505387,0.09310739656588227,0.09230572742841754,0.1310254979204276,0.1327452231072913,0.130985112079441,-1.2415178357965917,-0.369812651540766,0.8610155229691859,0.04221547574958551,377,309,1.0528676956892014,0.00279275250845942,0.07982424646615982,0.4860839620232582
91,0.6379610259670546,0.6379610259670546,0.695073514820575,702.2373622067083,0.515968944327529,0.3558888552589083,0.3546737064158113,0.35411083499200713,0.37776928218777156,0.3772271012638501,0.37624935896492717,0.3414405439060356,0.49959987243985304,0.1587011987700834,0.5226714233287405,0.5143532163919499,0.5155552472860158,0.4786935105804645,0.4770169653552918,0.47652857757388223,1.591479190466245,1.3615008827924646,-0.23369755564042594,-0.06088095017111672,451,342,1.5723551753908396,0.0034863751117313515,0.348611444234848,0.5845779869705439
92,0.7531288080558736,0.7531288080558736,0.7548158204917083,444.634815275053,0.4029662927406381,0.06773145487484919,0.06631978167583857,0.06614984655424432,0.17532585860270541,0.1728300275929819,0.17257402153645485,2.0842209895225716,2.335116414562911,0.25623594846086284,0.08473094678672792,0.08445975847453405,0.08398134724566866,0.1812701200420444,0.18084237221047772,0.1800759838058993,0.320058163490688,0.8846821255828009,0.566436889598295,-0.0011386444999834655,376,456,1.1920343721285462,0.0031703041811929423,0.0850086435675621,5.255236918106675
93,1.0028443343679214,1.0,0.8800233775935825,681.2396874601422,0.5083842759002619,0.1317190310675753,0.12742245373983718,0.12748686637232612,0.17951700734788417,0.17656071180787472,0.17625461016380958,3.2619260048563934,3.213024466508536,-0.05055045684526647,0.15833587744223887,0.15318372000332894,0.15334827392730752,0.1946857107415612,0.1910514926391749,0.19079474390339388,3.253941887421845,3.150014763236992,-0.10742259293284953,0.12406891260189079,314,342,2.398285297676921,0.007637851266487009,0.23182615637779236,0.38840228132903576
94,0.9090027051973688,0.9090027051973688,0.8227523763216712,510.1944381176149,0.4364500450329361,0.19222359075992754,0.18960630567354939,0.1896036135722964,0.16492758148819542,0.16434854010280756,0.16345006450862165,1.3615837036604623,1.3629842087921862,0.0014198374064688947,0.7033447388825405,0.6961104657129878,0.6957676200119345,0.3035203663364681,0.2993500749905269,0.29840253344221346,1.0285529655125125,1.0772980093153663,0.04925162283003524,0.06679791132997948,552,328,2.1786132752895355,0.003946763179872347,0.3148932158946991,0.5465502217411995
95,1.2639992271324714,1.0,0.8587179765332217,479.1655940362899,0.4210833504412669,0.1171089412937977,0.11251730292945648,0.11280144780266284,0.17651172116728506,0.17461657300933087,0.17415551038504432,3.920826466035519,3.6781935209613215,-0.25253437987622324,0.14924538703487764,0.14650147165631008,0.14657858291877657,0.19374924851986716,0.19213877314721567,0.1917373848764406,1.8385260898725917,1.7868586554556987,-0.05263514529559505,0.10276351154152996,453,558,2.1398756792768836,0.004723787371472149,0.23743203282356262,5.0042917765676975
96,0.9984852273326796,0.9984852273326796,0.8753300355990125,638.5520925381137,0.492207955209755,0.1384985538137378,0.13450611972517895,0.1345668485965656,0.1718476461226956,0.16880347971286808,0.16840764913000625,2.882653990689418,2.8388059722701704,-0.04514952294417518,0.2846298322653899,0.27800874804402326,0.2781370419351464,0.26060038690093357,0.2549814964057324,0.25487663535207183,2.3262088055454155,2.281134861573338,-0.04614742954160769,0.11937557060732074,418,439,1.7322837635874748,0.0041442195301135765,0.22227980196475983,0.734035724774003
97,2.46244495079492,1.0,0.8665713858781879,546.1427675919408,0.4532634488999373,0.20722245638097428,0.19377956158022713,0.1951772070157657,0.18897856922763281,0.18377478201714648,0.18370018094022839,6.48718050906252,5.812714304990005,-0.7212553399032942,0.2638144634188783,0.2535278432528906,0.2544798495863135,0.21472020807524228,0.21047304609764925,0.2103723828113985,3.899187342755692,3.5383252728428176,-0.37550366113961386,0.11061692088649622,401,368,2.3726952020078897,0.005916945640917431,0.23792479932308197,3.874219225719571
98,0.9587583476286824,0.9587583476286824,0.8393933518385117,460.49520366194577,0.4114264764653035,0.10013203297520767,0.09748232372973697,0.09751855875642486,0.16833970098279488,0.16657966475043035,0.1659987020423925,2.6462153685891483,2.6100281210009015,-0.03717086883191532,0.11737970852117774,0.11525903447402927,0.11522794481684827,0.17362021514885068,0.17232446648672028,0.17167355479160035,1.8066785766177422,1.833164974967754,0.026973726895141888,0.08343888684681999,486,393,2.4437111485749483,0.005028212239866148,0.17562127113342285,1.4488302171230316
99,0.6864779634999814,0.6864779634999814,0.7253405226492041,518.945153640979,0.4406373620603262,0.0747589030586099,0.07354512828162872,0.07323014166654242,0.16313148925656318,0.16204578415675558,0.16109832567068857,1.6235855895713087,2.0449221825378476,0.42829025177591123,0.14423508915591318,0.14185052270385662,0.14188258331740466,0.1958727063910115,0.1945811260652063,0.1938626724351055,1.6532498894765677,1.6310218631788962,-0.022601688690974744,-0.0306139423424876,301,301,1.2598552908748388,0.004185565750414747,0.1694590151309967,0.07433897815644741
100,1.2455264325277815,1.0,0.9139663648283451,1209.915715875289,0.6474689234993545,0.29945950769732166,0.28814573904244756,0.28852246317444674,0.23820989358352895,0.23577344942376052,0.23531127423676332,3.7780629314028924,3.652261571848145,-0.13074083040446696,0.594108419482202,0.5871625072190915,0.5868908161255948,0.33003487365706097,0.33123497989162703,0.33037679982906376,1.1691321037268465,1.214862998053082,0.04627187365614533,0.15801189983665342,356,389,1.250565368682146,0.003512824069331871,0.1365387737751007,0.2572352532297373
101,1.2008527843378742,1.0,0.8742489544475637,619.7071489268784,0.4847230229057241,0.06302727554790019,0.057579710316118526,0.05783748721104555,0.13412460774584956,0.12824377346705354,0.12816128313572092,8.643186913008101,8.23419430990706,-0.44768702987875586,0.17266431339007468,0.1663784722874031,0.16671210309525647,0.19490850160240483,0.19285458717372664,0.1923918369131995,3.640498131464444,3.4472730224057773,-0.20052522617051877,0.11829448945587195,399,479,1.129123019054532,0.002829882253269504,0.18596290051937103,3.481744948774576
102,0.7286190327311527,0.7286190327311527,0.7429959962015235,593.7725473588654,0.4740539189817347,0.16636772301987038,0.16466508774193167,0.1643916128682213,0.16441118008913844,0.1618165335845954,0.16116932814728485,1.0234168305202753,1.187796596466651,0.16607945099994484,0.35286778971526583,0.3489082929998956,0.3490368831510695,0.20233790742254446,0.20131426783559994,0.20018550170301422,1.1220907180463227,1.085649264640317,-0.03685499993946237,-0.012958468790168265,278,355,1.3159142043441534,0.004733504332173214,0.1374530792236328,0.8017911333590746
103,1.6345141992053325,1.0,0.9165452277131458,1267.6605668386503,0.658036061655408,0.5973789954971054,0.5793404279568294,0.5802377434402308,0.3035660606043418,0.29914949453297146,0.2988807543638991,3.0196186468299424,2.8694099032743132,-0.1548857010663003,0.1697701076119188,0.1683134960812567,0.16805505414213495,0.2358480029293148,0.2356796228507131,0.23517066549494642,0.8579905798209154,1.0102211124848453,0.15354795969360813,0.16059076272145412,273,345,1.417816168628633,0.005193465819152502,0.1369805485010147,5.942793315276504
104,0.8408664196054272,0.8408664196054272,0.7898297282440031,437.2539723179676,0.3989457480564424,0.12545002793943436,0.12358060695806927,0.12351830848829698,0.14878598742256602,0.1458960582379054,0.1455124030713555,1.4901718334153065,1.539831822173834,0.050411202296029016,0.18600401608974104,0.18231015455088168,0.1824917997845423,0.19332876269389465,0.1906189231998287,0.1901081926166856,1.9859041844973904,1.8882475653128945,-0.09963528038693566,0.03387526325231138,331,231,1.559304429218173,0.004710889514254299,0.14347079396247864,0.8636266887187958
105,0.3764437163672366,0.3764437163672366,0.5499702373708284,781.9909089424399,0.5427625656650243,0.12691056827189104,0.1281224372582388,0.1263632765525004,0.17185861333770272,0.17154230380730248,0.1697413954959717,-0.9548999762978532,0.4312420366900629,1.3730309408590904,0.21032189927498243,0.2104874409154647,0.208939500290029,0.22192898910879763,0.22134357434026064,0.21969701568706249,-0.078708703683697,0.6572777203509527,0.7354075942504237,-0.20598422762086332,431,373,1.6044644378125668,0.003722655308149807,0.21407009661197662,0.7462409418076277
106,0.1512034224144996,0.1512034224144996,0.2828546976524658,2367.3434045553136,0.7823050049208276,0.8641981877348053,0.8745549165813649,0.8641160811007038,0.49494879347770865,0.4939368962531474,0.49298774537226453,-1.198420569904936,0.009500903295883807,1.1936169224760012,0.26261630002521796,0.26509589864144134,0.2622295260430841,0.2540869357828377,0.2552586938986288,0.25337712719606653,-0.9441906751352721,0.1472772185491688,1.0812587493985357,-0.47309976733922593,343,346,1.8371714316308498,0.005356184931868367,0.19613495469093323,2.4598389146849513
107,0.7192515254330234,0.7192515254330234,0.7371502668382353,692.0953352382857,0.5123349350097314,0.2639141431895848,0.26201088513725596,0.2616701702833488,0.2509429400241027,0.24931535545571193,0.24842648974595227,0.7211656144406048,0.8502662567136399,0.13003843475000892,0.2877003471897524,0.2851193255835085,0.284944456892967,0.26789229738080156,0.2647156377023943,0.26430753476780144,0.8971214777650566,0.9579030139187732,0.06133175651409512,-0.018804198153456464,462,540,1.78630137629807,0.003866453195450368,0.17251230776309967,1.705120655708015
108,0.8639410653408385,0.8639410653408385,0.8400511450246863,2318.983969568324,0.7787695858661138,0.6898069188069338,0.6792212588581953,0.6789603367252307,0.41459557774679245,0.4109621758029299,0.4104678108806022,1.5345830347783542,1.5724084212525666,0.03841489493470856,0.6593496894511108,0.6517942773484265,0.6517615080909809,0.4525696540393997,0.4488999559028606,0.44864861231644837,1.145888475199548,1.1508584111788829,0.005027546050108482,0.08409668003299453,353,395,1.9696632400155067,0.005579782549618999,0.3295801877975464,1.0352751780301332
109,0.7050207331391174,0.7050207331391174,0.7269216104353191,873.2967081197693,0.5700123179744033,0.2024970695740442,0.20025138510501583,0.19977746698114293,0.23038167861633932,0.23158783278098935,0.22961582583434018,1.108996033252334,1.3430330614768888,0.23666159593571331,0.08151797852757244,0.08067628142750287,0.08039956199186364,0.14159415375184098,0.1432032181485675,0.14164843413904166,1.0325294067306547,1.3719875736743194,0.3429997401254701,-0.02903285455637261,522,470,1.0568475304171443,0.0020246121272359087,0.09855851531028748,0.1889934167265892
110,1.938123405628611,1.0,0.8586169296713275,478.3523086315012,0.4206693012274972,0.21873996113294672,0.2101115037380611,0.21096725178933406,0.20066371140996472,0.19796937918835542,0.19774082803890708,3.944618692531169,3.5534016296585715,-0.4072828170035885,0.23260044180212341,0.22749965751946483,0.22784660260282538,0.23037588190144137,0.22817328427805594,0.22798046362334762,2.1929383466080856,2.043779092793896,-0.15250356292552716,0.1026624646796358,247,335,1.26460313051939,0.0051198507308477335,0.13873223960399628,0.3538801595568657
111,0.0643925910407817,0.0643925910407817,0.3486080222832073,944.1692906009728,0.5890238575202305,0.3664207990895087,0.37157942765535196,0.3668745517632333,0.20953000237442,0.21648756315196555,0.21025120796289312,-1.4078427258118384,-0.12383376567381034,1.266183093559886,0.49353468858007443,0.48781382460370554,0.48997950175514443,0.2658796417313304,0.26946462083096545,0.26550728604907947,1.1591614751190287,0.7203519645515623,-0.44395567370364414,-0.4073464427084844,353,449,2.3448902182281017,0.006642748493564028,0.1409951150417328,1.2062194179743528
112,1.570524641300347,1.0,0.8924069384014717,835.4697756140384,0.5591271047230371,0.5744284757628361,0.5632104471924907,0.5639143491973673,0.2742743280801175,0.2716395811952064,0.27114837488470955,1.9529025881678181,1.8303630493781016,-0.12498028195062977,0.36607857839246805,0.3577432963570949,0.35820542574298736,0.25399864679135953,0.24988782281213182,0.24980004305661777,2.276910621750995,2.1506728648405047,-0.1291790483842276,0.13645247340977995,304,502,1.3361353129148483,0.004395181950377791,0.19393613934516907,0.28895470686256886
113,0.6852628354038267,0.6852628354038267,0.7206944602453974,655.5787896881883,0.4987861356692655,0.12533480201011013,0.12381144277109443,0.1234093363455684,0.19835969754368307,0.19627978622005826,0.19556563750822412,1.2154319587091351,1.5362577940534112,0.32477323301163236,1.599407193771283,1.5861149794862595,1.5870136219160724,0.4329163479406957,0.43204340639805555,0.43004139137585795,0.831071307968894,0.7748853389853461,-0.056656827621919134,-0.035260004746294316,339,507,2.051411220803857,0.006051360533344711,0.19160369038581848,2.949840994551778
114,1.443413265109364,1.0,0.9317337615197058,1696.271421142926,0.7202725365249145,0.2737681926226446,0.25369638648261666,0.2543899815726601,0.21181064399763785,0.20444556860615806,0.20427836782657932,7.331679384571329,7.078328152129419,-0.27339573088122554,0.3461483339444479,0.3373652154494191,0.33751757817442285,0.23872985414380676,0.2354136944905191,0.2350607941592719,2.537385748746185,2.4933691494843804,-0.04516254730078547,0.17577929652801405,365,336,2.181816905736923,0.005977580563662804,0.19508390128612518,0.3510470353066921
115,1.1391233051228329,1.0,0.9446376473485756,2245.185618633141,0.773147447055158,0.9693574811165981,0.9513594069996623,0.9516194610568399,0.43432706834834256,0.4310586116205052,0.4305743386181425,1.8567014200173075,1.829873953139133,-0.02733499613966117,0.8826167561516082,0.869024509334065,0.8689795238560054,0.4208647453384263,0.4159743806064751,0.4156880490815248,1.539994195986957,1.5450910262642101,0.005176548828768623,0.18868318235688386,449,451,1.0610017273575068,0.0023630328003507945,0.0908033475279808,1.0190840847790241
116,1.300961797403701,1.0,0.898438999314474,924.217851159348,0.5838440531924975,0.2905370620740592,0.28125220366475284,0.2816663130281432,0.2677806139547714,0.2630420421759578,0.26275882518245747,3.195756969188193,3.053224598125388,-0.147237731116226,0.4940134007691003,0.47905561576214245,0.47980136189069805,0.358214052931725,0.3513136818051121,0.3511758236134956,3.0278095662326026,2.876852906475075,-0.15567005249884705,0.1424845343227823,316,331,1.7382278870791197,0.0055007211616427834,0.12064215540885925,0.3085917290300131
117,0.6828374369899147,0.6828374369899147,0.7342497809351105,278.1119567882004,0.2968485542937237,0.03391691448684375,0.033279130052574685,0.03310829452584788,0.11673141479874746,0.11559382159701503,0.11498253858543979,1.8804317666232928,2.3841200569984937,0.5133413236972079,0.08853388382124872,0.08679013660319741,0.08691713228294065,0.16770816380177314,0.16590201161611262,0.165702384027721,1.969581749708344,1.8261387262444182,-0.1463250142396481,-0.021704684056581214,393,396,1.3299255957826972,0.003384034594866914,0.1439678966999054,0.684470403008163
118,0.9442501283049242,0.9442501283049242,0.8359725812802044,486.836926023105,0.4249599533017461,0.07068566137184924,0.06797297113944231,0.06799927668284572,0.1818389471598781,0.17902145126553742,0.17885998655505844,3.8376810512340582,3.8004662287468967,-0.03870000525568563,0.7839727671361488,0.7721437879866915,0.7732166269352081,0.28803694775158295,0.2847880057337942,0.2845325273533321,1.5088507720323747,1.3720043159449142,-0.13894289706247176,0.08001811628851263,309,330,0.8945418214425445,0.0028949573509467457,0.14902138710021973,0.9220857229083776
119,0.9641970623214228,0.9641970623214228,0.9075157635639104,1761.4978661961345,0.7278112188172373,0.39209218557862774,0.3818362888450624,0.38185761955821074,0.322583542625489,0.3148096950910587,0.31482764367942734,2.615685063559806,2.6102448344675375,-0.005586350425958369,0.4607061779094002,0.4579982945014036,0.4573283468832689,0.39055204174834035,0.38558049345263706,0.38541003461075085,0.5877679826835575,0.7331855286723725,0.1462773172253944,0.15156129857221867,232,327,1.918604544363916,0.008269847173982397,0.12068776041269302,0.6979774292558432
120,1.093891368154194,1.0,0.8730448205231041,607.5811583450525,0.4797889685932016,0.2249797298251747,0.220453876857657,0.22060612882754085,0.26255264739393774,0.26021549745502714,0.2599454633073563,2.011671438593429,1.9439977997273097,-0.06906295868054346,0.17860856439517792,0.17457027525908633,0.174740987016395,0.21716255988470143,0.21547599442356422,0.21507664081035208,2.2609717231457735,2.1653930156595123,-0.09778970506595025,0.11709035553141234,356,323,1.9552419781684875,0.005492252747664291,0.14519208669662476,0.8068620152771473
121,1.198356630336712,1.0,0.8930361464194474,844.2595434579122,0.5617053449598614,0.27122427802984955,0.26382920666346793,0.2641144558220609,0.23870381453736106,0.2344315646204487,0.23431368855934176,2.726552143524467,2.621381190295285,-0.10811887061344735,0.22072314420306363,0.21545726686103048,0.21556515794660674,0.2226241826693207,0.218791598643368,0.21862151836715926,2.385738641521247,2.3368579108820495,-0.050075398777733815,0.13708168142775567,315,370,2.084478849545121,0.006617393173159115,0.15857316553592682,3.2630335092544556
122,0.7084583797204269,0.7084583797204269,0.7286282719432798,892.501903753518,0.5753356911910431,0.14521116701090886,0.1428776141718328,0.1424041515177335,0.1993739308241868,0.1986897962902335,0.19724932385434663,1.6070064631466954,1.9330575953325153,0.3313763718995874,0.23372367570051147,0.22667587727517685,0.22760949719050974,0.23735303160297128,0.23464926203700526,0.23400759490527545,3.0154405214666915,2.6159859465141695,-0.41187440258563834,-0.027326193048411884,418,573,2.2121972739696503,0.005292337976003948,0.1412745714187622,1.73589807190001
123,1.3021932990962402,1.0,0.8886922090847069,785.6017921297121,0.5439056448563839,0.17579558280184754,0.16789115156809714,0.1682836290784978,0.20510055959105108,0.2004665477939358,0.20016890446426422,4.496376477593341,4.27311858672639,-0.23376902638104685,0.20723890651931573,0.203887494574624,0.20387029786136443,0.2283159652949476,0.22558921584005392,0.22527803855079795,1.617173146191722,1.6254711600870795,0.008434412956732631,0.1327377440930152,433,515,1.5237582474946976,0.003519072165114775,0.15131531655788422,0.5178017728030682
124,0.8676234227604958,0.8676234227604958,0.8013210940752972,450.7558017007436,0.4062599847804715,0.10483517774439578,0.1027567562281107,0.10271964678370356,0.17609585666123337,0.17404443409427,0.1736043007161568,1.9825611602935334,2.017959053639622,0.036113872964969686,0.32415015474219594,0.3207895127474697,0.32060466738715704,0.3008392294728374,0.2984707984792173,0.2980417676084449,1.0367547093719696,1.0937793189883585,0.0576220085031803,0.04536662908360545,422,537,1.262186873704195,0.0029909641556971444,0.13517828285694122,0.4686353988945484
125,0.7093017156921305,0.7093017156921305,0.7294574803345526,866.0256843570311,0.5679619112477121,0.14836839126523943,0.14609490313598272,0.14563814954978466,0.21404034558281518,0.21269270198956922,0.2115420328107338,1.5323264678339557,1.8401774745767088,0.31264169823428256,0.3029715847527554,0.2984957948177496,0.29835799950997355,0.28261187222813916,0.28043647284687795,0.2793816632231343,1.4772969348456504,1.5227781993307434,0.04616323250389882,-0.026496984657139122,347,287,1.349381472915411,0.0038887074147418185,0.1037665605545044,0.25480950251221657
126,0.9202221780932388,0.9202221780932388,0.8230119641207612,454.4321511290559,0.4082208113995952,0.07548851810166268,0.07309334365425339,0.07310213649240632,0.16413723798116198,0.16223628695418713,0.16174743417280604,3.1728990151636514,3.161251100521735,-0.012029601757612113,0.5563285283064134,0.5542264944938622,0.5538694882518959,0.2510617791297928,0.24728598382213804,0.2471223238058169,0.37784037769019424,0.44201221569626137,0.06441522473449392,0.06705749912906944,345,290,1.516176525503397,0.004394714566676513,0.18026912212371826,0.06769633665680885
127,0.5281947851759644,0.5281947851759644,0.5910907009318107,1726.777427814931,0.7238496479853975,0.8127920067932821,0.812181354091296,0.8098136164038582,0.5990520247200507,0.6016621125692876,0.5985960396461548,0.07513025434333939,0.36643942909510313,0.29152820063037993,0.38967040378751105,0.3851006535640145,0.38532584119930474,0.34695128383252344,0.3455440666721727,0.3443177401331551,1.1727219155161814,1.1149326574402663,-0.05847500730164105,-0.164863764059881,392,346,1.502175947651267,0.003832081499110375,0.11728599667549133,0.6526480289176106
128,1.8934471638161163,1.0,0.8635588868266943,519.5393670895205,0.4409194449361234,0.3076187321928728,0.2985384761026446,0.2993934992728156,0.1803006839477955,0.17840000339086182,0.17784876531292923,2.9517890622262137,2.6738400686535755,-0.286403006183036,0.4016662907996217,0.39424932269852425,0.3946657305970011,0.2389867641801598,0.23734377317244076,0.23665362240334534,1.8465498029052971,1.7428796896757586,-0.10562044739269623,0.10760442183500263,238,321,1.3124468475580215,0.005514482552764796,0.1876247525215149,2.4093409115448594
129,1.0977288789882065,1.0,0.8702497422261042,580.3014459148317,0.4683358670361308,0.15085828959333994,0.14650771096673562,0.14666127243576468,0.16126172757037072,0.15760980388071763,0.15723585227357947,2.883884364811456,2.782092498124508,-0.10481459850528142,0.15169373254992463,0.14426291011886078,0.14477548517651684,0.18255187531440317,0.17848606888544719,0.17823786565255673,4.898569180251572,4.56066790441121,-0.3553061956352759,0.11429527723441246,247,253,1.2352039916440845,0.005000825877101557,0.1757817566394806,0.6819816157221794
130,0.750994416278204,0.750994416278204,0.7533376868741792,735.6615419586395,0.5275710519529188,0.1802237233719417,0.1779077623632342,0.17762172886509917,0.2519806395264915,0.25109784401687624,0.24993449944422594,1.2850478091210464,1.4437580459219557,0.1607762889800333,0.12051564796621086,0.11929497491228405,0.11915962911655145,0.19406221122315725,0.19347499575092897,0.19290542665810467,1.0128751531660476,1.1251807317499563,0.11345473338849164,-0.002616778117512486,411,343,1.454425853677094,0.003538749035710691,0.11768046766519547,0.9606950357556343
131,1.055288485762991,1.0,0.9155972896907212,1246.0245735936944,0.6541517946378103,0.4130168582239929,0.40433856328752993,0.404467160481435,0.26460951318604264,0.2639280390789467,0.26330494800689325,2.1011962983255428,2.0700602341808376,-0.031804335668477846,0.4215211438649815,0.41659755383927527,0.41660481542446676,0.26747682856101024,0.26576062983831505,0.2654112753871792,1.1680529191397657,1.1663302095444879,-0.0017430695702761018,0.15964282469902946,470,381,1.8122553564608097,0.0038558624605549143,0.3210241198539734,0.19493714720010757
132,1.036367632266338,1.0,0.8868566733174441,762.1696060720878,0.536384360899272,0.21868466665294262,0.21355719440988805,0.2136577182513553,0.2724967798930547,0.266321357394721,0.2664451620522995,2.3446875912850267,2.298720106227292,-0.047071156626224075,0.20493610836272,0.20043773609243065,0.20048778573187723,0.2748533542597569,0.2699871180410856,0.26998886332061,2.1950120485003057,2.1705899786920946,-0.024970168004439738,0.1309022083257524,302,281,1.3340412136167288,0.004417355011975923,0.08777879923582077,1.1672013811767101
133,1.34544194126805,1.0,0.9103774096435128,1135.0838226908563,0.6327628352084533,0.25171901882362063,0.23968250128200771,0.2401804459311769,0.20875201470088395,0.20547184910263983,0.20487735453188552,4.78172749832896,4.583909847721439,-0.20775177432887132,0.2907838790717494,0.28138766341439486,0.28180280418834136,0.22536567568639032,0.22293777566774944,0.22252289792812888,3.2313399516333154,3.0885738618240297,-0.14753339535540608,0.15442294465182105,434,422,2.6170327477157116,0.006030029372616847,0.2920283377170563,7.16568442620337
134,0.9995609962216484,0.9995609962216484,0.845140073938405,380.4715928744875,0.366105163504524,0.19754472425882744,0.19516075917792214,0.19521765627971827,0.14307893325710422,0.14308935317876148,0.14240214791812583,1.2067976453685367,1.177995508531119,-0.029153966215234858,0.667601431004269,0.6611889642170304,0.6613084054663234,0.26347503926713706,0.26281294032873864,0.2617972694156854,0.9605232238032168,0.9426321223546626,-0.01806461628324567,0.08918560894671324,344,322,1.6269330978393555,0.004729456679765568,0.3347821533679962,0.4291998194530606
135,0.9337704351804766,0.9337704351804766,0.8426743982599264,627.1234605769272,0.4876948520212511,0.2085689029924953,0.2051569571716251,0.20517234317270727,0.27885871131705925,0.27693457083632433,0.2765468998141347,1.635884243488097,1.6285073043272664,-0.007499624333625214,0.23080938197612785,0.2274514929015442,0.22739414900775537,0.2914425904579877,0.2900856240226012,0.2895291271316097,1.4548321414988872,1.4796768394474165,0.025211482702229674,0.08671993326823468,404,383,1.7958174431696534,0.004445092681113003,0.14951856434345245,1.5842858292162418
136,0.8039434694662151,0.8039434694662151,0.7837342778136402,905.5531993083492,0.5788787061981334,0.5124470048172031,0.5089948050732737,0.5087788334989524,0.2942676602353981,0.2931375918274179,0.29223055004391757,0.6736696109992593,0.7158147640182205,0.042430997756490556,0.2680194400613704,0.26678166864822794,0.26614852931917105,0.27918814040807155,0.2789708757292775,0.2780499070250508,0.46182150550685486,0.6980503883490558,0.23732490026956848,0.027779812821948524,275,340,1.0075595676898956,0.003663852973417802,0.1352849155664444,1.1578632649034262
137,0.8927572336075817,0.8927572336075817,0.8184894016507571,554.6966778322601,0.4571174786282926,0.14017838624401804,0.13744583139908634,0.13742501044490357,0.15970124275900757,0.15891895603715145,0.15800256827669634,1.949341063304126,1.9641942476934233,0.01514847992902003,0.16189721609539268,0.15810830220486058,0.15819522941286573,0.17807726883685795,0.17568822877178983,0.1750027404634457,2.3403205947034955,2.286627757913803,-0.05497953415028384,0.0625349366590654,396,447,1.911958808079362,0.004828178808281217,0.3854908347129822,1.1016425620764494
138,0.9847419117555976,0.9847419117555976,0.8860410995299779,868.2515120107945,0.5685916617292698,0.4172988624054581,0.4120199403477519,0.4120717178869664,0.3758312406976601,0.37373224350216416,0.37327866293330425,1.2650219143365549,1.2526141308798693,-0.012566755669830043,0.38891727024019607,0.38404984561433364,0.3841230204608287,0.3765518288965485,0.37570191012063137,0.37531548676437093,1.2515321376333572,1.2327171216661164,-0.019053476347060623,0.13008663453828617,407,383,1.3286936730146408,0.003264603619200592,0.17293283343315125,2.5703994911164045
139,1.030594876830037,1.0,0.8573786285959148,468.47931865435953,0.4155952437350276,0.09677936668235496,0.09366160722044911,0.09374700804275861,0.156846049268149,0.15546587395858386,0.15494824558569203,3.2215125690363524,3.133269769732037,-0.09118018027225579,0.23383768601008936,0.23180712535970932,0.23157913618104614,0.2313033064874867,0.22986525064191085,0.22929898205070848,0.8683633014964192,0.9658622044975985,0.09835296404689657,0.10142416360422313,451,429,2.0749417077749968,0.004600757666906866,0.24416816234588623,2.170309491455555
140,0.998913516698616,0.998913516698616,0.9353854423748048,1860.652746319541,0.7385235335852256,1.0226106982554315,1.0109673006407764,1.0110143798108733,0.6877547532345519,0.6888678406206631,0.6882610772314475,1.1385953261117476,1.133991504718411,-0.0046568440014816475,0.24567057753717833,0.24378475468519858,0.2436125072946112,0.29978057236496436,0.29961765594894585,0.2992701720370413,0.7676225907411955,0.8377357448332095,0.07065552183925809,0.1794309773831131,321,395,0.5459283366799355,0.0017007113292209827,0.15773126482963562,0.6108884755522013
141,0.7113672009302056,0.7113672009302056,0.7417378458592849,308.3726912000203,0.3188493268571491,0.055481645105887885,0.05466411710340115,0.05450478944028162,0.1291690924008917,0.1288964100168994,0.1279287812079507,1.4735107456285201,1.7606825892453508,0.2914666358154939,0.19151442917011913,0.19016875869700453,0.19001806767257817,0.21083710223522856,0.21020498177876182,0.20944224762179753,0.7026470428080692,0.7813309441095747,0.07924068362167408,-0.014216619132406794,365,381,1.2995487162843347,0.0035604074418748894,0.09774588793516159,0.16160494647920132
142,1.2162990110470768,1.0,0.9457908493335334,2306.9620339283038,0.7778728028577899,1.5506108735321211,1.529884470970587,1.5302662650183565,0.43848946377097175,0.43244578417236695,0.4320778152825239,1.3366604681625676,1.3120382980045695,-0.024955743718823697,0.44565616295353727,0.42629223161963076,0.42702065251239185,0.2845269465678462,0.2816027567272197,0.28144569571727146,4.345038382409925,4.181589303655226,-0.17087360236276727,0.1898363843418417,251,274,0.9848344773054123,0.003923643335878137,0.19564059376716614,0.3781649246811867
143,0.9186090741386784,0.9186090741386784,0.8267657959121353,507.9125885162677,0.4353478287015724,0.08087673260131138,0.07820995532830598,0.07821572293714199,0.1961094308492093,0.19319871099084596,0.19303898350596807,3.2973355713459727,3.290204213969748,-0.0073745200490169536,0.3222876366486455,0.31423951072480916,0.3150344868953414,0.25444016892493854,0.2513443166510723,0.25124266169211074,2.4971872975103717,2.2505206308026655,-0.2529841548882906,0.07081133092044356,262,296,1.484351996332407,0.005665465634856515,0.1716202199459076,0.5069633312523365
144,0.8545977054865719,0.8545977054865719,0.7960676629766574,451.4836673757167,0.4066492319567265,0.10705772279874237,0.10504970713904828,0.10499954588854411,0.18444382559695016,0.18360228446601148,0.1830288789617094,1.875638307260615,1.9224927043025397,0.04775001460762799,0.16126587724488678,0.1705704935899537,0.1668504364914377,0.2155461829645159,0.22489985981382205,0.2208134869731951,-5.769736601461935,-3.462951581549144,2.1809499522578064,0.04011319798496571,493,436,1.8917502611875534,0.003837221625126883,0.2504250407218933,1.1129560060799122
145,1.005211134366347,1.0,0.8386259205439013,337.48572117966467,0.338754222851875,0.08313510246082444,0.08099656212330658,0.08105523835883342,0.1643554125108102,0.1631495865691186,0.16271614559628472,2.5723674768135334,2.5017881020488346,-0.07244287163387851,0.15172693890254996,0.1488712622938641,0.1489622164422112,0.20607708866726993,0.2051086509328572,0.2046413272885315,1.8821157464463023,1.8221698007856533,-0.06109584008735687,0.08267145555220956,361,384,1.5321831293404102,0.004244274596510831,0.1845899373292923,0.32841459661722183
146,1.532639345720307,1.0,0.8819579237607558,703.2005852281453,0.5163112644727319,0.21111769290177465,0.20200981872657736,0.20262581443188962,0.19968952238949292,0.19809651537286416,0.19749730355716066,4.314121687297355,4.022343344684042,-0.3049335468916085,0.18651903851245008,0.18234365735662952,0.18241593787696708,0.167451978947837,0.16620437804026575,0.16561486211254567,2.2385817496812,2.1998293944717697,-0.03963972280987639,0.12600345876906405,545,445,2.489668233320117,0.004568198593247921,0.20262524485588074,0.8166628628969193
147,1.0347532072588024,1.0,0.8662267541170573,543.0386260050341,0.4518512871854485,0.12395927313639185,0.12031699380012849,0.1204096027687985,0.14167173392212565,0.1414659670432821,0.1407887007645896,2.938287103584238,2.8635779137617745,-0.0769708133032778,0.390125122496372,0.37481658546215874,0.37599446080521526,0.24643144775615738,0.23850272628262167,0.2384087651924147,3.924006979159774,3.622084525276411,-0.3142537947204687,0.11027228912536557,423,312,2.170552706345916,0.005131330275049447,0.27657508850097656,0.3845548667013645
148,0.7972602790064391,0.7972602790064391,0.7730436256945986,464.8792973563413,0.4137228889087029,0.10139332318709224,0.09966005319867584,0.09954192976401849,0.1590725719672011,0.15715332110638217,0.15648207580140522,1.7094518001132561,1.8259520103286633,0.11852636123108051,0.20102553097833487,0.19730952771849777,0.1974934468872446,0.21116590315434963,0.20780503702618033,0.20754140009855926,1.8485230417013931,1.7570325887963596,-0.09321352641886854,0.01708916070290689,300,324,1.6556742284446955,0.005518914094815652,0.13348877429962158,0.3403524663299322
149,0.8802685878997574,0.8802685878997574,0.8137721163689067,572.7900188642567,0.4650931851079622,0.1517902889432365,0.14905832461907706,0.14902271264427172,0.21731214722696848,0.2161005935315291,0.21559783563267781,1.7998281333933674,1.8232894332257013,0.023891302210960683,0.1873379623754043,0.18394737721538176,0.18390454549323978,0.21775183813661386,0.21531263718469087,0.21476779149639721,1.8098761815441184,1.83273952520329,0.02328476914994397,0.05781765137721495,414,391,1.5193367209285498,0.003669895461180072,0.12221423536539078,0.252120153978467
150,1.2202604776520305,1.0,0.8963489235780555,892.29764419598,0.5752797672843479,0.4020929876858017,0.39403199622212043,0.3943476266866742,0.3818117543591847,0.37934149675090606,0.37909185719106364,2.004758031239329,1.9262611476278122,-0.08010274992385921,0.4380043420669611,0.43365097140836395,0.4336061397073402,0.3900679876377096,0.3890471300688901,0.38866623175890186,0.9939103886626793,1.0041458353735953,0.010338199146231018,0.1403944585863638,443,395,1.5029117856174707,0.003392577394170363,0.15188854932785034,2.5364480884745717
151,0.5944054325362745,0.5944054325362745,0.6805581105368514,576.5210412536662,0.4667087961399425,0.20263288380390268,0.2019502287985618,0.20138228142079537,0.22688024514453764,0.22623086266668924,0.22529565448496042,0.3368925085236945,0.6171764225186568,0.281231361383081,0.2574811859249864,0.25448922614039876,0.25448741875429176,0.27040688805957597,0.26895834171403604,0.26820102588347355,1.1620110315397285,1.1627129803444567,0.0007102014236166241,-0.07539635445484028,377,483,1.5753543209284544,0.004178658676202797,0.15031537413597107,4.238755200989544
152,0.7172021214499853,0.7172021214499853,0.7408704999945407,419.836899330354,0.3892400721756917,0.08139114647379382,0.08024738938472176,0.08003829649641696,0.15767700140324875,0.1567814906262161,0.156117769569669,1.4052598330708235,1.662158644997649,0.2605603620354132,0.22400211080742266,0.22384620421794038,0.22266218177006053,0.23960989813563036,0.24205844771057514,0.2401518461788948,0.06960050015614118,0.5981769691956538,0.52894461713859,-0.015083964997151034,516,525,1.727368414402008,0.0033476132062054418,0.14484336972236633,1.2985356766730547
153,0.5105947126074611,0.5105947126074611,0.6153835489807523,883.7187177014554,0.5729175818159734,0.2780133302530846,0.2778958966558555,0.27662932607298935,0.23700311946514682,0.23496540664785523,0.23433739574109475,0.042240275717065796,0.4978193595376747,0.4557716030023572,0.7569341083133848,0.7361870267540725,0.7402218893810844,0.3991719629904244,0.3904922517224361,0.39141481965678326,2.740936275885534,2.2078829251781174,-0.5480757579771468,-0.1405709160109394,540,323,1.8241991382092237,0.003378146552239303,0.23955297470092773,0.7198526030406356
154,1.3830215915124204,1.0,0.8668062399512515,548.2673310385486,0.454225786002542,0.119657685746851,0.11358539130540096,0.1139972132861781,0.16607457389071995,0.1639127336123136,0.1634937552140732,5.074721614035425,4.730554853491196,-0.3625659744129004,0.29825770485634284,0.29544753757173897,0.29485410842083287,0.23855167397972343,0.23765762411399924,0.2366777916514815,0.9421943637490942,1.141159601274786,0.20085770752514948,0.11085177495955978,361,286,2.0488508250564337,0.005675487050017822,0.2404136210680008,0.4726887810975313
155,0.9136534981158344,0.9136534981158344,0.8052183596758938,299.29006561891623,0.312391862576741,0.045772663636870436,0.044219854302701984,0.044227929783043705,0.13327886522319035,0.1311701321364139,0.13079822006651515,3.3924382170270846,3.374795633659452,-0.018262114312818007,0.16627367611787738,0.16386277078382863,0.16384337625787862,0.2774597187400866,0.2751756167004109,0.27493087375955994,1.4499621289058253,1.4616263480431122,0.011835834251574667,0.049263894684202114,297,432,1.7886104248464108,0.0060222573227151875,0.22940674424171448,1.8346427138894796
156,0.9288631022753344,0.9288631022753344,0.8474789363129632,740.8510630852644,0.5293227264936048,0.15696048781010097,0.15297539242029154,0.15298265394756708,0.19732248854753254,0.195364074992185,0.19473416801980037,2.5389162874103746,2.5342899464905355,-0.0047468597142647255,0.662241492069352,0.6446637859482643,0.6456967580526961,0.3009621842619258,0.2948029218636744,0.2945724674242524,2.654274359367213,2.4982931777586788,-0.16023423790004238,0.0915244713212715,385,239,1.6487869787961245,0.004282563581288635,0.16235071420669556,0.11764348763972521
157,0.8202906839662177,0.8202906839662177,0.7924359433179178,862.7935826902129,0.5670441767905408,0.40875700753360156,0.40529091347979973,0.40512036569903404,0.46089104679779347,0.45995379570891826,0.4595604883467466,0.8479595431808956,0.8896830555910592,0.04208033664050935,0.48120365077887833,0.48006409904090774,0.47949171902983817,0.48712046019881844,0.48660244805828584,0.48621811011275345,0.23681277898164457,0.35576034102593007,0.11922991371633455,0.03648147832622606,309,388,1.609167067334056,0.0052076604120843235,0.11402975022792816,1.0172532610595226
158,1.2343493712456637,1.0,0.8629699951046068,514.4755386295367,0.438506404590733,0.13311785119342107,0.12837917985695363,0.12864698426653415,0.1630206163802216,0.1598430966661805,0.15948757531753038,3.5597564819327787,3.358578047049994,-0.2086042377579601,0.20086252419187545,0.19316462912795537,0.19376624440301077,0.19860801042912463,0.1940528326165503,0.19384976835359408,3.8324197581857535,3.5329038193734457,-0.31145209025658377,0.10701553011291509,402,340,2.0943548772484064,0.005209838003105489,0.1398991346359253,0.6912679206579924
159,1.3628134679617474,1.0,0.8999710589654238,948.4631474281496,0.5901218146393429,0.2777684239807683,0.26750419086986127,0.267995442883082,0.20530530175099423,0.20029008625408726,0.2000400496774069,3.6952483524972863,3.5183916723244644,-0.18364273532437692,0.3460990716251103,0.3330546782557329,0.33365452197672407,0.23895870038948633,0.23436578106591052,0.23405573509663816,3.768976700263113,3.5956610891652345,-0.18010367670937205,0.14401659397373212,269,329,1.3999761892482638,0.00520437245073704,0.11557081341743469,0.5479706376791
160,0.8302353294264879,0.8302353294264879,0.7943611236176408,705.2739231792099,0.5170464684032104,0.22239050437413696,0.2194692425043171,0.21934746366447083,0.1998133348931035,0.19957369866362817,0.19832998927123563,1.3135731123237622,1.368332122915955,0.05548788452389608,0.21536275140340655,0.20951922024214226,0.20998247729660696,0.19925996812421,0.19670222437966797,0.19596859628568838,2.7133434742939775,2.4982380062193448,-0.22110480075733246,0.03840665862594905,328,325,1.7030486864969134,0.005192221605173517,0.14618606865406036,2.3910998031497
161,1.477639802946671,1.0,0.8873009413831877,767.7710543180996,0.538204791933704,0.3459249356094674,0.3365103818485339,0.3370899089284875,0.2759352595752247,0.2719660604794289,0.2718976067581764,2.721559735017804,2.5540300138855057,-0.17221670153834165,0.2785023901210718,0.2752286786197777,0.27522214508380033,0.2529109288153379,0.2491064696859871,0.24898587346404033,1.1754698047190788,1.1778157580067719,0.0023738572630270056,0.131346476391496,321,278,2.2390110343694687,0.006975112256602706,0.3257744014263153,0.9379129838198423
162,1.41618229209252,1.0,0.8542875668309531,444.5664913403468,0.4029293215133547,0.13649825659068568,0.1313895877789291,0.13178693074013428,0.1758757560693872,0.17399030361089018,0.17354491885420387,3.7426623162490946,3.451564853812855,-0.30241586713381524,0.3292556489086747,0.32708321566869225,0.3267080025751547,0.2575892403166728,0.2580360391433707,0.2569607901659104,0.6598013571469559,0.7737593392745835,0.11471487241265575,0.09833310183926136,382,422,2.200484672561288,0.005760431080003371,0.2054118514060974,1.3823279421776533
163,0.8353152948847722,0.8353152948847722,0.7976142198294986,727.9416555922546,0.5249410180555486,0.16188340398276238,0.15882187013136984,0.15870454705564105,0.23283918055354294,0.23138214037429664,0.2307208317062844,1.8911968590174582,1.963670672170831,0.07387085647067551,0.39602841240715075,0.3871901345293714,0.38791094347745997,0.31515876911810464,0.3112365616043726,0.31096931875553535,2.2317282298152024,2.049718827078836,-0.18616407904212506,0.04165975483780693,451,351,2.036852626129985,0.004516302940421253,0.12954412400722504,0.7489674855023623
164,1.260101622225542,1.0,0.923696801426504,1448.2166655075243,0.6873403212605461,0.6616549285025931,0.647848087282616,0.6482614683268367,0.46764924776318756,0.463391842546798,0.46316709366890046,2.086713273824423,2.0242364408994025,-0.06380832981303472,0.7622379541520257,0.751814983033284,0.751830996814433,0.532227403283517,0.5282108449017741,0.5279029752515257,1.3674169676235857,1.3653160775981301,-0.002130016228780957,0.1677423364348123,351,284,1.4416965562850237,0.0041073975962536285,0.16088439524173737,0.10652120783925056
165,0.6664185478764191,0.6664185478764191,0.7086476918235223,737.9800888379054,0.5283552644830174,0.31743123726265854,0.31589083019429964,0.31538408310483285,0.29586950624643854,0.29467069101598004,0.29388863063812115,0.4852726787831172,0.6449126354038605,0.16041842340124418,0.40135259078450997,0.3923491525052334,0.39363690981989985,0.2705363637307494,0.26518677031712273,0.2652381304846075,2.243273990502433,1.922419623485809,-0.32821717759395014,-0.04730677316816945,332,516,1.1021644538268447,0.0033197724512856767,0.08466790616512299,0.8576555885374546
166,0.4863888525975973,0.4863888525975973,0.6247607305404731,624.5955072807808,0.4866857210979065,0.08983174771564482,0.08993837852936744,0.08898007616171841,0.1313001117007033,0.1296540822256092,0.1280810883110065,-0.11870058908365536,0.9480741225499861,1.0655099450521197,0.1225854101343879,0.11993236549669822,0.11987485062783987,0.1617254922463714,0.15853907014368857,0.15792499385580405,2.164241759913511,2.2111599606971954,0.0479560864326805,-0.13119373445121862,414,394,1.97648015152663,0.004774106646199589,0.24330326914787292,0.7476034797728062
167,0.9289086552091914,0.9289086552091914,0.8682224992347003,1218.709190056114,0.6491200594898864,0.5992642852762743,0.5927080576047153,0.59269757786605,0.35955448958525793,0.3565200473917974,0.356213084012307,1.094046121660058,1.0957948890941913,0.0017681113882025788,0.5029417336122389,0.49571967516515253,0.4959090146762301,0.33771329057227023,0.33535511647137306,0.3349717129837047,1.43596324671965,1.398316835928145,-0.038194875160946544,0.11226803424300857,440,437,0.6081468164920807,0.0013821518556638198,0.10386692732572556,0.9958902951329947
168,0.8765015666370652,0.8765015666370652,0.832847001128492,1160.3476097429836,0.6378630019907353,0.6489067865699412,0.6434272474756229,0.6433301287474792,0.39480616847569255,0.3908215578931051,0.3906506140864238,0.8444262269597494,0.8593927414351218,0.015093971933065067,0.8487345254999097,0.8359652721757908,0.8362682696482706,0.5195207974618161,0.5133940427784667,0.5133591051994748,1.5045049942557442,1.4688050829906296,-0.03624522244700906,0.07689253613680025,229,126,0.9425361193716526,0.004115878250531234,0.132400244474411,0.20593188982456923
169,0.7924582999524509,0.7924582999524509,0.7708449889151152,453.860379414239,0.4079167007913142,0.10029334966109922,0.09862849873069506,0.09850722786679117,0.14900304262934413,0.14662589314672325,0.146041246282617,1.6599813806497197,1.7808975374175129,0.12295722378885186,0.2650116937418553,0.2633471997616503,0.26268148779475825,0.22918249515046252,0.224658797911208,0.2242870245040074,0.6280832202923019,0.8792841984425288,0.2527887015675676,0.014890523923423493,414,490,1.8860803544521332,0.004555749648435105,0.19160152971744537,4.975338290445507
170,1.8589782410876503,1.0,0.900287580749157,953.5650615369714,0.5914187930238171,0.44587905774041814,0.4296253680694098,0.4307092288333611,0.2571743069278219,0.25270116652526275,0.25246856227064224,3.6453135416086067,3.402229515764476,-0.2522804388441457,0.6817444962099882,0.6708720165741947,0.6713203076453701,0.46225821855374544,0.4585219785198843,0.4583901482843816,1.5948027004598833,1.5290462369068123,-0.06682214492483754,0.14433311575746532,210,245,1.4178161099553108,0.00675150528550148,0.3449907600879669,0.2991186026483774
171,0.9173883747482908,0.9173883747482908,0.8537330238331743,1011.9109882255624,0.6056878569620685,0.46382148915311017,0.45852397908430864,0.4585063836206772,0.4299428038605255,0.4271902675729814,0.42684162625356736,1.1421441637976344,1.145937749054664,0.0038374140577308075,0.44163225014682256,0.4360463263324419,0.4360086912978123,0.4183927853527565,0.41502673189736533,0.41470949586151534,1.2648360287373945,1.273357832708255,0.00863097160940644,0.09777855884148257,299,293,1.3487089574337006,0.0045107322991093666,0.13491207361221313,0.9299249164760113
172,1.384318605553157,1.0,0.8713702249007115,591.0948855999242,0.4729271523246289,0.21387598979828168,0.20731974600710007,0.2077475841842356,0.20824857725000714,0.20723673195648876,0.20665827984571344,3.065441706366931,2.865401403788292,-0.20636634250983985,0.31248250896838875,0.3032936936276223,0.3039105277646687,0.24529553610956914,0.24279928483270735,0.2423038467451053,2.9405854974417105,2.7431875249655024,-0.20337849088406068,0.11541575990901976,358,421,2.159412356093526,0.006031878089646721,0.18572066724300385,5.532107377424836
173,0.8390342506116736,0.8390342506116736,0.7879902186395014,413.45054611044,0.3856022666493802,0.06446549455604828,0.06270734314041587,0.06264691738231613,0.16911062423864065,0.1654301668549555,0.16541724539027425,2.7272751535378545,2.821008643858328,0.09636153450869656,0.11472858498552187,0.11084554076551603,0.11119055225058197,0.19243592212546,0.18998053097509973,0.18969648780020182,3.384548166872148,3.083828442045527,-0.3112542757094572,0.03203575364780964,388,514,1.2851527072489262,0.003312249245486923,0.1876606047153473,27.016662426292896
174,0.335977637477601,0.335977637477601,0.4355804663918036,2118.942564112235,0.7628373224690335,0.19255059765225685,0.1969098436563578,0.1911824029479194,0.2511259368284057,0.25570833844755547,0.24903514664792314,-2.2639483113803043,0.7105637276745177,2.908661447334131,0.20120684040841008,0.1962557584256632,0.19752679842185708,0.23517619701644354,0.2342654445780848,0.2328271308148602,2.4606926746114413,1.828984531084154,-0.6476446889456837,-0.32037399859988813,397,396,1.5353943575173616,0.0038674920844266034,0.08448135107755661,0.42956262920051813
175,0.6636056298824845,0.6636056298824845,0.712004278695202,598.2202082569277,0.4759148964306525,0.21163660914864532,0.21040903296486663,0.20999328183891292,0.19001276866557004,0.18953903653178616,0.18836125289801042,0.5800396201379757,0.776485371006014,0.19759186195353712,0.3067968545010925,0.30490683890933556,0.3042317042004077,0.22009615003275831,0.22105093475809323,0.21897356139141072,0.6160479040211977,0.836107105744688,0.22142327516918525,-0.043950186296489724,353,276,1.3639962188899517,0.0038640119515296082,0.1094212755560875,0.6049121879041195
176,0.9540468286023664,0.9540468286023664,0.835872782606759,445.5103772406191,0.4034396690431569,0.07162171032246757,0.06908455180983027,0.06911766952060207,0.17796846793428903,0.1740468885289098,0.17399618343903497,3.542443347434841,3.4962035821141115,-0.047937939675667514,0.07652670655690559,0.07447629245390094,0.07445683465137676,0.18108957528769112,0.1786893301100171,0.17846414518310233,2.679344499792305,2.7047706593640846,0.026126169661614684,0.07991831761506729,505,514,1.1677676923573017,0.0023124112719946567,0.09392897039651871,0.9602058362215757
177,1.2689927599488386,1.0,0.88480279901816,736.835391027024,0.5279684138539216,0.30363814575909914,0.2965312186949078,0.2968789199242955,0.2578669509530271,0.2538666436376065,0.25368362241196546,2.340590984187429,2.2260792753510934,-0.11725619680720653,0.3338867937480683,0.3235017119235468,0.32411128647651083,0.2905478806367691,0.2836877679293323,0.28379903232333675,3.110360163677948,2.9277909323162667,-0.18843008568315409,0.12884833402646823,306,242,1.4495834410190582,0.004737200787643981,0.1809365153312683,0.376535939052701
178,0.1108055128150362,0.1108055128150362,0.4399027712643228,632.6557422994675,0.4898894939859209,0.0999030348290838,0.10299136173040911,0.10028403099086168,0.19062733510971272,0.19445199116693185,0.19099106162454435,-3.091324409322382,-0.38136595392691874,2.6286969062843917,0.1438844058614882,0.14520028781341382,0.143176053312703,0.1804034805210666,0.18297132255118018,0.17970743235606804,-0.9145410470627093,0.4923066850393155,1.3940981324444854,-0.3160516937273689,342,401,1.9831371922045946,0.005798646760832148,0.14562003314495087,0.46518308483064175
179,0.9168446106494224,0.9168446106494224,0.8384624671763663,693.4458162968725,0.5128219745676521,0.36852593713387233,0.36490037081713617,0.36489701762129734,0.32325466267909,0.3203053863864607,0.32008189252128777,0.9838022107570472,0.9847121048787222,0.000918934620789758,0.13563233307427777,0.13373145870224526,0.13372524836456887,0.20367530166251027,0.20142602862397901,0.2013265105357765,1.4014905804145659,1.4060693836656994,0.004643886888440164,0.08250800218467458,278,329,0.9422326870262623,0.0033893262123246845,0.1760450154542923,1.7077620336785913
180,0.4145685684633443,0.4145685684633443,0.603405462676351,532.1770224162054,0.446852092797787,0.09793325714409709,0.09850350404425677,0.0974786701627201,0.1488342504722982,0.1526711026296313,0.14932234296875269,-0.5822811543178118,0.46418039656142146,1.0404034775008784,0.1452868107955141,0.14538686185821204,0.14463072311870565,0.18202149294764364,0.18414199813469018,0.1817551848958621,-0.06886451849973228,0.45158103011281725,0.5200873929336279,-0.15254900231534074,460,550,1.7689666207879782,0.003845579610408648,0.17913252115249634,2.876374313607812
181,0.3853536797325201,0.3853536797325201,0.5567286337690727,765.8291496006528,0.5375753078431682,0.034518742589595995,0.035619980472840124,0.033946598807195756,0.1180056224401221,0.12155567239641785,0.11771136451120522,-3.190260712381926,1.6574873227644278,4.697873618769399,0.1438694207998923,0.14243995881094443,0.14210876926752167,0.1246777778822145,0.12637992911129098,0.12400953830424838,0.9935829177599158,1.2237844029548912,0.23251168154459875,-0.19922583122261905,323,440,0.8546616919338703,0.0026460114301358213,0.09520374238491058,1.168027136940509
182,1.1601639830363508,1.0,0.8624237117041917,509.81685514097353,0.436267955932385,0.17608862955734483,0.17186724277090928,0.17206865766905305,0.22532437069900382,0.22496079217842196,0.22449432623180626,2.397307990327006,2.282925307782377,-0.1171921390583085,0.44790715682746823,0.4390834456540257,0.4394416257439054,0.2942402172988131,0.2948625901444242,0.29391292863158874,1.9699866454336212,1.8900191601144103,-0.08157449191603713,0.10646924671250002,347,274,0.7932156268507242,0.002285923996687966,0.13479726016521454,0.4737642612308264
183,0.7495264927292689,0.7495264927292689,0.7527569419133086,652.0552117471899,0.4974388419619486,0.3442697470468122,0.34222899536543155,0.3419724909463207,0.24832094700255805,0.24507407795219727,0.24477694440643874,0.5927769427567895,0.6672837564722478,0.07495110659368674,0.6467279899212702,0.6381991549528797,0.6387163443557397,0.29741329855212756,0.2927340280778826,0.2922143275520256,1.3187669470481371,1.2387967878900494,-0.08103887302986586,-0.0031975230783831687,343,218,1.1235436275601387,0.003275637398134515,0.11603273451328278,0.13283115532249212
184,0.6355142125145375,0.6355142125145375,0.7104176281682171,400.4929115200442,0.3780865274432424,0.07174311415532877,0.0710623936867068,0.07074281672007639,0.1415547366212322,0.1408723568314962,0.13992380258354556,0.9488303883048117,1.3942765755702689,0.4497132027937835,0.1976934951910951,0.1965094237488705,0.1960538014592454,0.22277870133666622,0.22037837449884207,0.2198633521394185,0.5989430461938305,0.8294120806882146,0.2318577302467598,-0.04553683682347465,429,453,1.14971908275038,0.0026799978618889976,0.16937078535556793,0.7675730306655169
185,0.9470703959400608,0.9470703959400608,0.8524398055076303,671.6814906142217,0.5048524214446812,0.15055908863229683,0.14679267143940966,0.14681859162231795,0.16026547552876652,0.1589336565616399,0.1582471481389843,2.5016206109520964,2.484404657306423,-0.017657681854358315,0.2704519259524586,0.2626769739773387,0.26306525423123267,0.20821223487641374,0.20352007500264008,0.2030645639329563,2.874800002898343,2.7312328042080165,-0.1478166312085951,0.0964853405159386,411,312,1.6743644140660763,0.0040738793529588235,0.1633700430393219,0.047304391860961914
186,0.7863001100456953,0.7863001100456953,0.7685284235001918,466.0977161667997,0.4143579247079177,0.09663775305387325,0.09496401449990724,0.0948314489324608,0.16514716560714957,0.16390533028851015,0.1631326911210082,1.7319717202374694,1.8691495449045392,0.13959558064656977,0.19454759576342198,0.19259321505686394,0.1924184536607826,0.20826919194335655,0.20652210259530615,0.20576662428112147,1.004577157013366,1.0944067924789447,0.09074120084122947,0.012573958508500072,417,379,1.7366380896419287,0.004164599735352347,0.11241006851196289,2.0563239250332117
187,1.4210514472323106,1.0,0.8661865185399313,542.677261440703,0.4516864180468898,0.18457147987654132,0.1783022435100198,0.178746683608107,0.1974384161084117,0.1967855085071329,0.19619787149421578,3.396644146059278,3.1558484942150824,-0.24926220183102735,0.1751101662375393,0.17386162477187786,0.17359152837273897,0.19105770069523395,0.1920859896168946,0.19120102445495565,0.7130034152145013,0.8672471150191697,0.15535136030925564,0.11023205354823962,522,463,2.0006817830726504,0.003832723722361399,0.24466843903064728,1.556634223088622
188,1.5273824106610214,1.0,0.845016313066286,378.56399938610025,0.3649394694787686,0.1915755642629967,0.18669735341763788,0.18714247589875083,0.18437258871831985,0.1831901242110201,0.18282734539293385,2.5463638142607685,2.3140155589781273,-0.23841927749089087,0.552241973782384,0.548333707292384,0.5481437579058057,0.2794469837043069,0.27919252401226763,0.2781976764331211,0.7077090615245731,0.7421051044905299,0.03464120189075868,0.08906184807459427,348,339,2.2663633599877357,0.006512538390769355,0.26863402128219604,1.2737785540521145
189,1.124669732769144,1.0,0.8778770737298613,657.6890950236643,0.4995895898444479,0.3180680028596285,0.3129150017654883,0.3131021095379419,0.2423030199148261,0.2417099262997878,0.24110831319376538,1.6200941458466467,1.5612678034383094,-0.05979507898243616,0.06472615707521179,0.06370186172730243,0.06370291856017676,0.12113113559964979,0.12017149756133988,0.11995021294982573,1.5825060442243333,1.580873268663272,-0.0016590298080491816,0.12192260873816962,399,523,1.504824548959732,0.0037714900976434386,0.15744972229003906,1.2912783501669765
190,0.9741014789119388,0.9741014789119388,0.8554188982928121,552.0957807949968,0.4559513857819013,0.08414272715633588,0.08085969702669572,0.08090614411163888,0.14450242780945263,0.14208153830124773,0.14155101405370918,3.901739628120602,3.8465392721149585,-0.05744157676947553,0.08193295619597739,0.08075523968396571,0.08060732901377267,0.15501743134098334,0.15464952516560806,0.15403975969250888,1.4374148897968118,1.6179413556541524,0.18315922381245725,0.09946443330112043,418,437,1.4336709575727582,0.0034298348267290868,0.12663835287094116,2.9821648113429546
191,0.3522517692501772,0.3522517692501772,0.5159260343055826,966.0862096337864,0.5945673219873571,0.19463372556128564,0.19642403170498918,0.19404426826950996,0.18598055979650074,0.18531513293710422,0.18366242142402006,-0.9198334659323031,0.3028546517700337,1.2115439311689726,0.22781250108705228,0.22388938206512676,0.22439044512958717,0.2164036505561073,0.21388278349903073,0.21319819692923342,1.7220824156732328,1.50213703863313,-0.2237993869287879,-0.24002843068610913,316,370,2.007621316239238,0.006353232013415309,0.26809853315353394,2.326613923534751
192,0.6207022231365843,0.6207022231365843,0.6916118324114092,597.7606608926094,0.4757232242346949,0.14343413577893493,0.14252917088989556,0.14200869958914838,0.15643408646735613,0.15545797338808293,0.15382765582689734,0.6309271388744848,0.9937914583899857,0.3651682652032251,0.15439746760006942,0.14932112662154712,0.15006243454450985,0.16776733186463952,0.1653444744397997,0.16422696768921455,3.287839533528736,2.807709946893989,-0.4964521362349268,-0.0643426325802825,365,290,1.2987674474716187,0.003558266979374298,0.08011384308338165,0.1446380279958248
193,0.7254043479993887,0.7254043479993887,0.7282455724002945,6424.616814373856,0.9069979207732114,3.422683703622878,3.404520240796896,3.4014825247223093,0.9289396948862705,0.9213341781703993,0.9202423507574504,0.5306789758795434,0.6194314384974388,0.08922596606080554,1.0930387109973263,1.0857598947176763,1.08502532048137,0.4461088601939344,0.44394779255313827,0.44278987956509247,0.6659248392958148,0.7331296170329221,0.0676553112598898,-0.027708892591397194,318,305,1.0883986130356789,0.0034226371479109396,0.18807990849018097,0.32091534696519375
194,0.6462661178155918,0.6462661178155918,0.7064220654212232,542.4308630066475,0.4515739442307979,0.13161696822313673,0.13062184409465813,0.1302085000431121,0.20877703246581666,0.2090883983804134,0.20799122160222708,0.7560758630995965,1.070126594647572,0.316443282829852,0.18155031786758422,0.17999500658402173,0.1794923282329267,0.21610944012375982,0.21469362847301557,0.21364080511285266,0.8566833161354566,1.1335643246620595,0.2792734979902735,-0.04953239957046851,452,394,1.5237078852951527,0.003371035144458302,0.12276912480592728,0.48703763633966446
195,0.7500341651364784,0.7500341651364784,0.7530422808624688,637.7608961206203,0.4918980795640729,0.15920603671775171,0.15720596129609044,0.15695609054044302,0.170887039586786,0.17020824076940796,0.1688758711771588,1.2562811454235943,1.4132291863389033,0.15894483490788142,0.21984577955493828,0.21590496490761374,0.21607244307698817,0.2126444239198626,0.20977652280727713,0.20919772830326092,1.7925359564793253,1.7163561136306351,-0.07757031870299701,-0.0029121841292228945,331,314,1.304981753230095,0.003942543061118111,0.12334449589252472,0.4090982750058174
196,1.3702207253053205,1.0,0.9073727039284688,1076.8936123166304,0.6204507651886443,0.5233029811808585,0.5115488278045436,0.51206996463082,0.4161779251235102,0.4108397630800448,0.4108374975999145,2.24614684017108,2.146560779128499,-0.10187430758330926,0.45634206453110115,0.4506509210869455,0.45059367371469833,0.40867391045274315,0.4046169188783066,0.4044148317486233,1.2471222546629377,1.2596670925590414,0.012703263117510664,0.15141823893677708,367,246,1.7882500048726797,0.00487261581709177,0.21650630235671997,0.18351181223988533
197,1.0784352067263636,1.0,0.8371821361294003,328.6514448044102,0.3328381776578834,0.09356220879266086,0.09117780724720184,0.09128508840314592,0.16381260384653468,0.16236340260860532,0.1619900099062648,2.5484664975609843,2.4338035825566804,-0.11766147836086525,0.11341005238043393,0.11264898345699269,0.11246595446202823,0.1674102316909633,0.16654613030051402,0.16598137963507048,0.6710771289375995,0.8324640528678426,0.16247727174061619,0.08122767113770857,265,196,0.8975522369146347,0.0033869895732627723,0.13799254596233368,0.5322622247040272
198,1.1529618424260033,1.0,0.9329714970486532,1739.7591599954253,0.7253442766364692,0.5902598735432107,0.5760114746558924,0.5762842222605427,0.4906328191709615,0.4866844285690225,0.48649450679387213,2.41391961845349,2.367711563853236,-0.04735107140238396,0.5224830141729553,0.5095234999422424,0.5098392542497087,0.4359281045442384,0.4319980567143693,0.4318503470897551,2.4803704386881584,2.4199370276678915,-0.06197050921145212,0.1770170320569615,362,320,1.9465675465762615,0.005377258415956524,0.12190540134906769,0.20809230580925941
199,0.8770816155188377,0.8770816155188377,0.7957256215693561,322.0418123697853,0.3283422123329093,0.08912660597036648,0.08760347674508788,0.08758632983727052,0.16920871285884684,0.16823453779982214,0.16777907389961583,1.7089501038388262,1.728188924425195,0.019573318838992403,0.10324777542943879,0.10218441673753803,0.10198985566149621,0.18844045138354057,0.18944426859790253,0.1885576448146026,1.0299095428234926,1.2183504803958354,0.19040190496125656,0.03977115657766439,408,540,1.1473676580935717,0.0028121756325822835,0.15692320466041565,0.22770802676677704
200,1.5059896896880491,1.0,0.8331447754705803,304.75902442407727,0.3162947049052168,0.09585399858300879,0.09200861883674637,0.09238455005724776,0.14535387648902798,0.1432701192610691,0.14295131291655228,4.011705096404878,3.619513611376908,-0.40858261460093964,0.21315183394658616,0.20777986509179708,0.20822932286766996,0.20937805032621906,0.20788759036889823,0.20732451636247268,2.5202545787784505,2.3093918488872736,-0.21631440355123432,0.07719031047888858,467,408,2.3012826023623347,0.004927800005058533,0.2588822841644287,1.1534743197262287
201,0.4546344632784032,0.4546344632784032,0.5889735480272847,818.8381211409202,0.5541647285774689,0.12470767540148854,0.12517359742202916,0.12373894339207596,0.1684940991309998,0.16881551278245638,0.16676994145847904,-0.373611342718571,0.7768022347412137,1.146131500172669,0.16097821257688086,0.1611415653651909,0.16001201810840135,0.19520089764016113,0.19375780117115832,0.19267946444503306,-0.10147509137736198,0.6002020105783373,0.7009657962734068,-0.16698091696440698,374,471,2.348230456933379,0.006278691061319196,0.26450875401496887,0.9168325085192919
202,0.2890975266001835,0.2890975266001835,0.5436557842287671,549.406385036466,0.4547403354320291,0.10536179263693234,0.1068151235307945,0.10529709476567928,0.1870436600756866,0.18797079923474524,0.18628415126173226,-1.3793718363071332,0.06140543894882422,1.4211740013366012,0.24104367502420784,0.2395761167791155,0.23889796691965615,0.2344624054117427,0.23352268425100423,0.2322962948809338,0.6088349942992518,0.8901739920519404,0.28306238058136435,-0.21229868076292457,271,473,1.4881668388843536,0.005491390549388759,0.15415135025978088,1.0671797450631857
203,1.2742524083686346,1.0,0.8705224507556729,582.9112054007746,0.4694533164070421,0.1999540040779208,0.194293252464352,0.1946141559298133,0.2202354678536157,0.21839658116932867,0.21787539041489035,2.8310268852444884,2.670538243398518,-0.16516449304906752,0.25290792418277047,0.2475331256444113,0.24781135791100284,0.2457512777593727,0.24295868020279984,0.24261303617465146,2.1251997365155466,2.015186470821874,-0.11240203341157365,0.1145679857639812,478,432,2.1176292710006237,0.0044301867594155305,0.197557270526886,1.194671306759119
204,1.10042526847085,1.0,0.8654692686549382,536.2717534531452,0.4487474178108531,0.21394589092200256,0.2099072707190571,0.21005901221553053,0.2367655038587582,0.23384510352514745,0.23374253332524672,1.8876829957055838,1.8167578212049207,-0.07228977631581028,0.39676216471364384,0.3918095494774167,0.39184254745104646,0.23036291912819049,0.22956837481874384,0.2287957581341051,1.2482579430933405,1.2399411284964692,-0.008421942158831667,0.10951480366324651,203,216,1.0805361531674862,0.005322838192943282,0.17618735134601593,0.04994399473071098
205,1.438300042930357,1.0,0.8654296544135286,535.9199622819093,0.4485850946550196,0.3202678715942698,0.3139607558555538,0.3144180891270844,0.29321662716092395,0.28945220779258224,0.2894139599712649,1.9693251487636432,1.8265280366917815,-0.14566574420563702,0.1350295348883775,0.13356807590106612,0.13342257875763294,0.18391981189074508,0.18304565093347938,0.182530215365683,1.0823254249668335,1.1900775130958876,0.10893107686970513,0.10947518942183687,382,397,1.18636966496706,0.0031056797512226705,0.1977900117635727,0.9198687896132469
206,1.3526851073859842,1.0,0.90341931718524,1005.8468148053872,0.6042513836138325,0.44426804832281847,0.43351059047493345,0.43399916298657865,0.37003634772038085,0.36742556801306153,0.3671634634359094,2.4213890439558057,2.3114165817250356,-0.1127014016220306,0.4035288410885764,0.3927641402420063,0.3932783348835224,0.34156568943687615,0.33844795634207925,0.33820532692650807,2.667641008640373,2.5402165003626074,-0.13091690122200533,0.14746485219354832,254,295,1.8913728930056095,0.00744634997246303,0.24061422049999237,0.4787423061206937
207,2.005697019235247,1.0,0.8690253360784433,568.7180888924978,0.463318745343578,0.30096624281033185,0.29022576103190273,0.29122653888093686,0.26176069182334794,0.2568632027339755,0.25700356447600814,3.56866659800041,3.23614497042877,-0.34482736662515623,0.23093585052362017,0.2262388118565688,0.22652705410155885,0.19631395057474985,0.19406590933163353,0.19383126918036442,2.033914897319487,1.90910004317861,-0.12740618756996935,0.11307087108675162,323,305,1.2179082334041595,0.0037706137257094725,0.1417021006345749,0.3340357970446348
208,1.7328653584887952,1.0,0.8710839825964432,588.3197136861172,0.4717542470130909,0.2431151710443274,0.23401775238689637,0.2347762319858209,0.1848342391082097,0.18505121611605077,0.1843571322409117,3.7420201373497513,3.4300364813457276,-0.3241119920127042,0.30416287065896164,0.2993711496822168,0.2994030749492689,0.22763236989847344,0.22759624157792518,0.2269218981630074,1.575379981903676,1.5648838727030605,-0.01066410944607709,0.11512951760475143,272,303,1.438364116474986,0.005288103369393331,0.09983363747596741,0.15607434324920177
209,0.5596280521516297,0.5596280521516297,0.6614149026186449,611.8648541176767,0.4815427583351394,0.10753657503196694,0.10707896529095903,0.10637458208757192,0.17421333659221674,0.17232163076838583,0.17169366484137968,0.42553869776108627,1.0805560285415454,0.6578165949522754,0.1021943469462008,0.1010104888019749,0.10071653614011072,0.1624607099054186,0.16011741838067256,0.15951360231763975,1.158437995449137,1.446078819670973,0.29101201800978466,-0.09453956237304684,311,300,1.9172650557011366,0.006164839407399153,0.1536605805158615,0.7154135908931494
210,1.3033788656717684,1.0,0.8643266985375997,526.2077349175994,0.4440656271060995,0.12027864094630747,0.11497631085918864,0.11530871534195625,0.14868905886426467,0.14397647170798492,0.14385083548596986,4.408372131080031,4.132010110232126,-0.28910693018730393,0.21427742659717858,0.2094581167764891,0.2095809194108851,0.23599263864975065,0.2316078886765521,0.23144142542464574,2.2490982355081814,2.1917881229376817,-0.05862873030938913,0.10837223354590797,407,435,1.5699017718434334,0.0038572525106718267,0.1424858272075653,5.05574232339859
211,0.994015701120714,0.994015701120714,0.8779328529229764,692.2268340976046,0.5123824017496736,0.1289008801151578,0.1246116602077062,0.12467000310016614,0.21303860151119694,0.20928411072760975,0.20925153931758314,3.327533453316752,3.2822716270143872,-0.04681976980540554,0.18526793473894482,0.18121976679524393,0.18103532107033932,0.2550316637470157,0.2510787005179667,0.2509065743566092,2.1850343122813087,2.284590517279497,0.101780135890482,0.12197838793128468,454,466,2.2137495558708906,0.004876100343327953,0.19338171184062958,0.7813800629228354
212,0.4907429106785181,0.4907429106785181,0.6184713220796281,709.0804923266531,0.5183904723461539,0.11434525377930446,0.11442758397012308,0.11334686840474295,0.17910432291818604,0.17871187291514673,0.1771811253237984,-0.07200140635265917,0.8731323264964502,0.9444537128934761,0.2767620842323076,0.2803547462835942,0.27708883376110105,0.30860801893479156,0.3105969843209242,0.3080278678947467,-1.2981048546631895,-0.11806152193853356,1.1649214310748612,-0.13748314291206365,545,423,1.2442833464592695,0.002283088709099577,0.10953528434038162,0.7230340447276831
213,1.177319248944725,1.0,0.8687653389523062,566.2862367627084,0.4622533821681025,0.1510854407462903,0.14627462687196946,0.1465010738883697,0.19744945951830814,0.19469232376104592,0.19434444338442017,3.1841677467780483,3.034287642327419,-0.15480949857314383,0.16243943229254165,0.15882647365394692,0.15893898683728733,0.19968904662794698,0.19676027488118317,0.19648974311863648,2.2241881713105567,2.1549234726148736,-0.07084032072987533,0.11281087396061451,479,459,1.9914149045944214,0.00415744238954994,0.21973732113838196,1.0521159004420042
214,1.2393752665036164,1.0,0.87725020363489,650.9660807605521,0.4970209294714978,0.230193203049451,0.22415632492072401,0.22445774636339136,0.22920227698453108,0.22858849053523944,0.2280827399380009,2.622526664017152,2.4915838565518116,-0.1344693007319536,0.48163199061440304,0.4706173490797436,0.4714257124615372,0.2886452652386403,0.28556011497680756,0.2854186065956076,2.2869414302418702,2.1191030396145427,-0.1717665919826943,0.12129573864319831,261,262,1.1515644136816263,0.004412124190351059,0.1744607836008072,0.46579645946621895
215,0.5432517980583679,0.5432517980583679,0.6464943174321932,698.4431012106932,0.5146157739235641,0.2738544582182323,0.2734755584594421,0.27260846203166794,0.23246926321168176,0.23115356165480588,0.23083643643824706,0.13835807576601272,0.4549848100597372,0.3170654199076281,0.1869104290049466,0.1850215438895142,0.18523444675544715,0.17732606274268412,0.17539998923758007,0.175263488974585,1.0105830506559927,0.8966766907667236,-0.1150692300244162,-0.10946014755949851,84,67,0.47426025941967964,0.005645955469281901,0.25078070163726807,0.03454608749598265
216,0.8725770931294952,0.8725770931294952,0.8051835290197451,481.2123345543359,0.4221227459381499,0.11583167461450614,0.11358292018963265,0.11354762746840333,0.13894864763270132,0.13890932790617472,0.13790716203186765,1.9413985270932683,1.9718674997182213,0.031072208013665736,0.23699787667651342,0.23014065028873112,0.23075870353396472,0.20301234277025718,0.19920569591056506,0.1987086705025946,2.8933703896182856,2.632586093193051,-0.26855457497760177,0.04922906402805338,396,298,2.054992544464767,0.005189375112284765,0.22903500497341156,0.34943223372101784
217,0.7061883213873305,0.7061883213873305,0.7248736756664655,1095.7823467505475,0.6245368251218567,0.32646408016571,0.32363022602811253,0.32303939747104093,0.22438172444291488,0.22589991346667035,0.22334715649370923,0.8680446976460691,1.049022818354387,0.1825628478287673,0.3128286592632604,0.3118459372291688,0.3108006721251033,0.24031738369744957,0.24065878128642193,0.2387286347234014,0.31414066614165354,0.6482740881008785,0.3351863786820327,-0.031080789325226177,299,330,1.5371273048222065,0.005140893996060891,0.14315561950206757,1.0318131567910314
218,0.7322863137932443,0.7322863137932443,0.7499423065350715,224.32200256811967,0.2540189305962607,0.07916346722547792,0.0785099084872772,0.07840952112215316,0.15634341237739008,0.15561664094413022,0.15517600410716284,0.8255812448679363,0.9523914625635641,0.1278658542065473,0.16443160942904325,0.16304621060111724,0.16296740861516912,0.20559444446231123,0.20413960778728002,0.2038281964608465,0.8425380209660072,0.8904618880507743,0.048331074765608925,-0.006012158456620176,310,448,0.7199578564614058,0.002322444698262599,0.10277552902698517,2.3871390596032143
219,0.8970630777947803,0.8970630777947803,0.8240145124169727,613.7820068979041,0.4823238360386688,0.19707329780980282,0.1940165276317733,0.19399628102805405,0.2702978607337572,0.2679552620501801,0.26767247138473355,1.5510828772854037,1.5613565185875262,0.010435504627558906,0.25422075430357527,0.25306384919517716,0.25272357779091736,0.29192299516926457,0.29039910676756003,0.2900011585824916,0.4550789378181935,0.5889277280918088,0.1344606925651237,0.06806004742528093,349,333,1.2157377023249865,0.0034834891184097033,0.0978778675198555,2.2304638102650642
220,0.9949112622162888,0.9949112622162888,0.8777175667858953,684.4552365094955,0.5095611558593065,0.33396139446324485,0.32971264113904925,0.32977148390457833,0.22303923282990368,0.22271004689083698,0.2218266426781006,1.2722288847261412,1.2546092536835585,-0.017846681681905025,0.23171584231515302,0.225628015175829,0.22594160390802195,0.20480826285899154,0.20206396950741698,0.20170678552662416,2.6272813625941285,2.491948046986626,-0.13898483836263553,0.12176310179420358,390,323,1.7543579954653978,0.004498353834526661,0.16107551753520966,0.12824059650301933
221,0.2623702899270532,0.2623702899270532,0.533941031770558,538.5547625416386,0.449798523609594,0.12836340531580312,0.1299685705285411,0.1283799970377754,0.1795082865629505,0.17969729306528306,0.17846278841657956,-1.2504850652636668,-0.012925585708364926,1.2222751118254893,0.261546963665606,0.25805954407171144,0.2585110874634159,0.23242203586642368,0.2308007093456155,0.23003495987984104,1.3333817930890932,1.1607384615145182,-0.17497643550783273,-0.22201343322113376,347,376,2.426458301022649,0.006992675219085444,0.2208254486322403,1.0460174158215523
222,1.119179299302383,1.0,0.8715688578115119,593.0279388358971,0.4737410697388266,0.1690617580743497,0.16445621643734457,0.1646314114802117,0.20135608727134158,0.2007796924925238,0.20012981778332026,2.7241770637329563,2.6205492268627775,-0.10652989997121219,0.13747992318351426,0.13457554151722192,0.1346059772730859,0.18633053146941045,0.18666788151126903,0.18602905431081646,2.1125860409562796,2.0904477132941737,-0.0226161124977401,0.11561439281982022,357,340,0.9961519856005907,0.0027903416963601982,0.08665027469396591,0.6188748609274626
223,1.8521088519124635,1.0,0.8792509415972412,672.6676002100097,0.5052191452769333,0.34443757177577633,0.33302978760160074,0.33395939239914724,0.23192908513744354,0.22951506101724026,0.22923344720429067,3.3120034249927564,3.0421127760853657,-0.2791356305516358,0.6141617533496947,0.6049153400367048,0.6053180894387814,0.34597324772747784,0.3435674834675956,0.343143730481273,1.5055338862374825,1.4399567968339178,-0.0665794658228029,0.12329647660554943,229,381,1.1216323962435126,0.004897958062198745,0.11857815086841583,0.964121276512742
224,1.0043412983029207,1.0,0.8677513890791786,556.8937352179228,0.4580986252572943,0.30235634119687105,0.29883355736388173,0.29889864968510876,0.22085216263252166,0.2199850049659594,0.21939364200008682,1.1651099557047337,1.1435816090626996,-0.021782132435606148,0.16544193133542046,0.16396612422056012,0.16346290708178352,0.16947943416031547,0.1720884824043283,0.1706218217651066,0.8920393415066321,1.196204757562111,0.306903112559821,0.11179692408748687,361,384,1.560848580673337,0.004323680278873509,0.14170600473880768,3.8015536349266768
225,0.2912850626917481,0.2912850626917481,0.4689953873103216,1063.753260448555,0.6175553549707117,0.18300673697769956,0.18579147000832832,0.18265139185901644,0.24004530438738114,0.24321771932383585,0.2401768870314989,-1.5216560202196803,0.19417051227268572,1.690108888837108,0.1836397529017386,0.19035916175375805,0.18462827201813242,0.20512333471172245,0.21094001246834185,0.20592046594891497,-3.6590164960714504,-0.5382925541850223,3.0105668058356505,-0.28695907768137013,502,455,1.9275591149926186,0.0038397591932123874,0.16893687844276428,0.6498064752668142
226,0.8988533033895396,0.8988533033895396,0.8559502749806749,1535.4209085616412,0.699766429945236,0.9253189988051082,0.9176377864145656,0.9175569982507292,0.4145906592604988,0.4080731035611852,0.4079712246170677,0.8301150630713854,0.8388459076710004,0.008803927326494067,0.8554114738191436,0.8449542636788226,0.8453521687431508,0.5010135653351475,0.4970610990596792,0.4968450051448694,1.2224771890927313,1.1759609712833525,-0.04709190561341183,0.09999580998898316,420,363,1.2439548633992672,0.002961797293807779,0.11373089253902435,0.6869806749746203
227,1.4114200270417463,1.0,0.8834541640862044,720.6858501767234,0.5224422527958649,0.40286651158305864,0.39462790636209893,0.3951227248565315,0.3049946987308581,0.3028821177525767,0.30236984983423976,2.044996291348768,1.9221718618651222,-0.12538862215652016,0.4578164347310286,0.4488336554365254,0.4492158258546449,0.33406261017327993,0.33109874894935665,0.3307161023198525,1.9620919244152215,1.8786151443944197,-0.08514745128633641,0.12749969909451264,446,457,1.9438328333199024,0.004358369581434759,0.16296792030334473,3.7017273772507906
228,0.9443003701787632,0.9443003701787632,0.8452897483890882,594.3945629179099,0.4743149754631811,0.3228205149888247,0.31950813133017686,0.3195331089577479,0.2205177164023164,0.2190729876622015,0.2184809893322673,1.0260759477329067,1.0183386366230793,-0.007817524852042223,0.3228967238750581,0.3024363915315716,0.30474576125559955,0.21746420825463494,0.20972503651576,0.2096157265330401,6.336494250528049,5.621290424266392,-0.7635885722392892,0.08933528339739649,382,268,1.8392198085784912,0.00481471154078139,0.1995587795972824,0.209301570430398
229,1.252062398889136,1.0,0.9236985646426056,1448.2653549223044,0.6873475462077326,0.4709560405819355,0.45729476829301696,0.45769700992383544,0.39159106859113163,0.3859397018020485,0.3859280908473005,2.900753172639647,2.81534358105198,-0.08796112676293234,0.5146438890591755,0.5074235323487714,0.5075098861509378,0.41018647032448835,0.4068090089331607,0.4066833725773895,1.4029811416985245,1.38620181059166,-0.017018091724435264,0.16774409965091386,403,422,1.1233991123735905,0.002787590849562259,0.1346481442451477,1.6603021207265556
230,0.5398360866610388,0.5398360866610388,0.648419960903638,652.4032264092332,0.4975722329524888,0.26520970924345005,0.2648837360412478,0.26406561198102707,0.2937281089611786,0.29458907532665773,0.29297530789176085,0.12291148884862517,0.4313934303863496,0.30886156788929836,0.3272969066208765,0.32727587282747006,0.3262262836580824,0.32771049667211005,0.3279817099922491,0.32659313920873007,0.0064265176300061155,0.3271106268151324,0.3207047193304543,-0.10753450408805376,412,401,2.044688893482089,0.004962837120102158,0.29215896129608154,0.8799955658614635
231,2.146554586477609,1.0,0.883816181783124,724.9841020201079,0.5239256550507242,0.3173353606229144,0.30236288046155874,0.3036355711883989,0.23947863098897293,0.23582840925185475,0.2356230094856808,4.718188396012781,4.317132956007,-0.42091500282620486,0.5139358631518605,0.49424249111581925,0.4960178786067271,0.3269789473012327,0.32200850274506,0.32203170871187475,3.831873478388122,3.486424246645516,-0.3592138520708032,0.12786171679143232,338,301,1.1907280497252941,0.0035228640524416987,0.153336301445961,1.4099816121160984
232,0.2316772040104456,0.2316772040104456,0.4218262873097265,1157.5838594827371,0.6373119769806636,0.15204099026505113,0.15593681278372448,0.15191381943206914,0.27639283169834533,0.27722889980834664,0.2749383304049329,-2.5623501345800297,0.08364246560108785,2.5798868656081932,0.17167711874869857,0.1730132793295142,0.17075044865670677,0.2863763779405602,0.28835277593270514,0.2856614212540845,-0.7782985819860618,0.5397749558857962,1.3078942157369,-0.33412817768196523,425,480,1.7942167036235332,0.004221686361467137,0.23372939229011536,1.3883042437955737
233,-0.1573885243304452,0.0,0.2300976103196259,1505.5286611889162,0.6956197483109584,0.4882385673296641,0.500652239626927,0.4894223088494193,0.31339186198011476,0.3271309001819699,0.31484549193330025,-2.542542340552343,-0.2424514569239107,2.243060130096676,0.6310911519670074,0.6366429077004323,0.6309552186700305,0.3594634319166732,0.36579702876985204,0.3596885513143576,-0.879707426751431,0.02153940782614972,0.8933876371835975,-0.5258568546720659,272,187,1.3583336314186454,0.004993873644921491,0.2219190001487732,0.09589038044214249
234,1.0297983985139394,1.0,0.8549752946450226,449.7986686120318,0.4057473522306393,0.13024152570612096,0.12725258061425415,0.1273362893072339,0.21926412127374637,0.21688724666252712,0.21680070821826675,2.294924814234068,2.2306529220507514,-0.0657815288111872,0.22910128428620752,0.22416763313465668,0.22439412007437526,0.2911547878601907,0.28671943881569384,0.2868776552846308,2.1534803556087514,2.0546214860811425,-0.10103463044663938,0.09902082965333092,477,445,2.2584067536517978,0.00473460535356771,0.2961963713169098,0.39416939951479435
235,1.4628545075484451,1.0,0.9001505718800932,951.352688742926,0.5908573860345055,0.41002464234511166,0.39853540111713076,0.39914635254015274,0.3449880727634771,0.34099945321984415,0.3406911797603299,2.8020855435099854,2.6530819569139026,-0.15329916020243747,0.4266578728810873,0.42196095407480927,0.4217448638626118,0.35283282838082514,0.3513686393691655,0.35077209729748277,1.1008630344873782,1.151510221831724,0.051210949759861756,0.14419610688840145,238,327,1.5865087322890759,0.006666003076844856,0.21586790680885315,0.5141993742436171
236,0.5854284199417735,0.5854284199417735,0.6915126156351548,400.1758756744504,0.3779003338620376,0.08614453624841084,0.08571574846046078,0.0853126620681786,0.1196158877644108,0.11906322534524906,0.11764591170306843,0.4977538989978326,0.9656725968474735,0.47025943251036634,0.09600803555836819,0.09522961448896419,0.09470171630547397,0.13457949882633444,0.1337718833231548,0.13223037041816998,0.8107874146958833,1.3606353315083106,0.5543424556773755,-0.06444184935653696,444,318,1.4913081843405962,0.0033588022169833247,0.13045448064804077,0.2289559505879879
237,0.8178395852187863,0.8178395852187863,0.7878816658347717,702.073843296529,0.5159107831724233,0.2229786607000755,0.22017980886450547,0.2200376604865733,0.19994073539694865,0.19797449899334812,0.197193013002721,1.255210622748652,1.3189603903209701,0.06456013322258893,0.578851823755137,0.5734315459013261,0.5734923960336927,0.30759748660348846,0.3074095834676719,0.30618664080394814,0.9363843442089246,0.9258721319519214,-0.010611577406511434,0.031927200843079984,448,455,1.021355140954256,0.002279810582487179,0.13599227368831635,3.0256077498197556
238,1.2331590026683366,1.0,0.8694047115099927,572.2839043523029,0.4648732725818509,0.21868618441722606,0.21342360293320448,0.21370337826933342,0.2193208518508596,0.21915755674641116,0.21856993015518061,2.4064535663493207,2.278518947674387,-0.13108921988188058,0.23099478147134314,0.22432370913831487,0.2247550862397596,0.20975091223225845,0.2080763883713075,0.2076467090411206,2.887975343224745,2.701227790445835,-0.19230116294962973,0.11345024651830093,495,672,2.6899174470454454,0.0054341766606978694,0.20546050369739532,8.091231361962855
239,1.1313748932357004,1.0,0.8594364379804149,484.98191375434607,0.4240273151696884,0.1791430314711815,0.17530240579365422,0.17547483071145975,0.18764555238390812,0.18539574667723083,0.18491318628178485,2.143887845364003,2.047637984909192,-0.09835855761642491,0.24736312628981028,0.2448029487311641,0.24471325007832334,0.23113518571752648,0.22984373538922256,0.2292130509464302,1.0349875492949105,1.071249482989774,0.03664116519252285,0.10348197298872319,379,336,1.8169899703934789,0.004794168787317886,0.2344818264245987,1.4825596921145916
240,1.010346791079604,1.0,0.8529844219017066,434.7865282645969,0.397589560106935,0.1143313805869429,0.11154826913921463,0.11161549793838292,0.17741156092181742,0.17447184837283813,0.17410921361978182,2.434249838881159,2.3754481356014843,-0.06026879635791267,0.20751442072532453,0.20360135155536258,0.2037459769258601,0.22429627554475257,0.2223901601091547,0.22189105199305378,1.885685417083118,1.8159912869151895,-0.07103360041212932,0.09702995691001493,487,683,2.2016646191477776,0.00452087190790098,0.24662552773952484,7.2503369096666574
241,1.0056200283494618,1.0,0.8993999307414912,939.3385411344536,0.5877815619323501,0.2730874989747349,0.26713039005693756,0.26719666924866553,0.1753708038027059,0.17658797625702802,0.1756965857160549,2.181392022762806,2.1571217094101978,-0.024811550536740563,0.816922239072785,0.7775708645920664,0.7804361310733616,0.34959085105196264,0.3387849917082096,0.33871018150924065,4.817028181945798,4.466288987411522,-0.3684894344386799,0.14344546574979944,387,351,1.8081428315490484,0.004672203699093149,0.18105921149253845,1.5208259336650372
242,0.85697735108662,0.85697735108662,0.7948630022489089,412.6544795563235,0.3851457700451756,0.09415147081872505,0.09230383506935162,0.09226088313074948,0.1797315328975807,0.17785323860152127,0.17749600461150308,1.9624077386223509,2.0080277785735454,0.04653321129059082,0.23888039239146514,0.23513202795270477,0.23531860565053647,0.24579796143372262,0.2440213309814531,0.24347703869502002,1.5691385974524585,1.491033527394658,-0.0793501844288228,0.03890853725721721,406,479,1.8340372880920768,0.004517333221901667,0.1654781550168991,0.6667411811649799
243,1.532197404781752,1.0,0.8769634390772294,647.9134450990642,0.495845884176566,0.16183012783062345,0.15344192573657295,0.15403555982061584,0.21046924562442912,0.2099297210520876,0.20922571796338515,5.183337742172372,4.816512298727003,-0.38687867164938766,0.08638883635013155,0.08414258688010741,0.08420080916668192,0.14711984424998073,0.14490546069742188,0.14463666281350854,2.6001617395564285,2.532766125685051,-0.06919479033544597,0.12100897408553768,332,513,1.547259520739317,0.004660420243190713,0.13310466706752777,4.814037716016173
244,0.5740849125012728,0.5740849125012728,0.6649765874714815,659.3944546914171,0.5002369900536435,0.722452821704173,0.7218400986899292,0.7211241073476657,0.34068988530262695,0.3374489118741063,0.33715095694167435,0.08481149160695794,0.18391711079112558,0.09918974348513848,0.5004165460543537,0.49905083450674065,0.4987755256406293,0.24448787769158165,0.24156694275572035,0.24167890829314573,0.2729149462345552,0.3279308861114553,0.05516649749387502,-0.09097787752021025,224,203,0.5052658282220364,0.0022556510188483764,0.17024776339530945,0.7828061683103442
245,0.9609745277506102,0.9609745277506102,0.8702927454708007,830.6253972265636,0.5576931298355833,0.2117525383880333,0.2069499953639492,0.20698489749840923,0.2512625266392738,0.2484815002429521,0.24816820401292644,2.2679978528916154,2.2515153423509044,-0.01686500857303703,0.437619210944446,0.43051339017230156,0.4303746470804534,0.39862035982961225,0.3917812816532364,0.3919674861868488,1.6237451634742104,1.6554492313894897,0.032227358083475335,0.11433828047910899,334,271,1.7064134441316128,0.0051090222878192,0.26223069429397583,0.1038865577429533
246,1.6345971720693957,1.0,0.8783066210958753,662.3358671040706,0.501349701399037,0.22170855092764466,0.2122829488584041,0.21298601540184284,0.189556621931652,0.18649128068896573,0.18595585180076118,4.251348010621674,3.9342350528683268,-0.3311931303101016,0.27674079186783557,0.2707191702788694,0.27092764013044435,0.22059618136723408,0.21796159192230524,0.21739646685808744,2.1759067567610204,2.1005763906924986,-0.07700594359838651,0.1223521561041836,432,674,2.2040437813848257,0.00510195319765006,0.20826788246631622,5.645820163190365
247,1.104239610223562,1.0,0.8965765916668845,895.7120407722874,0.576212659126935,0.3367040581064519,0.3299156689033012,0.33009687192176934,0.3563104108266624,0.3514034332527668,0.3513518435560283,2.016129309912998,1.9623126082411562,-0.054924041368051985,0.41535260749376357,0.40991801702228886,0.41000273908151713,0.4001323701253641,0.3973942244721309,0.39718228278333695,1.308428158009411,1.2880305349537902,-0.020668049636779883,0.1406221266751928,425,383,1.8090557651594281,0.004256601800375125,0.15279710292816162,0.7208567783236504
248,0.8646216742951363,0.8646216742951363,0.7860029638833006,251.7853527323183,0.2765185476301391,0.03580756674758199,0.034656071703478925,0.034636892224810575,0.10755683213969568,0.1056728340946569,0.10526513501828152,3.2157869095665985,3.269349551238262,0.05534233317743225,0.06971866528634109,0.06822468185910134,0.06830258480047559,0.1422453132991003,0.14040690369383024,0.14018120962270242,2.1428743954059044,2.031135392580345,-0.11418586243484943,0.030048498891608877,96,84,0.7903350964188576,0.0082326572543631,0.19805169105529785,0.15404969453811646
249,0.8565784958687412,0.8565784958687412,0.8074473770345085,690.4375380863621,0.5117357314549932,0.2369926912712036,0.23390475254425508,0.23382613845649952,0.26014243592555397,0.2593968094083495,0.2585357249782634,1.3029679144893198,1.3361394386126504,0.03360944440010195,0.38783895714961625,0.38174185364077684,0.38197190699801503,0.32577664502875436,0.3247486027744435,0.32389476388424226,1.5720709321336521,1.5127542098195903,-0.06026411697960528,0.05149291204281681,445,397,2.0301098860800266,0.004562044687820285,0.2045617252588272,0.4685526601970196
250,0.9926642396737698,0.9926642396737698,0.8722512613717468,636.2503725400952,0.4913054246967699,0.21439040132561948,0.2104588113443128,0.21051645067377428,0.260886566847099,0.2589215499811119,0.25846983666932044,1.8338460849911502,1.8069608657345564,-0.027387463177859325,0.28027301349028655,0.27713694661203964,0.27699919707741577,0.3019908985207126,0.3016391215630636,0.30106373068686604,1.1189328716286129,1.1680812119944752,0.049704500359058684,0.11629679638005508,371,381,2.2283617397770286,0.006006365875409781,0.20808778703212738,2.0556487180292606
251,0.3892271156971074,0.3892271156971074,0.6004818606933827,484.8205251115493,0.4239460312882778,0.1525058229951998,0.15317942534237833,0.1521808909003501,0.1709317473549458,0.17150118566240274,0.169962202423796,-0.4416895918785562,0.2130620906586046,0.6518724298621339,0.39813522083717257,0.3879754202276165,0.39070736671888484,0.2562522459610691,0.2527267968099223,0.2522462856549008,2.5518467289060003,1.865661144640487,-0.7041545285692513,-0.155472604298309,362,398,1.711135383695364,0.004726893325125315,0.3083503842353821,1.870771829970181
252,1.112124383908113,1.0,0.8547391064641638,447.9961825254802,0.4047795484933132,0.14581028672488708,0.1423707248743252,0.1425215271715037,0.20357083326698608,0.200833245150506,0.2005606754402223,2.3589294883231378,2.2555058543904773,-0.10592226548795551,0.30937910533179463,0.30608074502590343,0.30606578757065833,0.29195450463738376,0.289395298336455,0.2891556926505135,1.0661225173412614,1.0709571861948868,0.004886767785355352,0.09878464147247212,444,440,1.8847355023026466,0.004244899779960916,0.21889641880989075,0.6624336577951908
253,1.3561935314226827,1.0,0.9154055408803946,1241.707009132128,0.6533660854859505,0.2573269154272178,0.24399230890076373,0.24451731994267153,0.2597670761420253,0.25450890374711493,0.2543391483279932,5.181971153043112,4.977946229713126,-0.21517524231525442,0.32954576261066504,0.3166589249224346,0.3172464592031276,0.2953876591477267,0.29156703776306836,0.2913620199023518,3.910485022213847,3.732198924392843,-0.18554167732267177,0.1594510758887029,537,574,2.133649969473481,0.003973277410565142,0.20025049149990082,8.936531549319625
254,1.1049636740011008,1.0,0.8596989203566835,487.12170223367474,0.4251028618960796,0.1346610392523271,0.1309648354761261,0.1311149452672285,0.17764529843984564,0.17734495286921748,0.17665755573960618,2.74482047422423,2.6333481493886013,-0.11461839398084174,0.5305919540822648,0.5248732192146391,0.524863104489311,0.34793519049585825,0.3466761740398949,0.3460073498320773,1.0778027867981934,1.0797090963926703,0.001927079713330857,0.10374445536499177,316,290,1.3910635458305478,0.004402099828577683,0.1357889026403427,0.11418544128537178
255,1.082364724166918,1.0,0.8730916450705302,608.0483955455132,0.4799808366698888,0.14848894314550565,0.14404751809844565,0.14418865198917416,0.19981154203516047,0.19462055580949547,0.1945394157006811,2.9910813242894467,2.896034590344948,-0.09797731511906513,0.22843971801872803,0.22131870570114145,0.22160911100734879,0.2064436966327508,0.20100324608929085,0.20082229764724954,3.117239147092092,2.9901135715897085,-0.13121588854738775,0.11713718007883844,539,384,1.4835391431115568,0.0027523917311902723,0.1206345185637474,0.7559385448694229
256,1.384019823772162,1.0,0.8526860668684185,432.5717479696629,0.3963670217258173,0.08682100351941717,0.08202467098368371,0.08239047628547995,0.16744707371344428,0.1630823634274282,0.1630619959599109,5.524391957368676,5.103059230300593,-0.4459698495700194,0.12355111369052922,0.12039441485247414,0.12049697937883656,0.1773573813653381,0.1741050013858432,0.1739331368332931,2.5549740053027614,2.4719601632589505,-0.08519043552651775,0.0967316018767268,329,323,1.09350361302495,0.003323719188525684,0.1578623354434967,0.19800435565412045
257,0.8339668191144316,0.8339668191144316,0.7869892987381346,435.2040519927182,0.3978194748182392,0.08304084037526996,0.0812178457822823,0.08114863025436603,0.16503196882162052,0.16328520789467954,0.16285396604718377,2.1952988249508993,2.2786500140808332,0.08522206819154146,0.17238878876061797,0.16873111000749622,0.1688814602268743,0.2232861256248913,0.2211298981979764,0.22062412521971703,2.121761385655347,2.034545609931746,-0.08910640093069556,0.03103483374644289,438,582,1.7170601421967149,0.0039202286351523175,0.1357898712158203,5.397286910563707
258,0.4870091234846029,0.4870091234846029,0.6186197625342132,687.4211494167234,0.5106416853621488,0.28891289287224436,0.2890249012415268,0.2879650826560001,0.26959913431241334,0.27154230999245255,0.2696213942603895,-0.0387689064925061,0.3280608929638022,0.3666876386685533,0.28514134641892974,0.2835903210814523,0.2832390759972204,0.2340418950157043,0.2336405428522328,0.23263989129669704,0.5439496435563055,0.6671324399634775,0.12385651347071724,-0.13733470245747847,141,68,0.6967715695500374,0.004941642337234308,0.24856959283351898,0.27639515325427055
259,1.3210903556566609,1.0,0.8449509033245264,378.12638492099774,0.3646714467847355,0.1082128037803716,0.10431861443813363,0.10461173675578832,0.150679048487563,0.14939553489911298,0.1488814119057307,3.598640092665561,3.3277642744494402,-0.2809875488027344,0.19007494256512758,0.1843631632425108,0.18483200716335432,0.19998639922583017,0.1974570603616682,0.1970535994886505,3.00501436198497,2.758351695924785,-0.2543045544444218,0.08899643833283466,446,685,2.666557550430298,0.0059788285884087395,0.28327131271362305,13.453508261591196
260,0.8395107047433216,0.8395107047433216,0.8115208942777332,1307.8144416501686,0.6650183092395283,0.13885639718399126,0.13328724954755058,0.13308242468816664,0.1735431525757246,0.17098754028829072,0.1697597859909193,4.010724568246785,4.1582329751605425,0.15367175786073478,0.11818505405586946,0.11314095115091925,0.11321039275524362,0.16162555220014435,0.15941587562992893,0.15848131003404597,4.267970214377289,4.209213542580579,-0.06137618927362848,0.0555664292860415,430,348,2.3710027672350407,0.0055139599238024205,0.18885989487171173,0.06818784400820732
261,0.8922030258341636,0.8922030258341636,0.8300770357091696,785.9786449391722,0.5440246139786902,0.13747720136721228,0.13361076545026745,0.13357251272989706,0.19755065861716986,0.19439402919730553,0.19385350085551578,2.812419716500685,2.8402444903467967,0.028629968731546006,0.17681248251332413,0.17072004473196128,0.1710982866047099,0.23304061963867903,0.22938502678016648,0.22911580770389844,3.4457056960917516,3.2317830887214707,-0.22155680274245637,0.07412257071747785,578,421,2.5767314760014415,0.004458012934258549,0.16485083103179932,3.486239016056061
262,0.4504229656468589,0.4504229656468589,0.5861262564417311,824.4285929813556,0.5558451711660898,0.13208483508013005,0.13259748715563613,0.13113110111189072,0.1376367247709001,0.13826262802307648,0.13526226489296833,-0.38812334148357946,0.722061671698152,1.1058927851507785,0.13081782948111065,0.12851358246253466,0.12799533155886772,0.15909017155272442,0.15847040710997326,0.15607902074245475,1.7614166415356276,2.157578927458417,0.4032654710392417,-0.1698282085499606,371,310,1.4941580519080162,0.004027380193822146,0.13509255647659302,0.805939007550478
263,0.7234117602653121,0.7234117602653121,0.7468122351014855,257.3718619052533,0.280930241265266,0.13928981410896693,0.13856861326721728,0.13844601965805828,0.1303660601569194,0.12903545678440995,0.12859049194962907,0.517769979350715,0.6057833132353447,0.08847141229781544,0.35376822752214393,0.3482784843415843,0.3490098057643107,0.23068526050682292,0.2285762426717528,0.2280366098938176,1.5517909053084726,1.3450675859621686,-0.2099817977871685,-0.009142229890206188,320,462,1.7745962422341108,0.005545613256981596,0.166530042886734,3.961565239354968
264,0.8172902184288903,0.8172902184288903,0.7953051795448434,1179.122648868025,0.6415624223715235,0.292803491235161,0.2881109856811049,0.28786770495202396,0.2804578978678525,0.27539594960323627,0.2750846390931551,1.6026125693588036,1.68569925936194,0.08443993501524928,0.43228099284822047,0.42633946084697916,0.42648039917268094,0.3710460751968995,0.36645907446025644,0.36639284835294933,1.3744606169458535,1.3418572112829856,-0.03305777171594339,0.039350714553151644,309,228,1.4849471189081669,0.004805654106498922,0.10392479598522186,0.5275421962141991
265,0.7052123517653553,0.7052123517653553,0.7323296391227201,573.9260923415034,0.465586164367899,0.08464541817858945,0.08316818655169676,0.08285805709096895,0.1740371369693364,0.17263113125615792,0.17181791533144927,1.7451997505357508,2.111586339912014,0.37289434047601244,0.19161831713878705,0.18843530378646894,0.18854494306925612,0.23363418445831047,0.2317192662970535,0.23110606169106712,1.661121650501023,1.6039041128332816,-0.05818404544374459,-0.023624825868971633,460,550,1.2506904462352395,0.002718892274424434,0.08693763613700867,1.1792550440877676
266,0.8727053962480373,0.8727053962480373,0.8243227089875224,930.889294542768,0.5855905666886463,0.30063192595380084,0.29628028708934145,0.2961993559997868,0.323797317994617,0.3236359837155669,0.3226671250889319,1.447497251216132,1.4744175755622178,0.027315718622293466,0.35677339442094963,0.3523722382321697,0.3522692758047917,0.35650868431403054,0.3554727412547748,0.35476617068257543,1.2335998865394988,1.2624592210605219,0.029219789815028246,0.06836824399583064,420,384,1.876483514904976,0.004467817892630895,0.20286868512630463,1.517528934404254
267,0.5013970254480914,0.5013970254480914,0.6710761902744465,329.53505622057185,0.3334346655490589,0.01691695212136178,0.016911177878190266,0.01645690592677033,0.0904587064045181,0.09059717818816551,0.08915967068675067,0.03413288120750097,2.7194390058628155,2.686223009964274,0.02130909720325532,0.020793511680377557,0.020517178835109826,0.09744711972454198,0.09660097709526408,0.09557122860848148,2.419555919989891,3.7163393671343194,1.3289378413579922,-0.08487827471724518,573,610,1.2284808037802577,0.0021439455563355284,0.0902131125330925,1.8401404544711113
268,1.0133398637935016,1.0,0.876401106532623,641.9684853900986,0.4935416726097074,0.13403322284965916,0.12989981909125717,0.12997459894775099,0.17006961153515043,0.16766362793041228,0.1671299233234513,3.083865082493985,3.028073052052625,-0.05756732920565735,0.7128226158249498,0.7011093797607307,0.7016879956150569,0.41409027612424115,0.41021170743524765,0.4099146113273393,1.6432189164850366,1.5620464281996393,-0.08252861408353081,0.12044664154093132,378,281,1.4625644255429506,0.003869218056991933,0.10509396344423294,0.7291343342512846
269,2.0911210863965954,1.0,0.9423561107887668,2130.247500260576,0.7637986320492582,0.9139049932037793,0.8713919273184161,0.873116845107077,0.3857952534332991,0.37805877102394225,0.378031314224682,4.651803655906252,4.4630621782375455,-0.19794970949169732,0.4159985814945006,0.4053446366000833,0.40575469449557516,0.25182576831170783,0.247751809518622,0.24769718105019414,2.5610531786291997,2.462481233018542,-0.10116277815621708,0.18640164579707508,304,373,0.6568587403744459,0.0021607195407054142,0.11019326001405716,1.8761589620262384
270,1.090669234010559,1.0,0.9200508058972984,1352.1298587591662,0.6724005046845871,0.558555105807841,0.5485377780439928,0.5487149155522258,0.3836121888180819,0.3770431106121193,0.37707777450510593,1.7934358955254748,1.7617223714002572,-0.03229267250555688,0.4593672215264472,0.4558545150609192,0.4554760093202547,0.3737686140975642,0.3682162465922808,0.36808950258043016,0.7646837434015303,0.847080946102824,0.08303213594667701,0.16409634090560665,400,292,1.4367047436535358,0.0035917618591338398,0.13842043280601501,0.6606229105964303
271,1.1558113760648334,1.0,0.9012582101223082,969.4142724212868,0.5953960400286354,0.2059821189905477,0.19800809596258392,0.19825443847551208,0.21398019346912078,0.20881068181178966,0.20857068650536592,3.8712209909490674,3.751626865917535,-0.124410323593387,0.23024489790915673,0.22960134053589043,0.22906980566703536,0.24654517965149206,0.24340549527755811,0.2429693796829824,0.2795099388131553,0.5103662460242662,0.23150338217297292,0.1453037451306165,311,328,1.1773165417835116,0.003785583735638301,0.11975864320993423,0.5825629383325577
272,0.4899979678253929,0.4899979678253929,0.667538090847722,328.07246454882767,0.3324467538338959,0.03674613340036067,0.03678729072709683,0.03631699596557123,0.1127198921964504,0.11253518096368838,0.11128018829692395,-0.11200451020992319,1.1678437840353146,1.2784164102065427,0.10600183995463489,0.10536091307426798,0.10495115301594597,0.16439868790752796,0.16318122741825408,0.16226456690856664,0.604637505010478,0.991196887845127,0.3889108838997748,-0.08841637414396974,411,330,1.475059101358056,0.0035889515848127884,0.20209772884845734,0.34073084965348244
273,0.9701075190901066,0.9701075190901066,0.904076882751326,1477.777011446968,0.6916661468276989,0.3113982658266991,0.30268471369169353,0.30271683973984925,0.32773967012785976,0.32373851012231686,0.32335918617980797,2.79820188204095,2.7878851745697526,-0.010613700230810322,0.2622191053715834,0.2567817960502777,0.25673796253216974,0.2927118237492017,0.28922003210457814,0.2889002497779428,2.073574812026243,2.090291182881762,0.017070337065231835,0.1481224177596343,529,454,1.948382711969316,0.0036831431228153424,0.12406256794929504,0.4193730475381017
274,0.9682600444089654,0.9682600444089654,0.8484141047856333,508.2325416292414,0.4355026375082576,0.1156046668415645,0.11261970556681294,0.11266227381740258,0.1615328160370917,0.15974284478103346,0.15904927080781722,2.5820421928488586,2.5452199332008303,-0.03779822578597045,0.13870028940207324,0.13498098032815253,0.13515396200287144,0.1767770580745933,0.17427297423975358,0.17377386861856317,2.681543845333254,2.5568276854286,-0.1281526288358347,0.09245963979394156,399,391,1.9300226643681526,0.004837149534757275,0.19267164170742035,1.8331960812211037
275,1.372558773933056,1.0,0.8600904683392134,490.3285706300471,0.4267072673301584,0.1992333878031005,0.1938671363429698,0.19424789535924322,0.16765571525317782,0.16689593908533928,0.16608935111802844,2.69344988774376,2.5023378354557497,-0.1964020428918059,0.29676464888695125,0.2894145928880267,0.29005908402309377,0.23574572577118236,0.23344847589409207,0.23309116735716598,2.4767289589551105,2.2595564832292014,-0.22268785019988416,0.10413600334752171,459,450,2.0060377828776836,0.004370452686008025,0.23641648888587952,2.265024034306407
276,0.7140589392638663,0.7140589392638663,0.7206293485639494,3541.806038019901,0.843171575342728,0.3102586460981205,0.30074937402837215,0.29893424463585705,0.30504967739823396,0.30763158347114883,0.30365257674239343,3.06494990207009,3.649987391062761,0.6035355512806043,0.2995009290108885,0.29528100695560755,0.2931804778176854,0.29896916517047595,0.3018746412506241,0.29882453048961855,1.4089846296027737,2.1103277422465982,0.7113661523912131,-0.035325116427742276,417,346,2.6776262409985065,0.006421166045559968,0.1588108241558075,0.6725400872528553
277,1.6013044717682463,1.0,0.8641446736193928,524.6200502742588,0.4433197625353723,0.11136209140758037,0.1041153724713682,0.10471362903441256,0.1537866087870133,0.14941464569901064,0.1491472205423129,6.507348097198973,5.970130669362817,-0.5746092520668583,0.23611915059306285,0.22716203079119293,0.2278799331216291,0.2163811613557491,0.2122393338434897,0.21194199625277074,3.7934745146135875,3.4894321154125874,-0.3160309528558784,0.10819020862770112,495,410,1.943656993098557,0.003926579784037489,0.2283845841884613,0.5828076340258121
278,0.4541719227019664,0.4541719227019664,0.595194718596525,750.9682714054478,0.5327006167269607,0.11565234521862419,0.11608400576435893,0.11477455447516964,0.18388110828104415,0.1873170310300079,0.1837002527303227,-0.3732397686521126,0.7589908719924473,1.1280204198392034,0.1626656682089647,0.16264844357884756,0.1615615324047188,0.21129920473810107,0.21381566586947756,0.21076108855041528,0.010588976953027384,0.6787761771755646,0.66825796190411,-0.16075974639516677,431,555,2.7280590161681175,0.0063296032857728945,0.14604470133781433,14.115887608379126
279,1.1739748289840355,1.0,0.8755837026048611,633.4227522315027,0.4901922815719479,0.23447680150208372,0.2291222084969936,0.2293556664404547,0.21325546059016914,0.21149488554508125,0.21096374236605736,2.28363444519373,2.184068969221044,-0.10189232418477792,0.2617379177948338,0.2555731387999313,0.25570730616389853,0.2592381140316473,0.25643861603714124,0.25605573710448354,2.355325146177256,2.304064952355291,-0.052496660876492754,0.11962923761316935,323,258,1.5704756043851376,0.004862153573947794,0.21485255658626556,0.9752042945474386
280,0.959035261692044,0.959035261692044,0.8317899501936388,392.612639768341,0.3734251905355834,0.05214071322190053,0.049880239538380756,0.049915974092924406,0.13366224464659185,0.12970270518565882,0.12947765192624633,4.335333262319691,4.266798422008684,-0.07164070356188529,0.11561307989237836,0.11009055115624733,0.1105935329671978,0.15525076419062322,0.15229506263789852,0.15196875195246554,4.7767335160276225,4.341677368904229,-0.45688009158625253,0.07583548520194705,302,274,1.108838826417923,0.003671651743105705,0.16881628334522247,0.7455547247081995
281,0.935582053745576,0.935582053745576,0.8096489670851013,280.88177954589054,0.2989212429220919,0.09516862808802136,0.09363407231847601,0.09365469855340056,0.15707103102029266,0.15652055836470166,0.15598478696907891,1.6124596943081306,1.5907863389819714,-0.022028556927858673,0.16793124174283602,0.164523901114816,0.164830608397483,0.18098142529914227,0.17896549882719442,0.17863012097493744,2.029009368749809,1.8463707605409219,-0.18642110999603445,0.053694502093409535,373,389,1.151774830184877,0.0030878681774393485,0.10375310480594635,1.2150810863822699
282,0.1330079747296921,0.1330079747296921,0.6130999921257069,196.02115989773264,0.2293206159744201,0.0033259865304126205,0.0042282818653853246,0.003587580692045468,0.036630678786225196,0.04098256410111522,0.037938516663443445,-27.128652708667634,-7.865159983086115,15.152754564092172,0.00484955242712629,0.005482177082823174,0.004938976128646919,0.04180315877026232,0.045062458445920356,0.04243868485102936,-13.04501116759263,-1.8439578263023098,9.908489747225044,-0.14285447286598485,349,274,0.9261880852282047,0.0026538340550951423,0.12181117385625839,0.5509710963815451
283,1.6612610863750563,1.0,0.8961054969639723,888.6634667010369,0.5742823033722347,0.40828838965052644,0.39534475249967516,0.39617066766087466,0.297267413749308,0.2959193376339377,0.2953506094958814,3.1702192565236453,2.9679320541110448,-0.20891011097970427,0.26886125488918555,0.2627323658848425,0.26300163103556307,0.24591773819768867,0.24375598005937454,0.24344331153910503,2.279573160092981,2.179422935460746,-0.10248647889791643,0.14015103197228063,379,494,1.5788532719016075,0.004165839767550416,0.18123264610767365,3.1098868120461702
284,1.156843263857802,1.0,0.8777193423736731,655.9909783257325,0.4989432704754709,0.24714326582360605,0.2417388501194024,0.24195816523679362,0.22249459394180182,0.21975915823084988,0.21940776412358456,2.1867541833249615,2.0980141091577225,-0.0907239846978998,0.2581795310405426,0.2533235812095122,0.2533493853336237,0.22903387880763115,0.22483047911992163,0.22449548122779134,1.880842300495092,1.8708476568424686,-0.010186230586317034,0.12176487738198138,320,231,1.1414576210081577,0.003567055065650493,0.1506836712360382,0.0
285,0.7457511235958443,0.7457511235958443,0.7537011340007955,186.720021758388,0.2208424577279445,0.08456544994068463,0.08398990991528622,0.08391428876492815,0.11920678140839168,0.11738349544338943,0.11721303407360814,0.6805853049940569,0.7700085273751982,0.09003599412637071,0.049575239636166016,0.04918220463287368,0.04909134840737695,0.1121959900145593,0.11092338009032061,0.11075519137490844,0.7928050498128355,0.9760744120257505,0.18473394223567785,-0.0022533309908961963,241,318,1.0464046206325293,0.00434192788644203,0.2921290099620819,0.09084070473909378
286,0.5496457378700271,0.5496457378700271,0.6291652063238092,1050.3706810167728,0.6145608110562973,0.5034570204909807,0.502802966363245,0.5015086078346991,0.44501486554757985,0.44538601446674053,0.4438638272830657,0.1299126044757377,0.3870067507215456,0.2574285784166939,0.4896048217192758,0.487505866985205,0.4863756605754185,0.44386447752766484,0.4426845720542853,0.44160056346848525,0.42870385277256645,0.659544391846042,0.23183442217338585,-0.1267892586678825,200,225,1.4090941958129406,0.007045470979064703,0.1519017219543457,0.5498178377747536
287,1.0856739774572188,1.0,0.901935879443331,980.665791338246,0.5981728551053783,0.341624927472262,0.3344210538698976,0.334583536655513,0.33081497367549173,0.3240932108095903,0.3241414224804019,2.1087084176400643,2.0611466700774357,-0.048586290765826545,0.47390882949162305,0.4676500147883847,0.4675157823416782,0.3922797089962279,0.3864162350925879,0.38637582758193184,1.3206790660457595,1.349003595650011,0.028703612201799726,0.14598141445163926,248,245,1.3177664168179035,0.005313574261362514,0.11190865188837051,0.4076861273497343
288,1.72647876671139,1.0,0.9104154497373452,1135.8455428203424,0.6329187081435229,0.3521045974814849,0.3346315586427718,0.33561590639004696,0.33003996496231713,0.32195002984207843,0.32206923309151814,4.962456884600024,4.682895710359195,-0.2941586714856146,0.5321342919361534,0.5230693242211933,0.5231606074586895,0.4233629177575528,0.4161126503362444,0.41622768280339134,1.7035112850888492,1.6863571120014402,-0.01745146068967055,0.1544609847456535,446,324,2.0083221904933453,0.004502964552675662,0.1913590431213379,0.1936979629099369
289,1.0582353023430306,1.0,0.8643706608472239,526.5918283884316,0.4442457668887132,0.14457516416252889,0.14088810129212218,0.14100101837360132,0.24100863908144834,0.2377453392269736,0.23761887546922716,2.550274033416817,2.4721713508895418,-0.08014664151447454,0.1616154352011962,0.1589392054457115,0.15883891302239178,0.24963412765384652,0.24742204429470133,0.24710699083149254,1.6559246040782227,1.7179808199309101,0.06310112287177068,0.1084161958555322,395,355,1.782101240940392,0.004511648711241499,0.23402510583400726,0.6293046083301306
290,0.7485662752967428,0.7485662752967428,0.7528570708133724,475.5456968911798,0.4192358759327683,0.13277826850139407,0.1312956698834727,0.1311071869844825,0.18945198849768535,0.18805649292040488,0.1874882625227282,1.1165973428142846,1.2585504659552138,0.14355606636339166,0.2593367252312595,0.2546626747980857,0.2549249186516554,0.2431883066915701,0.2399560387623252,0.23972887069702153,1.80230949897505,1.701188512992113,-0.10297694932232823,-0.003097394178319335,355,443,1.645898349583149,0.004636333379107462,0.12349995225667953,1.2321595940738916
291,0.7527565826316308,0.7527565826316308,0.7541933763284221,807.4588593352652,0.5507046429425609,0.32786757039280257,0.3253077351793115,0.3249981969120014,0.19862643734043303,0.19700488825638318,0.19554355013495153,0.7807527930939469,0.8751623337933437,0.09515244607986259,0.1943890813107798,0.19489470313294063,0.19400367987391878,0.19035819890834046,0.1895317568687714,0.18810435333120415,-0.2601081391770455,0.19826290358606405,0.4571818754941071,-0.0017610886632696277,386,358,2.0551143772900105,0.005324130511114016,0.25709277391433716,0.6803885474801064
292,0.9998454624670622,0.9998454624670622,0.855216196212848,452.1257676588929,0.406992190153227,0.13802736824604384,0.13519281810771433,0.13525212842722661,0.16485688694225525,0.16387667178985302,0.16317646729670485,2.053614565248186,2.0106445946793348,-0.0438709099658159,0.20093507218635287,0.19803781596129416,0.19798656771930076,0.18939874566252782,0.18758932159162717,0.18697792279192083,1.4418867714500887,1.467391647943662,0.025878008068629468,0.09926173122115622,442,414,1.142726231366396,0.0025853534646298553,0.15700536966323853,0.6125632524490356
293,0.9109932597561288,0.9109932597561288,0.8293901816163429,592.8357605118772,0.4736602650725458,0.1740050081070592,0.1709489738190703,0.17094427764552403,0.28263119640144463,0.27981871681346127,0.2796598598482046,1.7562909948595573,1.7589898674939413,0.002747120056555315,0.13889876873806653,0.13516393859096185,0.13533577191770527,0.2500198672563122,0.24730335249585178,0.2471938872507068,2.688886432210049,2.5651752371400183,-0.12712956468620573,0.0734357166246512,428,389,0.9657536018639803,0.002256433649214907,0.07207457721233368,2.969745695590973
294,1.154744839132236,1.0,0.8427959826003565,363.9128244985099,0.3558414523162995,0.103225046515155,0.10023650994413309,0.10040394718922911,0.1361717740000492,0.13504551788590688,0.1345860058909307,2.8951661170558523,2.73296009172707,-0.16704217374421818,0.26445881619568024,0.2542055906232323,0.25513267565763276,0.21090770067129655,0.2052970879857754,0.20512416982604403,3.877059468065272,3.526500145545087,-0.3646989163879344,0.08684151760866476,482,328,2.6125998068600893,0.00542033154950226,0.23515422642230988,0.694615077227354
295,0.8491749175407994,0.8491749175407994,0.823304298295986,1714.996734938728,0.7224791498283595,1.1094521452249333,1.101941184916071,1.101703719597681,0.4513614003333321,0.448368313242622,0.4476553122060065,0.6769972315786134,0.6984010676441805,0.021549727121593042,0.43166914850506727,0.42339124304530706,0.424098334157818,0.2700466129790332,0.2685022168684564,0.26792662805509376,1.917650471067434,1.7538465219180226,-0.16700655106257647,0.06734983330429423,237,290,1.0727085769176483,0.004526196527078685,0.19353127479553223,0.32080052234232426
296,0.6583954259391602,0.6583954259391602,0.7001836926798826,879.1963916996975,0.5716617635171554,0.23610346294945844,0.23435676559159863,0.23372297719867027,0.2402449004047878,0.23924132261504852,0.23802766564812908,0.739801668319335,1.00823838881929,0.27043742105266244,0.3201950814750631,0.3179313811726249,0.31747042766297634,0.26547012684001103,0.2631561844609479,0.2624009539312004,0.7069753514044728,0.8509355607634309,0.14498521912132564,-0.05577077231180916,302,377,1.2920803762972355,0.004278411842043826,0.11340676993131638,0.9962363559752703
297,0.8004785553423667,0.8004785553423667,0.775471562053023,514.1470413295687,0.4383491477897309,0.1918113004683003,0.1898735852338499,0.18974724280352182,0.22586275796279845,0.22625001482669277,0.2253442540642918,1.0102195385358157,1.0760876234816033,0.06654028793551027,0.18146695921796374,0.17965399381462765,0.17949990969653715,0.22079140014348533,0.2209225087450195,0.21997912353081844,0.9990608820190214,1.0839711702359716,0.08576715430523463,0.019517097061331312,333,338,1.1379447132349014,0.0034172513910958,0.12872400879859924,0.11291504837572575
298,1.4204325171374736,1.0,0.8727196969635185,604.3464041879928,0.4784567436066861,0.261257967675985,0.2542809949433223,0.25474802715547934,0.2437234743477507,0.24139657785325813,0.2410509504148945,2.6705301257321468,2.4917672668185893,-0.18366776182433403,0.8083288943458957,0.7958957044921229,0.7967334413641616,0.4881489357356278,0.48546522051145624,0.4851927880888633,1.5381350265641374,1.4344969062521575,-0.10525711689489185,0.11676523197182676,100,31,0.3418617509305477,0.0034186175093054772,0.1489592343568802,0.03942458238452673
299,0.8360330962646334,0.8360330962646334,0.8015838670235712,872.5671613577484,0.5698074668178988,0.2815098112753397,0.27783216421370655,0.2776915387335837,0.34143605216719297,0.3388772643238219,0.3385389773999538,1.3064010255884504,1.3563550500985562,0.050615262822726166,0.3037582292635288,0.29922331257674517,0.2993560210182868,0.3447877946974594,0.3413462838232393,0.34129186922058335,1.492936240041521,1.4492474017626786,-0.04435096998252125,0.045629402031879485,361,299,1.6481791269034147,0.004565593149316938,0.14305616915225983,1.3863839153200388
300,0.6701008781583524,0.6701008781583524,0.7272287837293874,331.2498053034373,0.3345891805087559,0.011283417740340567,0.010576691335916802,0.010357383272086285,0.06937394526460214,0.06864295991748623,0.06740367544401732,6.263407246698585,8.207038767549266,2.073503488617284,0.01574302593580247,0.015162283674308906,0.014945242311006891,0.07645132613968726,0.07624210791735682,0.07503264765163052,3.688885884211451,5.067536749598286,1.4314556300629782,-0.028725681262304348,369,366,1.5603800723329186,0.004228672282745037,0.13816240429878235,0.25325277633965015
301,1.898797702493347,1.0,0.8399289423812152,345.59551036339553,0.3440934798772887,0.12080724346662923,0.11474390052703044,0.11542307091408163,0.15182683562092897,0.14775884328883762,0.14779331363339573,5.019022672488735,4.456829241397992,-0.5919010805207864,0.19222161561684936,0.1877428730230908,0.1881475397334823,0.201677259490466,0.19816688449841796,0.19814756305717007,2.3299890490390625,2.1194681307266774,-0.21554304772023114,0.08397447738952346,343,363,1.8791422303766012,0.005478548776608166,0.31466740369796753,0.02191198617219925
302,0.9688234135210124,0.9688234135210124,0.8405734390651606,434.65438458922046,0.3975167569440659,0.10415945599678501,0.1016035640606397,0.10164574964453114,0.2031631941953938,0.20029360639450297,0.20006002271397527,2.453826118508346,2.413325154397367,-0.04151978750102875,0.09122384815658711,0.08949547117724742,0.08944166764224949,0.18368196041244345,0.1822184449116605,0.1817579751567445,1.894654757791966,1.9536344391857736,0.06011872365180035,0.08461897407346886,474,542,1.0528384977951646,0.0022211782653906425,0.1107744425535202,1.7577560544013977
303,1.3954886632935066,1.0,0.8929223137521405,842.6616958527701,0.5612389046813985,0.23875033310881597,0.22928572850782464,0.22979390469126548,0.2455034379581348,0.2402648053042706,0.24021885181115457,3.964226762639789,3.751378396388827,-0.22163445878119833,0.32782946002656094,0.32169898025329,0.3218232553606161,0.30100953480737686,0.2971485782799679,0.29699095165512823,1.870021008110198,1.8321125457907865,-0.03863086766027401,0.13696784876044876,272,256,1.301485924050212,0.004784874720772838,0.118730828166008,0.39691731333732605
304,2.286731207006865,1.0,0.9058379899574156,1048.604637931677,0.6141621274104493,0.4507776820873167,0.4272781006303047,0.42892995331860817,0.29653543957665557,0.2916901992224038,0.2914764630934995,5.213119990368136,4.846674899152748,-0.38659895882019873,0.8401364328590325,0.817099726271169,0.8184954277120376,0.413602043175692,0.4096027765361458,0.40916139995383943,2.742019710949597,2.5758917600263174,-0.17081163975392866,0.14988352496572388,371,536,2.0744064953178167,0.00559139217066797,0.17186777293682098,3.933689134195447
305,1.0417670839856537,1.0,0.9399077354738156,2016.6128943887552,0.7537661792331553,0.9464352946185791,0.9327320224015303,0.932841175135465,0.4999851077794906,0.49172344713994753,0.49183832974177677,1.4478826281062709,1.4363495909768034,-0.01170247523546035,1.2451608775883167,1.2153735112107187,1.216336470548671,0.5896430492966306,0.5778258318084915,0.5780873428436083,2.392250424322,2.3149142860538734,-0.07923155549054603,0.18395327048212384,298,356,1.3204680308699608,0.004431100774731412,0.1460927575826645,1.3690587477758527
306,1.438323581466051,1.0,0.854719230774152,447.8447671995578,0.4046981059460809,0.0997715005327138,0.09450078878904133,0.09491776861053297,0.14571147522929004,0.14232787725733415,0.14201941733311788,5.282782874398355,4.864848074114466,-0.4412448052920284,0.1875095588376494,0.18119828833311544,0.1816888025264521,0.1853648751290647,0.18212698621379547,0.1816947680775359,3.3658393436882923,3.1042451101050594,-0.27070575436942707,0.0987647657824603,432,365,2.0665427139028907,0.0047836636895900245,0.2689213454723358,1.308869807049632
307,0.3261486998495576,0.3261486998495576,0.5193715209601182,806.6007282987833,0.5504415324753427,0.10161645355782152,0.10337529092132038,0.10126722848521766,0.1954447853045303,0.19628694639120478,0.19387872967973677,-1.7308588342910889,0.3436698097372065,2.03923240971305,0.7185820235762705,0.7171482046149589,0.7149110727367348,0.45088985155176103,0.44918151315055566,0.4478296345824612,0.19953448795946485,0.5108603776735153,0.3119483342254453,-0.23658294403157354,250,284,1.1157773789018393,0.004463109515607357,0.08721940219402313,0.45121815614402294
308,0.8437023703576931,0.8437023703576931,0.8033480946771265,773.6847041460007,0.5401112367042079,0.21567522063050204,0.21233991475647446,0.21222928622096945,0.22038966341848254,0.2202909872049538,0.21923338712931303,1.546448342223643,1.5977423829491342,0.05209973623276581,0.38604746644887694,0.3775296435897786,0.37834631586306106,0.2915069935581139,0.2881841750672752,0.2878521652725259,2.2064185364175533,1.9948714225885809,-0.21632003927348858,0.04739362968543481,344,303,1.5066430903971195,0.004379776425573022,0.1418682336807251,0.7630726816132665
309,0.9895177524655712,0.9895177524655712,0.8066594723835477,182.6710883891472,0.2170932253106202,0.03746350289310295,0.03634193028838823,0.0363801096560306,0.10853552372232785,0.10621885325022598,0.10609394514787787,2.993773988286608,2.8918631558924597,-0.10505597071866624,0.07689396483145189,0.0743333200011685,0.07445941357092632,0.13969689030241628,0.1380654164661577,0.1376335145956604,3.3300985791228257,3.1661148776266033,-0.16963263548007257,0.050705007391856016,435,517,0.9948792131617665,0.0022870786509465897,0.07896571606397629,0.5093044377863407
310,1.0700932668683618,1.0,0.8933620903269042,848.8536246502596,0.5630409314005052,0.4033304237482296,0.39726071503899424,0.39740083232985174,0.34062719662119595,0.3369620471108835,0.3366352153158179,1.5048973129347243,1.4701572381455819,-0.035270865090132636,0.4210810641389447,0.4183408310622532,0.41794857505026517,0.35567858458337837,0.35201494644399584,0.35171368782329065,0.6507614115336398,0.7439159239053059,0.09376469683631847,0.13740762533521245,368,432,1.8880895469337702,0.005130678116667854,0.3334777057170868,2.3075013160705566
311,0.3049107791771984,0.3049107791771984,0.5273985865570081,676.7367733162541,0.5067266999247713,0.17085000742522366,0.17250593821250548,0.17066552026685652,0.21634078875595403,0.21862908620130736,0.21610419909587755,-0.9692307376729722,0.10798194342946157,1.066872227541406,0.13449248146980924,0.1533140447465629,0.1399807916280776,0.21574796268696547,0.23347140396800442,0.22055260379626695,-13.994509634338712,-4.080756112378206,8.696693861626274,-0.2285558784346836,320,347,1.4788079727441072,0.004621274914825335,0.17069262266159058,1.5782623570412397
312,1.059272027960997,1.0,0.8645420327398681,528.0914643843549,0.444947979664859,0.21147272817953233,0.20776829831505397,0.20788224718235976,0.28721011428803245,0.28529343787586475,0.28505134879122096,1.7517293583754396,1.697845877376865,-0.0548442030039619,0.2763281797653834,0.2715954429463048,0.27172799239428164,0.32501163127414406,0.32174079880921025,0.32160025774926426,1.712723191350564,1.6647550658812758,-0.04880400294605276,0.10858756774817635,453,439,2.002169854938984,0.0044198010042803175,0.19630712270736694,5.7556209759786725
313,1.4765862848763889,1.0,0.8563524336280063,460.42643429230657,0.4113903113732305,0.16992306051748202,0.1642833085994055,0.16473824749794544,0.23645899742827003,0.23529655554781054,0.2349509213486727,3.3190032600056076,3.0512709715484165,-0.27692338462046234,0.18178587451926262,0.17852645590690785,0.17870741060916914,0.2354440468755078,0.23333846123349297,0.23322369478572685,1.792998835016406,1.6934560610028433,-0.10136016051068991,0.10039796863631456,279,291,1.5894952854141593,0.00569711571833032,0.45236921310424805,0.9879701714962721
314,1.089144988367462,1.0,0.8862234834140825,754.2617844002319,0.53378980450495,0.2737854528051437,0.26821188329134055,0.26836906992323484,0.22413335317465596,0.22470303623116789,0.22403498210041214,2.0357434833361805,1.9783311444833336,-0.05860539434919415,0.2982409055543263,0.293729167800896,0.29385287405708904,0.22215907742809976,0.22136948230499956,0.22091879573620327,1.5127830117886008,1.4713043769369727,-0.04211575483607475,0.1302690184223908,391,437,1.6979763768613338,0.004342650580208015,0.300326406955719,0.6849200502038002
315,1.0379441400034894,1.0,0.8816338846351275,699.4720548997025,0.5149834830584268,0.29266834811160536,0.28794884062327636,0.28804970266425484,0.1891476286267847,0.18566729603816762,0.18509685928966407,1.6125787153892281,1.5781158014358494,-0.035027764223727366,0.3241510662046466,0.30631144114878206,0.30767758654014676,0.23828720206660767,0.23139286345066526,0.23120318043702012,5.503491092823324,5.082037784845551,-0.44599881292097654,0.12567941964343576,269,379,1.8618306368589401,0.006921303482746989,0.13151231408119202,1.8707520673051476
316,1.1069793086405553,1.0,0.8993419267270878,938.4176344575465,0.5875438849168644,0.39062723159641877,0.383482939917471,0.38366931406345434,0.40541539154853207,0.4015729815920844,0.4015209921404164,1.828928221350673,1.781216712549392,-0.04860037477115282,0.3964416066109902,0.39011613515251287,0.39019949815068977,0.4025569964580427,0.398723336735368,0.39860803276499773,1.595561957421949,1.574534144804212,-0.021368764494787078,0.14338746173539607,363,391,1.1312117371708155,0.00311628577733007,0.09797777235507965,1.2966279229149222
317,1.1558618788268795,1.0,0.894294440035963,862.1512425017498,0.5668613238081232,0.30575503803339865,0.2986627726593754,0.29890134680215835,0.3016522661042195,0.2968059815761983,0.29667025680030557,2.3195906826720973,2.2415628129377376,-0.0798807767900277,0.3313137316921514,0.32596364229599556,0.325957589441341,0.3144491489275678,0.3116668925510219,0.3113191586176278,1.6148106415121377,1.6166375668929946,0.0018569109769155155,0.1383399750442713,209,270,1.2276501953601837,0.005873924379713798,0.21568861603736877,0.8052044454962015
318,1.0807436934490513,1.0,0.8931269791971037,845.5369876382377,0.5620775409832518,0.3040306056228483,0.29787166179948865,0.29802374395976927,0.33828996615434975,0.335238778392215,0.3350302028417759,2.025764416296903,1.975742425922263,-0.05105627012716421,0.27652944002044905,0.2732393840779378,0.27319665169733764,0.3059962161184897,0.3040973735842719,0.30384362581928187,1.189766971020501,1.205220074529839,0.01563917322693256,0.137172514205412,343,320,1.4807909838855267,0.004317174880132731,0.1331433653831482,0.6986175160855055
319,1.1641307063039377,1.0,0.8541659071021452,443.6460510260059,0.4024308090992526,0.12162750415552966,0.11793195221371683,0.11812431482213902,0.17099311152164737,0.1697734956226577,0.1692841306876937,3.0384179692507596,2.8802608075480842,-0.1631132231861885,0.2257488583576275,0.21916983126136605,0.21968052482351905,0.21328463920584423,0.21158230682496268,0.21102782032476533,2.914312455055288,2.6880904640036363,-0.23301270946546526,0.09821144211045352,465,422,2.1724838986992836,0.004672008384299535,0.28622668981552124,2.6284997686743736
320,1.108163188286675,1.0,0.8659132854303895,540.2290317082782,0.4505668191591962,0.17941774354035359,0.17529689000923868,0.17545607537006824,0.22113290778461062,0.21765777345160822,0.21741703568125087,2.2967926414636195,2.208069331445085,-0.09080900455289152,0.24120228783476838,0.23744013419386822,0.23749718958833368,0.2640434088804591,0.2612243542686145,0.26099043308669573,1.559750396512556,1.5360958138891336,-0.024029380988672817,0.10995882043869776,482,433,2.2626836244016886,0.004694364365978607,0.2765248119831085,4.556288558058441
321,0.2713706548424863,0.2713706548424863,0.5285777375902813,582.3669019134642,0.4692206438580773,0.17092604104002626,0.1725960461000539,0.1708986985864,0.1541298870566899,0.15523232767474673,0.15301130696256354,-0.9770337216413862,0.015996657653738283,0.9834220145865686,0.8017359914164579,0.791037942770065,0.7944245667489306,0.23075552949460246,0.23083228659978502,0.22877831482526964,1.3343605327599481,0.9119491635407244,-0.42812408808182595,-0.22737672740141046,161,205,1.0745323989540339,0.006674114279217601,0.16016064584255219,0.1508569186553359
322,1.3371060034093358,1.0,0.8453324609338717,380.6843591583233,0.3662349157059446,0.13836308333083527,0.13436607898536734,0.13467214475893946,0.14030458450435654,0.13808550499985892,0.13772698188326246,2.888779470106798,2.6675746760214465,-0.22778500041327268,0.2721716169487713,0.2591118729083714,0.26039976851743846,0.21018591685859542,0.20158671898805208,0.2018121492137949,4.798348992745273,4.325156518267132,-0.49704229860686117,0.08937799594217999,467,357,2.297029636800289,0.004918693012420319,0.16867707669734955,2.591259965673089
323,0.2911600486033263,0.2911600486033263,0.6035189928292222,321.4886838345499,0.3279632172584017,0.05946706837742677,0.060309177562488325,0.05949286298966574,0.10861891508130489,0.10800235636858377,0.10708977905399476,-1.41609332364737,-0.04337629707127429,1.353549502439784,0.2555390990095511,0.2513432169591351,0.2522109050553012,0.21269424665607572,0.2100006460130327,0.2098307841806071,1.641972624415946,1.3024206343176805,-0.3452204148032299,-0.15243547216246955,310,232,1.467612486332655,0.004734233826879532,0.18363074958324432,0.3182019628584385
324,0.9930023530193096,0.9930023530193096,0.8903268923536652,862.1386181922065,0.5668577285376115,0.3432795159509387,0.33794843568556676,0.338005170237064,0.36477951309803136,0.36175267618978796,0.3614758911556768,1.5529852547723382,1.5364580374870085,-0.01678793138430927,0.40996351897200656,0.4038459292998622,0.40390415955231634,0.3872260319364693,0.383170239154537,0.38298488377057294,1.4922278176078638,1.4780240531850746,-0.014418927672519443,0.13437242736197352,265,261,1.4060144815593958,0.005305715024752437,0.11203976720571518,0.6842452147975564
325,0.6433760979532519,0.6433760979532519,0.7043775525186229,556.9917292830448,0.4581423041556282,0.1834588427572667,0.1824571958987372,0.18202594287946583,0.2413460680251655,0.24087619239674618,0.23971979175437721,0.5459790563787461,0.7810470491720785,0.23635846048556275,0.30623099895312034,0.30280275787261035,0.3026897160453269,0.2870190935604391,0.2848454185266587,0.2841090439794657,1.119495117159841,1.1564090245271188,0.037331835442199396,-0.05157691247306884,389,433,1.5771916387602687,0.004054477220463416,0.21947219967842102,0.908606618642807
326,0.8957494152048185,0.8957494152048185,0.8322459104006179,791.4286078554135,0.5457382065132881,0.2571158277174237,0.2531873783804888,0.2531534517688416,0.33338563339233035,0.33119348052875514,0.3308758466152954,1.5278909010814874,1.5410859703809692,0.013399803680681723,0.2688786457116332,0.264724332921116,0.2648083594793873,0.32960191304139297,0.3262246895788596,0.32619704734904065,1.5450512180028662,1.513800481058366,-0.031741154031471694,0.07629144540892618,390,320,1.562649941071868,0.004006794720697098,0.13994482159614563,0.8617370184510946
327,0.7592132493924174,0.7592132493924174,0.7574038932812903,527.7233109477291,0.4447757541971307,0.1802041061693936,0.17848836171059762,0.17829649215849874,0.2675962655969995,0.26558431243267344,0.26520999777250964,0.9521117444367089,1.058585207321355,0.10749695400867455,0.353764945531706,0.351643605712452,0.3512868881721423,0.3441051476405768,0.34192384677980425,0.3414599717037972,0.5996466993261982,0.7004813198320679,0.10144291962510171,0.0014494282895985977,407,458,1.2679887698031962,0.003115451522857976,0.16041028499603271,0.23924348317086697
328,1.0755282768317225,1.0,0.8610850104687292,498.5553762197581,0.4307824991490149,0.1013345780808448,0.09773568287989973,0.09786162674832813,0.15477552993538074,0.15257658850680886,0.15212532120229577,3.551497691216388,3.4272125056325256,-0.12886170610089792,0.12948568658738147,0.12757534594222467,0.12748593993109095,0.16753366196433653,0.1656259282031329,0.16513242284509638,1.475329587002371,1.5443766094880453,0.07008094743807997,0.10513054547703748,296,276,1.7328140549361706,0.005854101536946522,0.1744985431432724,0.4115707892924547
329,0.8367592732427314,0.8367592732427314,0.8046114421811966,997.0732022124336,0.6021544787080023,0.30056720359140643,0.29635571393975507,0.2961955501034613,0.365475644180368,0.36239937447638954,0.36224631594888196,1.4011807014635207,1.454467897930729,0.05404445696846138,0.3975149442091965,0.3956267403306584,0.39489062085356913,0.4212539872012271,0.41911356559413177,0.41872318247325246,0.47500198572267144,0.6601823136103951,0.18606413622953172,0.0486569771895049,368,382,1.2390115419402719,0.0033668791900550864,0.15556402504444122,0.6838831109926105
330,0.7781986764856266,0.7781986764856266,0.7720029219480274,1706.367908365795,0.7214666593469274,0.4546354446842832,0.44868133453847603,0.4481552917578526,0.3521841387043604,0.34812010327700155,0.34755025540752077,1.3096449507895114,1.4253514551490005,0.11724195773922785,0.6622566300092114,0.6560478456107136,0.6555065990501356,0.47939135832201213,0.47650747822214073,0.47594430462130327,0.9375194021706441,1.0192470189361327,0.08250108040125075,0.01604845695633572,353,391,1.6312686447054148,0.004621157633726387,0.11517982184886932,0.5770187843590975
331,1.1069281377850957,1.0,0.9210290223723424,1377.0389469948293,0.676408840567523,0.4820554952722251,0.47157280808883756,0.4717725109864172,0.2946763015376005,0.2930427658287185,0.2924858458308705,2.1745809945528705,2.133153627882801,-0.04234826396988191,0.4632287225331925,0.45599666005054834,0.4561093669051671,0.289068412374628,0.287014846490914,0.2866445897736915,1.5612292871424815,1.5368985733641047,-0.02471659652206417,0.1650745573806507,442,382,1.9790205527096987,0.004477422064954069,0.22067531943321228,1.1389897875487804
332,0.6354160949522956,0.6354160949522956,0.6829424429351598,1012.0303326306008,0.6057160224803859,0.38177542175023443,0.38005651251360356,0.3792272267830537,0.2512296777888053,0.25162075029835596,0.24918345827180782,0.4502409371327783,0.6674591453526862,0.21820063681191956,0.30306526601070427,0.29814682024041544,0.29858890892852097,0.23606765151967887,0.23263703841131123,0.23196894718896405,1.622899857522804,1.4770274208939527,-0.14827885393814996,-0.0730120220565319,480,387,1.7246315032243729,0.00359298229838411,0.18055206537246704,0.4830926563590765
333,0.9715223475992908,0.9715223475992908,0.8261054801070941,317.79917937389445,0.3254242434764695,0.05482485378288645,0.05294534576658719,0.05298587402824074,0.11000240468395908,0.10820387720526191,0.10763426511462834,3.4282043391166326,3.3542811840927302,-0.07654735476130864,0.11989190619423203,0.11847677155170577,0.11838783543118342,0.15604700713498124,0.15380871472232677,0.15336385105573513,1.1803420993521034,1.2545223533371155,0.07506629304423625,0.07015101511540234,379,338,1.5425063585862517,0.004069937621599609,0.1488969624042511,0.4619738645851612
334,0.7786139200040666,0.7786139200040666,0.7677407358702242,714.0905271885996,0.5201480296898429,0.30675565685879436,0.3042602278875699,0.30404126820352323,0.3411836121202932,0.34026003887359574,0.3394988019824956,0.8134907752893212,0.8848699590634163,0.07196460923166767,0.3282347997498021,0.3249447359186013,0.32495160331451184,0.3632519252125335,0.3613463770966377,0.3608779269722211,1.002350705564628,1.0002584850213514,-0.0021134042658467202,0.011786270878532457,360,329,1.3798052538186312,0.0038327923717184197,0.17966678738594055,1.3781525455415249
335,1.7190335152922744,1.0,0.8454067470752221,381.1838442752965,0.3665393102991419,0.1296845018478337,0.12385623722737993,0.12444481967394008,0.18137782614690648,0.17915182553841905,0.17887100666630157,4.494187460651551,4.040330262471639,-0.4752142158812821,0.1595500357697389,0.1550061768476923,0.15534956298545036,0.20226825592502526,0.20029991103963404,0.19998651248230193,2.847920967316011,2.6326993685859255,-0.22153061558021925,0.0894522820835304,320,335,1.5441261054947972,0.004825394079671241,0.15939296782016754,0.4955810811370611
336,0.8603012522728922,0.8603012522728922,0.8110066440407996,735.7134418380361,0.5275886348158444,0.09383170393573702,0.0905069187359547,0.09042808671161821,0.18390179500283274,0.18133810210416343,0.1807630066786963,3.5433494867143995,3.627363760174127,0.08710055036397489,0.15463602791072228,0.15268484467392507,0.15243479421502867,0.204309755554918,0.20324228348381246,0.20245264469784188,1.261790840827672,1.4234934286882182,0.16376901023176496,0.05505217904910786,434,478,1.2621049657464027,0.0029080759579410203,0.2818707525730133,0.23182624764740467
337,0.8311720995842636,0.8311720995842636,0.7873067309074484,470.8480181321826,0.4168206842129662,0.13957300493575833,0.13761720864399227,0.13753872603296688,0.18739874619281324,0.18630146863916464,0.18558698584600952,1.4012711789548884,1.457501687900018,0.05702964897974187,0.1171191867242486,0.1151596534952106,0.11517011211508506,0.16626890571644973,0.1652318573333564,0.1646549157833597,1.6731103449784324,1.6641804504265802,-0.009081843820324745,0.03135226591575668,454,353,1.8005365878343582,0.003965939620780525,0.21411143243312836,0.3567459024488926
338,0.185176240143281,0.185176240143281,0.4204709945219977,939.2743841242088,0.587765012512159,0.15543425069288538,0.15914318473296024,0.15555838329029706,0.2412367697796671,0.2425117863363007,0.24023466209823116,-2.3861755202224706,-0.0798618044982518,2.2525635946512086,0.21767992659674548,0.21914524664464763,0.21661138980829733,0.23442694936628536,0.23502137302134976,0.23265168035353126,-0.6731535014786497,0.49087520615882296,1.1562454012333843,-0.335483470469694,382,370,1.9576223008334637,0.005124665708988125,0.1341252624988556,0.38998448848724365
339,0.7327407524438633,0.7327407524438633,0.7434391532742677,770.6486151267686,0.5391344314976794,0.21634988084050008,0.2141002152455469,0.21375556027531586,0.18106036644882803,0.1809986374704174,0.17947402880910285,1.0398275174515608,1.1991319593546856,0.16097833896885946,0.16273537539109373,0.16043778263617076,0.16031304232195975,0.1820156009810367,0.1796858706978272,0.17874927682440628,1.4118582080886122,1.4885104503630535,0.0777499614874881,-0.012515311717424038,474,464,1.858214233070612,0.0039202831921320925,0.3165700435638428,1.032123375684023
340,0.8850198080811683,0.8850198080811683,0.8043606958634331,395.3497120739465,0.3750521225375191,0.0573071601009958,0.05539795040969969,0.05538130258046038,0.15979774370658686,0.1572067684510879,0.15679982429104,3.3315377832916386,3.3605879564462167,0.030051345069971855,0.21415009503539337,0.21193430445356853,0.21183748931663587,0.22780244192286733,0.22590275664319925,0.22540350951811539,1.0346904499195397,1.079899459477373,0.04568167347059684,0.04840623087174134,367,513,1.5269229728728533,0.004160553059599055,0.18526591360569,11.221960319206119
341,1.1610858107864497,1.0,0.8550898883581686,450.6753152510166,0.4062169109674631,0.12634969225806417,0.1226127986173839,0.12280409840146256,0.19381373642279884,0.1898651449033781,0.1898041429951433,2.957580326391147,2.8061753006567485,-0.15601942557041745,0.959446352420291,0.9929682852075763,0.9853254452373603,0.4251538644296998,0.43806795505688756,0.4345106721395343,-3.493882977690539,-2.697294408570836,0.7696962817516643,0.09913542336647685,159,231,0.8981761988252401,0.005648906910850567,0.20334652066230774,0.6516453297808766
342,0.9876795975845102,0.9876795975845102,0.8762094404262861,710.6864531002714,0.5189552556903846,0.17128124278251045,0.16693412152703302,0.16698882518171895,0.2126426593458249,0.21005738730698809,0.20963653480065136,2.5380019346294187,2.506064021407131,-0.03276960646842654,0.22313051030283737,0.2186575620550778,0.218678747423475,0.22989327903263437,0.22702456035004911,0.22662688339570405,2.004633181580049,1.9951385730800928,-0.009688834082889907,0.1202549754345944,504,357,2.5995280519127846,0.005157793753795208,0.19835683703422546,0.47394800558686256
343,0.6969684852867531,0.6969684852867531,0.7286078382264872,569.3899099202692,0.4636123177405658,0.10592138471553379,0.1045147036487247,0.10419037589710045,0.15629737511728772,0.15498911840308977,0.15384897016100077,1.3280425577770958,1.6342392266511616,0.31031782160940535,0.11279376869709169,0.11104275595515752,0.11086105542766675,0.16864490998652495,0.16661756721566845,0.16594517314738605,1.5524020184453022,1.7134929453552135,0.16363114003055051,-0.027346626765204496,370,407,1.3788553792983294,0.003726636160265755,0.1533461958169937,3.7527960166335106
344,0.4184321593973364,0.4184321593973364,0.5488068306301606,1046.695479043226,0.6137302066503647,0.14955384842325947,0.15062469793653116,0.1485161332658514,0.16809164405395974,0.17213916418700817,0.16735176771865462,-0.7160293931327166,0.693873924575444,1.3998797671071554,0.22397970464911676,0.22096429947925145,0.22103102614046535,0.21976245676821177,0.21914544178278902,0.2172107373120684,1.3462850013974272,1.3164936141293535,-0.030197937572341533,-0.20714763436153116,519,451,1.3662012908607721,0.0026323724294041854,0.12349837273359299,0.8172214068472385
345,0.7331266451307683,0.7331266451307683,0.7467092863820978,448.3990381082921,0.4049961260391697,0.09709059602520959,0.09577946614067655,0.09557970647431549,0.17159956804618304,0.1705625600608715,0.16986411469744164,1.350419029452248,1.5561646675871605,0.20856210042730808,0.7941308222325433,0.7849745174636452,0.785301682388177,0.5320103749036165,0.5331543009886196,0.5314528405704938,1.1529970267564862,1.1117991642164056,-0.04167841340746803,-0.009245178609593951,399,466,1.6353186946362257,0.0040985430943263805,0.1815003603696823,3.680601254105568
346,1.0658610193187874,1.0,0.8645767627511921,528.3958412513781,0.4450902892191918,0.13087195843464625,0.1271217250243724,0.12724160846959634,0.18623392389137983,0.1836684766947967,0.1834068020124679,2.8655744554679337,2.7739708402566623,-0.09430602456106044,0.327382793777773,0.31980519878303476,0.3202382345009424,0.29926554747085554,0.29535246901584095,0.29524452078456703,2.3145978159994316,2.1823258316013776,-0.13540609081887767,0.10862229775950039,546,344,2.187795214354992,0.00400695094204211,0.18458692729473114,1.2680322341620922
347,0.8869936682970092,0.8869936682970092,0.8333971918932693,951.8707787261544,0.5909889937375332,0.09247960251771163,0.08785929391340742,0.08780020881801566,0.1467162081078653,0.14661294387625037,0.14550366369372078,4.996029912022307,5.059919779391112,0.06724968157608636,0.18811758572413215,0.18399837619134557,0.1837432996271608,0.20502830464737007,0.2080181987971129,0.20629946279306946,2.1896993398731226,2.325293555162934,0.13862979090615085,0.07744272690157761,257,193,0.8144748685881495,0.0031691629127943563,0.22325454652309418,0.11346975527703762
348,0.9806934582581446,0.9806934582581446,0.8392052658828056,387.6161098859198,0.3704332731988831,0.0853507671475033,0.08301376473508067,0.08306152192483705,0.1723586033365106,0.16944067381961955,0.16918992617494233,2.738115298230206,2.682161273032222,-0.05752924217904433,0.11882374387906644,0.11746974933316452,0.11740523006353228,0.1726095264758926,0.17121721604830503,0.17079455678509792,1.139498303705995,1.1937966009368168,0.054924157068947405,0.08325080089111392,431,410,1.7023009527474642,0.003949654182708734,0.16136384010314941,0.21157437190413475
349,0.9119015468968767,0.9119015468968767,0.8220629629429829,484.7613523806652,0.4239162230139373,0.08644522622584255,0.08394078674509027,0.08394172806096782,0.13852287695002746,0.13553706706602786,0.135124134657258,2.897140293449296,2.896051377474813,-0.0011214046401652284,0.16226679561272672,0.15997966108234374,0.15991886004851677,0.17021380961993496,0.16822395927204303,0.16770736018714602,1.4094901681805332,1.4469599620452487,0.03800547733106716,0.06610849795129115,321,327,1.747905120253563,0.0054451872905095415,0.18169257044792175,0.8198952097445726
350,0.8414701616150924,0.8414701616150924,0.7873509490381274,382.1757650318106,0.3671429373334986,0.09524192857333091,0.09360509307951714,0.09355187852562129,0.16135317785261732,0.15978225353331843,0.1592182173698108,1.7186080944943274,1.7744811271942935,0.05685006247539337,0.1796426599045059,0.17625575433424492,0.1763615768151358,0.18857572205730605,0.18577936435938175,0.18543120525959547,1.8853570594319733,1.8264498483345977,-0.06003916370878322,0.03139648404643569,407,532,2.1731993556022644,0.00533955615627092,0.30654534697532654,1.3763504335656762
351,1.3049720382780756,1.0,0.8958134705495937,884.3261367879309,0.5730856971144365,0.3957138288003706,0.3867852489685329,0.38719787898138186,0.4325402308460095,0.4272062714728211,0.4274286127288287,2.2563224183762314,2.152047565485727,-0.10668194145184134,0.2769607120926977,0.27448310659010194,0.2743569774466864,0.24623055449944092,0.24442129527987153,0.24403887226424326,0.8945692996942077,0.9401097456522313,0.04595151409586981,0.13985900555790198,309,218,1.3044668398797512,0.004221575533591428,0.09689079970121384,0.15653540194034576
352,1.160540031147691,1.0,0.9414795286048592,2088.470619371579,0.7602067524277857,0.614317087887417,0.5970142777332587,0.597305230261016,0.4930919182720212,0.48686268548926687,0.4867642137890133,2.8165926840259665,2.769230737973333,-0.04873460126649503,0.5240124626241333,0.5072494869787704,0.5076012963672161,0.43262022509641446,0.42554934353688223,0.425508473594641,3.1989650706812927,3.1318274711891125,-0.06935628275173097,0.18552506361316745,391,315,2.0847926884889603,0.00533195060994619,0.315000057220459,0.27655213233083487
353,0.3908878348109312,0.3908878348109312,0.4833687277586257,1941.7115335375229,0.7466739348323806,0.6983114630219681,0.7009688023456294,0.6965550311206805,0.28892777004299647,0.29912441768914283,0.2902990777822407,-0.3805378351032029,0.2515255719398591,0.6296672847891721,0.848385698101924,0.8302040643022053,0.8370220912914584,0.3086833040217458,0.30856036794208486,0.3055496057894414,2.143085844138593,1.3394387524317206,-0.8212471225353222,-0.272585737233066,369,341,3.3208253886550665,0.008999526798523215,0.28122085332870483,1.2269656723365188
354,0.3144870046342448,0.3144870046342448,0.3784929481589856,3884.9548277861386,0.8550154897647121,1.2061690153421005,1.2152086200852679,1.2038591971647572,0.4050507832057436,0.41827840932429083,0.4053233650756066,-0.7494476004760805,0.19150037415678448,0.9339485198610842,0.6834270841461951,0.6670512850346466,0.6750734120307504,0.31380785013779416,0.30786480642982256,0.30934224665140786,2.3961296664159555,1.222320904340647,-1.2026252217904294,-0.3774615168327061,519,448,2.2436501178890467,0.004323025275316082,0.2857978343963623,3.373581094201654
355,0.3252556452160322,0.3252556452160322,0.5556380451389795,572.7971497387421,0.4650962822629795,0.11264443933194963,0.11389987115456142,0.1124550760752609,0.2071604574360469,0.20960811724106668,0.20734561229693743,-1.1145084746812746,0.16810706130882047,1.2684782385222766,0.2296686435576478,0.22782572059247597,0.22749807808690156,0.23542904558155986,0.23520535176590351,0.23380982976035955,0.8024268949493085,0.94508568393291,0.14381278142009102,-0.2003164198527122,355,349,2.323026018217206,0.006543735262583679,0.22054512798786163,0.6609918531030416
356,0.6433575039731306,0.6433575039731306,0.7283122778642369,214.34739554797503,0.2454967423401247,0.05006368046131707,0.049678266207743675,0.04951698872440197,0.13230371633693674,0.13259235969772498,0.13187068718117903,0.7698480216035891,1.091992701850027,0.3246439452360938,0.13842500383909298,0.13709635867130307,0.13709494448785817,0.19630902936759834,0.19606723991794828,0.19553622695637712,0.9598303275717042,0.9608519518488812,0.0010315251685815271,-0.02764218712745481,287,311,2.342563485726714,0.008162242110546043,0.16781668365001678,1.6884700953960419
357,0.7670090822139449,0.7670090822139449,0.760493996027108,459.0124031316026,0.410645700719343,0.09063465239223563,0.08909741979534387,0.0889412770455715,0.17079837977540413,0.1697960441935604,0.16909473421957336,1.6960760110152389,1.8683531099515651,0.17524946303835282,0.06453208173319873,0.06443226341836801,0.06398687558810368,0.15130215973425928,0.15133789603371606,0.15050691095446242,0.15468014071420655,0.8448606188610998,0.6912497041619775,0.004539531035416267,354,394,1.1152591239660978,0.0031504495027290897,0.09280592948198318,0.7434470672160387
358,0.881635766773443,0.881635766773443,0.8051648218812636,423.9295155752748,0.391548752216355,0.057957637940375936,0.05592840522747126,0.05590670498367447,0.15698132675106508,0.1538056988533636,0.15353063223455718,3.5012343239251,3.5386758839471146,0.038800040352534405,0.2222929020974406,0.21745338686601218,0.21786356036323715,0.2557538043780995,0.2517505544733409,0.25176216509487476,2.17708941030742,1.9925700246883633,-0.18862594100578672,0.04921035688957187,457,585,1.0856249080970883,0.002375546844851397,0.09689261019229889,42.16518658027053
359,1.145300705471362,1.0,0.8732550024878366,609.6811552727552,0.4806502093642136,0.1564034880974307,0.15146886438167081,0.15167111479309173,0.18260725697077249,0.18414170238537303,0.18324550547010846,3.1550598875940015,3.0257466517568816,-0.13352606309325873,0.44194847750720107,0.43273833721814137,0.4332699710937408,0.29652749212474155,0.2956609303137987,0.2948546252445742,2.0839850701623086,1.9636918906047898,-0.12285342662659987,0.11730053749614489,363,337,2.8037742655724287,0.007723896048408894,0.6120564341545105,0.9272891078144312
360,1.1963888272615963,1.0,0.8778992554286476,657.9282523843951,0.499680481483934,0.17240163718161783,0.16665492480829552,0.1669143192434862,0.20750062878810221,0.20443522324080626,0.20413861125321542,3.333328190653077,3.182868810202169,-0.15564762666874,0.21231540124845552,0.21037520361269316,0.21015451683800163,0.2356664016818223,0.23369840874585898,0.2333376743811739,0.913828023946274,1.0177709189947963,0.10490151448543414,0.12194479043695583,314,240,1.1388374250382185,0.003626870780376492,0.13463382422924042,0.4182558301836252
361,0.9471107621302772,0.9471107621302772,0.857891953341152,752.6812629078477,0.5332677493515008,0.23610104632547227,0.23188004626150596,0.23190441590511174,0.19743261609539625,0.19735646478979021,0.19641347120081007,1.7877938830256321,1.7774721822178423,-0.010509590626134725,0.2953719992579086,0.29142037031775375,0.291174704988427,0.2213858491385302,0.22050465937595287,0.21943920842823583,1.3378481880756756,1.4210196904333625,0.08429929900194498,0.10193748834946026,309,291,1.2332519609481096,0.003991106669734982,0.14762109518051147,0.8592892196029425
362,0.461728645521919,0.461728645521919,0.6170241331702493,589.3480254206271,0.4721894634257803,0.11911376486999037,0.1193966660739818,0.11841493915970591,0.1683686692416388,0.17011534549308657,0.1678696211648501,-0.23750504763258584,0.5866876183850009,0.8222398049771218,0.16048586953089322,0.16173021625987197,0.1604882656723394,0.1965235335070864,0.1978042702041088,0.19594000924472055,-0.7753621752594309,-0.001493054468396481,0.7679149983556406,-0.13893033182144243,415,410,1.4644401101395488,0.0035287713497338525,0.14524626731872559,1.3583982549607754
363,1.5581039628281372,1.0,0.8422927214113712,360.64933270977184,0.3537792912979955,0.096792608747961,0.09200627912560082,0.09246067724575739,0.10711435623320403,0.10739717403923664,0.10656468557087656,4.944932969854488,4.475477578544822,-0.4938772923707304,0.19167934309624868,0.19035516727328852,0.1897808046521529,0.16451090514438446,0.1673232138389136,0.16589602200997708,0.6908286524621705,0.9904762889042483,0.30173208816076474,0.08633825641967952,428,381,2.2679850412532687,0.005299030470217917,0.1691490113735199,0.09645060822367668
364,1.1277360113700765,1.0,0.8708681639424249,586.2354472442717,0.4708699093667954,0.1519127295213744,0.14729702234978007,0.14747961284762545,0.16922852971985577,0.1666870653681483,0.1661307517997189,3.038393942454248,2.9181996056000115,-0.12396075286016052,0.27697226942231973,0.272864311022912,0.27272408234255224,0.24504538196822015,0.2437409806231138,0.2430691391971576,1.4831659530304997,1.5337950938655038,0.05139135998916261,0.11491369895073322,350,335,1.7068970138207078,0.004876848610916308,0.21127551794052124,0.6736981756985188
365,1.1263267065062856,1.0,0.8562812010132894,459.8717172648097,0.4110984288984519,0.10731829492912832,0.10370563766831835,0.1038699282301516,0.17857725832184823,0.175194529033485,0.17493938903259823,3.3663013964168274,3.213214206630824,-0.15842008740036712,0.17837667650902336,0.17132343207771822,0.1718948241684644,0.21737243659152225,0.2133449500340157,0.21325094601739378,3.954129300614225,3.6338003753708583,-0.33351660296356256,0.1003267360215977,484,388,1.5978511031717062,0.0033013452544869964,0.2306935042142868,0.03917665779590607
366,1.0657509372646623,1.0,0.8459370826985357,384.7637089530753,0.3687124114103567,0.15733327894085677,0.15460299059842214,0.15470914940196667,0.18899022266517307,0.18858018004937374,0.18801598296655975,1.7353533599595148,1.6678795208206014,-0.06866542693231381,0.135239824963319,0.13435547819829538,0.13421063789169835,0.18037345968169005,0.18135762477928796,0.18064401833061514,0.6539100189337489,0.7610088758246963,0.10780379671848049,0.08998261770684401,372,328,1.1317428816109896,0.0030423195742230904,0.12879842519760132,0.28681138902902603
367,-0.1026875684166949,0.0,0.3471950164788039,775.58235194169,0.5407196695602297,0.09796249519421153,0.10382535192959481,0.09889563767044271,0.15002997100663484,0.15785372287967198,0.15111294725674343,-5.984797267321658,-0.9525507434056412,4.748083360694988,0.7433542269623084,0.7208771470750721,0.7327640453188113,0.3409772024739605,0.3342077290072286,0.336643512064737,3.0237374150797605,1.42464806943702,-1.6489492407922497,-0.4087594485128878,284,359,1.1906815860420465,0.004192540795922699,0.07812764495611191,2.4854503609240055
368,0.6425934142087746,0.6425934142087746,0.7216028247491362,286.4192833508058,0.3030285976118719,0.07771217591293021,0.07719991543344719,0.07698167919199836,0.1513534010244218,0.15038554162149992,0.1498039261278844,0.6591766006616092,0.9400029176255618,0.2826897415930044,0.12138431788564345,0.12018672204710468,0.12013077486132864,0.15713377078164636,0.15547246758003042,0.15501017049012344,0.9866149593286297,1.032705909750036,0.04655022187401596,-0.03435164024255555,244,246,1.3286889977753162,0.005445446712193919,0.1824156790971756,0.7853819578886032
369,0.351991109056296,0.351991109056296,0.5673543521758422,576.9045473719997,0.4668743093767434,0.2410701921338527,0.2421411709899247,0.24078974127628255,0.21553094825631705,0.21787749388701466,0.2153297658748908,-0.4442601744297516,0.11633576722518348,0.5581164525294068,0.26283806561613243,0.2647544046664996,0.2625877801155048,0.2240299882698211,0.22792390044185423,0.22441431156738767,-0.7290949451613691,0.0952242210582795,0.8183525987882865,-0.18860011281584954,460,292,1.5014205984771252,0.0032639578227763593,0.23706915974617004,0.40241406485438347
370,1.4258430726704672,1.0,0.902390920136564,988.3086238533174,0.6000374280147633,0.4878219495202437,0.4763451948913169,0.47691950073421013,0.3008135926873448,0.2973367330051218,0.29712801404084815,2.352652364292716,2.2349237865897114,-0.12056505430358885,0.4913309810660455,0.4861635967425544,0.48620276990715344,0.3174090011664219,0.3140290094613933,0.31387629688408064,1.0517114781321946,1.04373861134613,-0.008057609590996181,0.14643645514487225,184,181,1.0469914358109236,0.005690170846798498,0.14254328608512878,0.3525380529463291
371,1.1367271504692824,1.0,0.8380716674901685,334.07570895438,0.336483117774235,0.11973036692187831,0.11706235726148889,0.11721006320759648,0.20270002393375833,0.2027847516570196,0.20240967269692944,2.228348353872703,2.1049828703241826,-0.12617714999336105,0.19476300767502217,0.19230947441585236,0.1923563768084428,0.2243734113913782,0.22402162841229642,0.2236313858509006,1.2597532192888103,1.235671442595,-0.024389018134917992,0.08211720249847676,252,263,0.8156937547028065,0.003236879978979391,0.08790167421102524,0.5968808718025684
372,0.70486414284369,0.70486414284369,0.727299158498528,841.4189285491341,0.5608754317530676,0.14380044289419444,0.14163838480206026,0.14118140337144078,0.19571741984607657,0.19305456859434214,0.19215340700775743,1.5035128186114028,1.8213014299828698,0.32263953818600205,0.12332220722670488,0.11963400413644244,0.11985957336375305,0.18617993839500604,0.1833550934854162,0.18280461766166473,2.9907047345352518,2.8077942657857404,-0.18854942534009667,-0.028655306493163724,450,375,2.216128216125071,0.004924729369166825,0.19693557918071747,4.086638703942299
373,0.9412688549577574,0.9412688549577574,0.8467341820523192,632.6030705369076,0.4898686878943987,0.22561435093039034,0.2221130962572694,0.22213486641415983,0.17352710048996278,0.1742924563833741,0.17311433685058375,1.5518758707867768,1.5422265923607166,-0.009801383735250644,0.28423676606578224,0.2841638075706808,0.28359572847117165,0.18501223821307278,0.18413552519871412,0.1833034202713063,0.025668211790916252,0.22552944275415646,0.19991254493867167,0.09077971706062749,424,344,2.7404429335147142,0.0064633088054592315,0.359025776386261,1.0377663150429726
374,0.4100230345831046,0.4100230345831046,0.5904186709254201,604.5044260843681,0.4785219830148238,0.08688316983457367,0.08756538278159547,0.08636919434664385,0.13945526475161032,0.13932521775962875,0.1374082502659109,-0.7852072482170429,0.5915708288595309,1.3660517398012593,0.18800426641878534,0.18496244112485188,0.1852639658966535,0.19990049236326715,0.1975979910692727,0.1967027237401951,1.6179554602009396,1.4575735829461094,-0.16301945950101687,-0.1655357940662716,382,468,2.0711685931310058,0.005421907311861271,0.20226708054542542,1.0082108601927757
375,1.087693388921921,1.0,0.905115167477897,1035.5980435294996,0.6112002929335593,0.16033179430325256,0.15269816341118497,0.15286471453999084,0.20691500466329132,0.20331045431714084,0.20290507913302677,4.761146050439185,4.657267010396227,-0.10907212312526737,0.2269654001828647,0.2204317897718715,0.2205279799553676,0.22525233424488178,0.22288783291225076,0.22239015597682105,2.8786812464495095,2.8363002564754414,-0.04363716485523799,0.14916070248620528,488,382,2.1508150780573487,0.004407407946838829,0.28235241770744324,0.9269502349197865
376,0.6486769147801357,0.6486769147801357,0.6955465763185955,849.0542420800799,0.5630990692271517,0.2527089983156605,0.2511256804700673,0.2504801618444605,0.26319844919961266,0.26092366193729194,0.2600960022633223,0.6265379769403787,0.8819774863798006,0.25705002546871836,0.28222649792297955,0.283033545796176,0.2812153478132535,0.2677161852703755,0.2664619539195277,0.26507064707884304,-0.28595751254253615,0.35827610701599255,0.6423966381115281,-0.06040788867309621,327,279,0.9622377082705498,0.0029426229610720177,0.0859522596001625,0.2952684313058853
377,0.9210733241732324,0.9210733241732324,0.8470533976328181,810.771054499714,0.5517173089293642,0.20537522844947798,0.20109324391378622,0.20108942806574231,0.28733634054837826,0.2838138598401474,0.28359111243642937,2.084956675651426,2.0868146641112375,0.001897551588326446,0.3094985499644204,0.3038435974962482,0.3040922580721855,0.31838604790245617,0.314982065337708,0.31483250384162154,1.8271337519423922,1.7467907015578605,-0.08183834643426374,0.09109893264112634,334,280,0.9266277765855193,0.0027743346604356864,0.10534234344959259,0.2724653072655201
378,0.8193815685367214,0.8193815685367214,0.7909431481694996,810.505049586046,0.5516361495676351,0.19125175598135655,0.1880049622069771,0.1878432522070319,0.1749913286622968,0.17412630175378702,0.17293034666187498,1.6976543602015077,1.782207832202547,0.0860136871106431,0.3765559939523878,0.36554949772290773,0.36669230919622375,0.25302936026107187,0.2489648284968268,0.24821456246880896,2.9229374664719194,2.6194470183924983,-0.3126283801331572,0.0349886831778079,457,305,2.0641245543956757,0.004516683926467562,0.18308694660663605,0.5419228784739971
379,1.770740796730675,1.0,0.9156667977446667,1247.5945192091335,0.6544366105593278,0.5101261131150651,0.4902413893876839,0.49131414860728534,0.35788817560881186,0.35001894373790726,0.3501082779647381,3.898001536513366,3.687708592862498,-0.21882265406870546,0.46984306364486444,0.4609870198262623,0.4611795904258397,0.3492002183642826,0.3441610014828425,0.3440024463520563,1.884894021825146,1.8439078682606864,-0.0417735405326646,0.15971233275297503,488,321,2.030794247984886,0.004161463622919848,0.14819148182868958,0.8370458008721471
380,1.4730317375785735,1.0,0.8930700418261308,844.7359841799981,0.5618442346415848,0.4896049430793923,0.47929545428647374,0.4798919470633412,0.3237728825856468,0.32101501123073106,0.32062506433621335,2.1056749811545097,1.9838435361703568,-0.12445199960334716,0.4558553718966756,0.44688229222638437,0.4471750066004378,0.3202232403067055,0.31861111623973637,0.3180631714650632,1.9684049423300531,1.9041928276772124,-0.06550144840045297,0.1371155768344391,353,427,1.8499511163681746,0.005240654720589729,0.28914135694503784,1.223284495063126
381,0.7608877394098872,0.7608877394098872,0.7583378666866785,615.7612246512083,0.4831277348359252,0.13336639084608798,0.13135148323627063,0.1311307204980912,0.21536615024100003,0.21439408180590822,0.2135443501425032,1.5108061311658783,1.676337144473565,0.16807022862643972,0.14666161639560302,0.14435754703029743,0.14425526628610383,0.21752290955883438,0.21585324304424314,0.21523287789374174,1.571010481086352,1.6407497535062845,0.07085237058796748,0.002383401694986742,435,426,2.0977554973214865,0.004822426430624107,0.21554099023342133,0.3896737117320299
382,1.105659628167761,1.0,0.911004070025746,1147.7151521957676,0.6353306362633347,0.3808752062844893,0.37215650354114455,0.3723488750226031,0.27230254276658417,0.26594342072458466,0.2659200704545891,2.289123208726911,2.23861546280793,-0.05169101698562582,0.3529072005425982,0.34466672328592435,0.3448031888384529,0.2794182615759126,0.27266021382124067,0.2725993376254757,2.3350266710353487,2.296357708679597,-0.03959348068985052,0.1550496050340543,380,293,2.1647951249033213,0.005696829276061372,0.20356301963329315,1.624513341113925
383,1.6082818336475435,1.0,0.9229526560953822,1427.8667875535434,0.6842911143529228,0.6475612617827609,0.6277127917156041,0.6286052916681976,0.48577298148771364,0.47929406144002606,0.4793198280766979,3.0651107838836955,2.9272859933555604,-0.14218285247209073,0.4453157689110358,0.4392534087584939,0.439286749853777,0.4157961471972616,0.4150151397149411,0.4147293239249278,1.3613621110625969,1.3538750428717115,-0.007590401034648786,0.16699819110369052,447,494,1.218154389411211,0.0027251776049467807,0.08871355652809143,0.8399124946445227
384,1.732795382972982,1.0,0.8960595781261587,887.9798411201314,0.5740941465276026,0.3439044205907873,0.3301740191219686,0.331082501831593,0.22160169939082075,0.21792237701706846,0.21744042396913776,3.9925050818571908,3.7283378728216867,-0.27515269433989087,0.49440165625417576,0.47677182742722685,0.47806102743589457,0.2795191731594784,0.27411673132258596,0.2738964941385558,3.5658919431057243,3.305132297105482,-0.27040188503262674,0.14010511313446694,347,316,2.064527317881584,0.005949646449226467,0.19110079109668732,1.1365960408002138
385,1.1026053351498928,1.0,0.8277149163714393,274.39176949648134,0.2940453361595188,0.08171861772005767,0.07964469207010033,0.07975660749914197,0.15907238525043496,0.1572119396518288,0.1570069704734857,2.5378863566463647,2.4009341759021594,-0.14051837747471707,0.13883165946573667,0.13630685674921308,0.1364243067750397,0.21143940171201767,0.20966974710763978,0.20950054114625632,1.8186073164001173,1.7340084386811658,-0.0861658970265176,0.07176045137974763,358,296,1.5815398190170527,0.004417708991667745,0.2227901965379715,0.5862493328750134
386,1.0353901555457004,1.0,0.8623904739521743,509.5345985975049,0.4361317610537685,0.18316594134915584,0.1797443102032719,0.17983594445710344,0.2061554288689198,0.20506316610497463,0.20452382050507395,1.8680498790774356,1.818021880882689,-0.05098033630545386,0.29565473093214817,0.2903493394617318,0.29058826372182417,0.22496535597982567,0.22235342356940344,0.2218984494102171,1.7944551246277658,1.713643206164943,-0.0822885495573363,0.10643600896048255,385,348,1.3589220205321908,0.0035296675857978983,0.14767557382583618,0.7557860761880875
387,0.8546245515057809,0.8546245515057809,0.8077829001286829,728.9025934391195,0.5252699877747706,0.14033737125553505,0.13709526364854946,0.13700868598338112,0.18155631637592737,0.18067997728920826,0.17944406044519404,2.310223982378979,2.371916505470847,0.06315146334324691,0.17145378611124157,0.16904655906619537,0.16888195386446928,0.19745153455503348,0.19666953056706188,0.19573356807903294,1.404009266662889,1.5000148466267482,0.09737270171919687,0.0518284351369912,456,423,2.614146623760462,0.0057327776836852236,0.34785693883895874,2.0729221645742655
388,1.3157584937319118,1.0,0.8916596347908669,825.1629012418197,0.556064956462142,0.37461151493379063,0.36616863858670456,0.36658343703020907,0.2914440057811593,0.2869061935697751,0.28681049102428074,2.2537685069766944,2.143040879296105,-0.11328071270808338,0.16059208541614237,0.15887463713851785,0.15880245747693908,0.20289052063461804,0.20100012148963436,0.20076823456906262,1.0694476462984412,1.1143936107223607,0.04543183410441928,0.13570516979917513,273,270,1.0617250446230173,0.00388910272755684,0.32211893796920776,0.6229922492057085
389,0.3516873154466209,0.3516873154466209,0.5656319059499767,586.0336516627771,0.4707841318689597,0.30921376969813896,0.310303929041365,0.30892742822236346,0.21342760454038234,0.21560393775557263,0.21344998232182805,-0.352558472506019,0.09260308040454682,0.4435976119458165,0.555562317391494,0.548637830727743,0.5503057296450784,0.2436935336504297,0.24280362505538863,0.2416982975878925,1.2463924292531623,0.9461742781793748,-0.3040072747304063,-0.19032255904171502,565,408,1.9089606795459986,0.0033786914682230064,0.19207525253295898,2.5378969917073846
390,0.8148225036077733,0.8148225036077733,0.7995461807348017,1879.830668828756,0.7404988643736047,0.34578097063474184,0.3383580703046276,0.33795656750388964,0.31439603402513255,0.30632121469290036,0.30645770731055344,2.1467058515360704,2.26282062789318,0.11866210265843413,0.32741879652585654,0.3313389061971775,0.3286799041173905,0.3352045282071535,0.3323652090489746,0.3315101870080055,-1.1972769165717014,-0.38516652217747105,0.802502220552579,0.04359171574310994,263,322,1.8828475717455149,0.007159116242378384,0.32812175154685974,0.34931324422359467
391,1.106589952669795,1.0,0.8984381046829819,924.2039070468973,0.5838403873541036,0.6248999202113465,0.6178683528293376,0.6180536258391154,0.4469686675909763,0.4449150999162148,0.44450136939808543,1.1252309617243677,1.0955825326262947,-0.029985839043118957,0.6295505003654411,0.6229424312738577,0.6230440191252908,0.44841821876760846,0.4466345340200222,0.4463421404168424,1.0496487712657767,1.0335122021781284,-0.016307743112853514,0.1424836396912902,496,418,1.0377300214022398,0.0020921976237948383,0.1576046496629715,2.021031784825027
392,0.7731725669037376,0.7731725669037376,0.7624112081844923,395.257392731038,0.3749973850650402,0.055909872096067785,0.05455559911091808,0.054428350905382124,0.1326558994409072,0.13165404194454122,0.13076158987059583,2.4222430393378707,2.6498382756805814,0.23324499704831747,0.05015128446740823,0.048840346922694004,0.04872755344497624,0.13164592620864465,0.13044655894442012,0.12970493938427913,2.6139660402240765,2.8388724985842053,0.23094323612462064,0.00645674319280054,394,378,1.0315519534051418,0.002618152166002898,0.09725116938352585,1.7502237278968096
393,1.2550380035185045,1.0,0.8647258369856107,529.7041161350728,0.4457011352009202,0.30290282171189237,0.2978864317572697,0.2981764349415317,0.1957949857128737,0.1945463173503564,0.19395571505029538,1.6561053892703697,1.560364061202513,-0.09735360638992929,0.2226574304802307,0.2100903263853727,0.211355724878532,0.1861900625519985,0.17970987073588526,0.1798497465978646,5.644143143012608,5.075826832871931,-0.6023116413452314,0.10877137199391895,441,267,1.8433024771511555,0.00417982421122711,0.21568696200847626,0.5253490284085274
394,1.2522223691650634,1.0,0.8537781744859505,440.7228038939293,0.4008420374948817,0.14728024680119878,0.1431220896708285,0.1433850530963142,0.16990729533578805,0.1681509994757817,0.16760286782063769,2.823295873467005,2.6447495774110026,-0.18373364034194734,0.24560110551737363,0.24152498926385432,0.24171558976931817,0.2107274533204905,0.21022803115618885,0.20946828293785405,1.6596489844509132,1.5820432647769977,-0.07891543895510897,0.09782370949425878,494,426,1.960052726790309,0.003967718070425726,0.3708164095878601,1.1513436916284263
395,1.7877047580197298,1.0,0.8556780222502093,455.196471404858,0.4086268460315104,0.12375816947364987,0.11640618946585052,0.11711470787314882,0.15422665481183365,0.15136913690300638,0.15094625297136224,5.940601771234753,5.3680994384096445,-0.6086604248016828,0.19881122506506865,0.19257007927050918,0.1930813589355813,0.18853708655276583,0.18649240495801173,0.18592755814430292,3.13923209945355,2.8820636901221475,-0.26550317007134916,0.09972355725851756,504,350,2.0113361570984125,0.003990746343449232,0.23587630689144135,3.1957514770329
396,0.7582154997354293,0.7582154997354293,0.7574628595248295,1320.265056950538,0.6671257650133828,0.7223541715510043,0.7180782220544196,0.717594191286655,0.34952636886974947,0.34720035318155784,0.3465040900659892,0.5919463976242575,0.6589538002014877,0.06740641240724272,0.7068574320152646,0.701190571641965,0.7009066664584617,0.4003713522746834,0.3970405306426141,0.3966140762669479,0.8016977846782105,0.8418622040709413,0.04048901896077715,0.0015083945331377802,451,421,0.7785416152328253,0.0017262563530661315,0.12412893027067184,0.938313732855022
397,1.2123682151144113,1.0,0.8851559108892293,741.1264670291372,0.5294153236326944,0.2936065238522631,0.28698457248647447,0.28727258832217445,0.3236811541563184,0.31960779552234664,0.3194455392435396,2.255382911423545,2.1572870544510656,-0.10035934447784929,0.41329578654556864,0.4064673997648176,0.40661118137864816,0.40024259210035507,0.39586648042658257,0.3957455324035803,1.6521791421646064,1.6173901076495647,-0.035373467568061694,0.12920144589753757,453,358,2.0444806963205338,0.004513202420133628,0.32830244302749634,2.130603948608041
398,0.7075146910004325,0.7075146910004325,0.7277277361945479,919.9461371528,0.5827180119014855,0.1250922821710819,0.12269786191234838,0.12220667076339158,0.16348446672741346,0.16079518245941807,0.15977287469154866,1.9141230915099918,2.306786124298083,0.4003257606132527,0.13040466285990793,0.1303667691076817,0.1295735377145641,0.16264209469131866,0.16094831971855555,0.15993671695818873,0.029058586859693498,0.6373431188091053,0.6084613422170476,-0.02822672879714383,382,448,2.238392767496407,0.005859666930618866,0.147227942943573,3.5904596019536257
399,0.8971698826314247,0.8971698826314247,0.840204052923561,974.2871054156384,0.5966033266056392,0.24234738544237783,0.23749391495136787,0.23744913470259038,0.25287541621907306,0.24833490407769443,0.24806212677448267,2.002691500942125,2.021169211644781,0.018855324687650468,0.3485296574016215,0.3437087647618649,0.3436057323570895,0.32700459524669173,0.3221544403683002,0.32199947547375424,1.383208727686935,1.412770747040902,0.029976659119172515,0.08424958793186932,279,239,1.2757119294255972,0.004572444191489596,0.11245472729206085,0.18193566240370274
400,2.145060791184056,1.0,0.8953069782941757,876.8608247419356,0.5710102964913488,0.6611762711106208,0.6430836391355522,0.6444623698000707,0.3199012884603643,0.31992021151643585,0.31930504329493103,2.7364309285748014,2.5279039857971224,-0.21439367768269713,1.568272455678387,1.5274256968997153,1.5302048667739667,0.4428572428956596,0.44924451003568344,0.4476456259779536,2.6045703111582448,2.4273581268730062,-0.18195123205615996,0.139352513302484,250,235,1.590065099298954,0.006360260397195816,0.1531563699245453,0.6030611982569098
401,0.4852543275564212,0.4852543275564212,0.5704864817521559,1433.5045673135885,0.6851418141000564,0.28474642052195753,0.28501154681129104,0.28269484438724984,0.26192956731880024,0.25837516661392834,0.2577397179818179,-0.0931096127029493,0.7204923352318265,0.8128451110000489,0.35629896146524226,0.35359043833727366,0.35275236932993415,0.3216870524533225,0.31691706290708155,0.31695895856108064,0.7601827175779801,0.9953978312827867,0.23701687502650148,-0.18546798323953584,339,252,1.5000226590782404,0.004424845602000709,0.1515398472547531,0.5144613347947598
402,1.2749242114956894,1.0,0.8888865214496355,788.1276714246527,0.5447018584192427,0.23932705771663074,0.23166677256791657,0.2320297660956546,0.24175539328122223,0.2407901386688484,0.24019703449014557,3.200760173880606,3.0490875919330107,-0.15668778207354223,0.314082178629694,0.30459933112970633,0.30515216732528316,0.28013702254733286,0.27679389877039423,0.27661503816181143,3.0192249497759787,2.8432085333117283,-0.18149619486243107,0.13293205645794381,516,372,2.9007949102669954,0.005621695562532937,0.16720499098300934,0.7500534616410732
403,0.9229154024418292,0.9229154024418292,0.8394857387162779,659.5719946876702,0.5003042927303432,0.3265822195371707,0.3230835345636019,0.323087747366316,0.2267751158010202,0.22656363575690644,0.2256018070428402,1.07130295658077,1.070012989625407,-0.001303936060935815,0.3633265528264591,0.35414155163765226,0.35504655086586473,0.24667989103538765,0.24356220560691635,0.2431793599632336,2.5280291565130923,2.278942151676225,-0.25554731548091153,0.08353127372458613,426,252,1.7964773178100586,0.004217082905657414,0.3743841052055359,0.3190622627735138
404,0.6452466111746318,0.6452466111746318,0.706131536009364,539.0798235999849,0.4500396969546354,0.10739184025451842,0.10640975720301186,0.10599682308313865,0.15331010911535248,0.15279746256142976,0.15152464407517066,0.9144857273876889,1.2989973615067796,0.3880603910085084,0.10920695297357139,0.10650628877334277,0.10662443701447717,0.15485145913806433,0.1527392970869234,0.1520558187351655,2.4729782552235395,2.3647907837142896,-0.11093076521127798,-0.04982292898232776,331,342,1.8415750600397587,0.005563670876253047,0.15459439158439636,0.4319276101887226
405,0.3265289125693922,0.3265289125693922,0.5870596376176855,427.0620667179316,0.3933040929243867,0.05852983891949979,0.059459034699074376,0.058426070700478824,0.1488432228602824,0.14997182981148757,0.148380207691813,-1.5875590924700382,0.177291140615789,1.737270044533084,0.38983312231281037,0.3783994432592996,0.38193414883717935,0.2468581234042473,0.24476534949612228,0.24418306938240134,2.9329675697326083,2.0262448272142217,-0.9341201845948809,-0.16889482737400618,293,339,1.1819676700979471,0.004034019351870127,0.3004589378833771,0.9995357673615217
406,1.347609063337445,1.0,0.8811886917475127,694.3826440937911,0.5131592624776252,0.34930600529539063,0.34192384316216123,0.34234501165904957,0.37040200552155705,0.36712686295080654,0.3669663398151362,2.113379678939866,1.9928067456081946,-0.12317611225742794,0.32589432450865197,0.32252315074347143,0.3225263124560711,0.3539561442157286,0.35275430622840304,0.3523996227018963,1.034437703161362,1.0334675381839749,-0.000980305628413633,0.12523422675582097,261,361,1.370522828772664,0.005251045320968061,0.1714322715997696,3.3055581245571375
407,0.8916121244369856,0.8916121244369856,0.8197790101300029,585.3244010876925,0.470482429073969,0.29550462629068797,0.29262959954732604,0.29260541683071895,0.21419218372527457,0.21473690184612987,0.21362093753580766,0.9729210603064352,0.9811045926289722,0.008263933875622761,0.5328179508133493,0.5253133984399907,0.5258045425160166,0.3025597075163019,0.301899336221898,0.3009816098996807,1.4084646288479634,1.3162860385290425,-0.09349544052834827,0.06382454513831115,422,561,1.8857659734785557,0.004468639747579516,0.213669553399086,2.5955986473709345
408,1.6146318459363869,1.0,0.9009876202052732,964.9646252245108,0.5942872718758984,0.47550323923834004,0.462012617355472,0.4628084987924726,0.42585852797397206,0.4221432986396456,0.42197857523362203,2.8371251275758462,2.6697484682127173,-0.17226400472700734,0.7568469936948984,0.7484549281666038,0.7484466352616235,0.5603084220705916,0.560116906934298,0.5596147629347431,1.1088192987759504,1.1099150162788758,0.00110800325686843,0.1450331552135815,375,570,1.3705475367605686,0.0036547934313615163,0.12228412926197052,6.551313668489456
409,0.3953732626162314,0.3953732626162314,0.6000915796143648,501.55620290882393,0.4322546054828241,0.07237023749391916,0.07302842770469757,0.07201036856720165,0.1514612730552475,0.15294191519635794,0.15069288693607494,-0.9094763725678189,0.49726094480171523,1.3940586830276673,0.2067252796252947,0.2075100584082472,0.20629067671484022,0.23043010883345688,0.23105680551942964,0.22936920178289782,-0.3796240035930746,0.21023210670810016,0.5876253434462565,-0.15586288537732695,491,521,1.54822345264256,0.003153204587866721,0.11654359102249146,5.30745261348784
410,0.8680632565512257,0.8680632565512257,0.8063734836636598,538.4121029127887,0.4497329600167318,0.1287568524240402,0.12627128007850694,0.12622535325805376,0.15916419819312846,0.1579622817606271,0.157095917882559,1.9304388844078164,1.9661083028415063,0.03637154895762926,0.17144423245884724,0.16834789943670803,0.16829457028990613,0.20988702650740337,0.20766255991972976,0.20717106599379823,1.8060292712864778,1.837135098549985,0.03167794013488384,0.050419018671968074,441,483,1.2172082401812077,0.002760109388166004,0.13441279530525208,2.016659155488014
411,0.7594101923289079,0.7594101923289079,0.7573825452203001,463.9741987331681,0.4132502623192411,0.0672568627680012,0.0657472345805511,0.06557882121040813,0.15033244576591162,0.14806337198422267,0.14747183848420783,2.2445712233969166,2.4949744732836927,0.2561527815084454,0.05754605773255373,0.05593251974312272,0.05585698204192223,0.1453789944027161,0.143163001733909,0.1427049999949796,2.8039070841828164,2.935171855701235,0.1350514898084524,0.0014280802286084082,505,500,2.037307900376618,0.004034273070052709,0.14842526614665985,1.539968278259039
412,0.96288943589016,0.96288943589016,0.8780158487709374,947.4129747275244,0.589853823398147,0.2184720125054251,0.21297146743435041,0.21300608477307187,0.24313834851702418,0.23753080696415085,0.23745103447623925,2.517734426480878,2.501889221264675,-0.016254449076435706,0.2899904962858704,0.2825500853474655,0.28283627933716193,0.2662905965870748,0.26029885081646154,0.26027213695462853,2.5657430273405297,2.4670522104475863,-0.10128964899956745,0.12206138377924569,381,399,1.6814565677195787,0.004413271831284983,0.33443310856819153,0.46589546278119087
413,0.9661031236049504,0.9661031236049504,0.8625976204672063,678.739529105618,0.5074653161206818,0.15785720249027155,0.1538891785259142,0.15392989025962064,0.19643857590899697,0.1940633661882148,0.19355179065663647,2.5136793898282224,2.487889161023829,-0.026455228428943673,0.20295633824242867,0.1976780513688042,0.19791052826721753,0.22927090995669686,0.22501811751691447,0.2248946322781233,2.6007006823899372,2.4861554060873883,-0.11760379910847939,0.10664315547551462,493,423,1.8390793707221746,0.0037303841191119163,0.1530744582414627,2.1591770946979523
414,0.7934562207672304,0.7934562207672304,0.7727988765053166,537.173960616993,0.4491632768994786,0.13485056869245216,0.13287338325725714,0.13273110705647248,0.20396510165457388,0.20296519477260208,0.20216227320043612,1.4662047437888768,1.571711307212533,0.10707652450543943,0.13304433528770473,0.1314512975789713,0.13124392150073683,0.21147629920254546,0.2106682701868623,0.20996387438641334,1.1973735712148317,1.3532434756237932,0.15775886739337763,0.016844411513624924,317,459,1.0187241286039352,0.0032136407842395433,0.1135597750544548,3.543177215382457
415,0.644773124875067,0.644773124875067,0.708628035145125,488.2508877287431,0.4256688199379792,0.07455813698948074,0.07367155251803387,0.07329765832155354,0.1695267212735626,0.16814944143788907,0.16725408512893866,1.1891183273154529,1.6905983958599278,0.507515022693199,0.20492305486584117,0.20174533494695182,0.20194101497075098,0.22693819903482554,0.22421753765620986,0.22381383166886412,1.550689316519186,1.4551998051378199,-0.09699358047144636,-0.047326429846566764,375,294,1.4599797828122973,0.003893279420832793,0.1727362424135208,1.1879733707755804
416,0.5908885916630799,0.5908885916630799,0.6640916080726841,826.6935846173983,0.5565224056709035,0.14027574548943075,0.1393333285763917,0.13849337592277625,0.19669465355503676,0.1959201387568057,0.19428586358853497,0.6718316910388974,1.2706184953326816,0.6028368533196472,0.26805554289928946,0.26286003298643795,0.26321038890017173,0.2525773923307038,0.2502024225182773,0.24905789580306922,1.9382214061521932,1.8075186756865855,-0.13328611038858693,-0.09186285691900764,371,418,2.2583838533610106,0.006087288014450163,0.19300663471221924,17.61546622402966
417,1.1956537393410105,1.0,0.8576477420272876,470.61035505637534,0.4166979618460703,0.12408219970626805,0.11997596534359034,0.12020017246935856,0.16941709099163524,0.16614043955222063,0.16580783510370567,3.3092855964821197,3.1285931794400534,-0.18687670078430213,0.1312339508692101,0.12782857420489915,0.12791152971650357,0.1880539451665818,0.18560970801411736,0.1851955134708408,2.5948899974099,2.5316780685950033,-0.06489590619343841,0.10169327703559583,350,298,1.2458962574601173,0.003559703592743192,0.18122006952762604,0.10978412814438343
418,0.6551227045789891,0.6551227045789891,0.6923838790223051,1123.9144937719766,0.6304619269681832,0.24338229584056928,0.24119555271407123,0.2403669959672566,0.2514305940989648,0.2540218431421618,0.25108515775560825,0.8984807703229603,1.2389150422378636,0.3435207397032079,0.4232396009122917,0.41401153894668136,0.4152186177908475,0.31894995998978926,0.31869297083424636,0.3167601048703209,2.1803399175595253,1.8951400351372993,-0.2915568119761049,-0.06357058596938658,404,487,1.289880782365799,0.00319277421377673,0.2436836063861847,0.9263408537954092
419,0.9205966162118304,0.9205966162118304,0.8249486986426433,475.1939170905002,0.4190557104583822,0.07648402222292083,0.0739771870637207,0.07398566133968101,0.18182522985547608,0.17862424560097,0.17847731971152497,3.2775932624119846,3.266513463371579,-0.011455255730417403,0.1826356619420976,0.18166649781266017,0.1814194819335896,0.22903975882907976,0.22792204557136025,0.22750254781971235,0.5306543744696965,0.6659050021093832,0.1359721699073615,0.06899423365095159,336,318,1.2910318383947015,0.0038423566618889923,0.0893305242061615,2.341421177610755
420,0.676723999386857,0.676723999386857,0.7172533542747563,629.0531406039,0.4884624925714667,0.1979021259530647,0.19650777532550118,0.1961019744133469,0.18869410660869892,0.18782008206081136,0.1867202491317648,0.7045657649449444,0.9096170801847422,0.20650628784642241,0.0798567708828787,0.07802505902333402,0.078077762031946,0.13567106421803143,0.1339381285500557,0.13333165075973066,2.293746465445162,2.2277495461741963,-0.06754625920399772,-0.03870111071693538,372,311,2.1337451795116067,0.005735874138472061,0.1444678157567978,1.393092192709446
421,1.658505095550019,1.0,0.8472163310541534,393.5011503936316,0.3739542543130519,0.17877570463722106,0.1730578503346446,0.17361201458374947,0.18135324356162696,0.1805226727420578,0.17996600565517704,3.1983396816582887,2.888362299536146,-0.32021907589472287,0.40796172719667434,0.3944419778797435,0.39594222327809503,0.2695779783420567,0.2667784160459933,0.2663223700679542,3.3139749186357137,2.946233216819583,-0.38034628221262007,0.09126186606246167,304,396,1.8365589566528797,0.0060413123574107885,0.2261446863412857,2.19973598793149
422,0.6431543138306453,0.6431543138306453,0.7106606888260717,442.0051592212332,0.4015400307483052,0.06878107057493552,0.06798743539936455,0.06764708972735323,0.15568603498822015,0.15595679653113687,0.1548686447363945,1.1538569681120516,1.648681589430686,0.5006008389816516,0.18515229162407573,0.18405134354386907,0.183610812423484,0.23404896975470407,0.23422138256040687,0.23322799776337041,0.594617582396429,0.8325466496096452,0.23935229806135885,-0.045293776165620026,511,549,1.89283059630543,0.003704169464394188,0.13064713776111603,1.6252090316265821
423,0.9318708263147768,0.9318708263147768,0.8443063904828305,664.6941574558008,0.5022382501925053,0.18097417532557725,0.1773736583801247,0.1773862720710725,0.1698707565377441,0.17064214115765836,0.16963700707226997,1.9895197416842065,1.9825498572103024,-0.007111366514616038,0.32151277951889606,0.3092140819414205,0.31047147113632606,0.23215184219803667,0.229972095770508,0.2294712966435227,3.825259324335104,3.434174031617639,-0.40664034024936213,0.0883519254911388,336,255,2.8479835726320744,0.008476141585214507,0.1840493381023407,0.49916548654437065
424,1.2276883182055065,1.0,0.875711945072779,634.7560577168315,0.4907177673912795,0.23308500186603057,0.2272914968475839,0.2275782922781358,0.19177781346945652,0.18930461547934438,0.188773591227879,2.4855760654117836,2.362532785811689,-0.12617956876064926,0.2422205708576226,0.23438360546461257,0.2348952726304019,0.20534165969515708,0.20028813349393762,0.2001372507646171,3.235466486294682,3.02422630798212,-0.21830330870415757,0.11975748008108733,558,291,2.0682753613218665,0.003706586669035603,0.13316117227077484,0.8893689848482609
425,0.9270091791471932,0.9270091791471932,0.8117812311091134,319.1671897392605,0.3263678899060971,0.09733598985451433,0.09562658638645696,0.09564249874932798,0.15870062811726873,0.1571056331861009,0.1566600948774376,1.7561885080866506,1.7398406362513699,-0.016640103419263537,0.4989869239212516,0.49247001314995364,0.49286205238685704,0.3614674941288252,0.35937409693174177,0.3590084442985477,1.3060283664520302,1.2274613303015465,-0.07960672252830617,0.055826766117421656,443,560,1.2471835017204285,0.002815312644967107,0.16797758638858795,0.8023071875795722
426,1.5264029868213986,1.0,0.9203995056790188,1360.938852134289,0.6738293355038385,0.900758921266052,0.8832384553982021,0.8840077910401672,0.3642345671396484,0.3634919150291175,0.36281926774808837,1.9450782505960786,1.8596685339891315,-0.08710395672460616,0.4496577486342197,0.443662739088409,0.4436868880902048,0.27011800238967604,0.27249605503819346,0.27180383843541595,1.3332383493934736,1.327867819947653,-0.0054430989281257615,0.16444504068732713,340,293,1.2368544917553663,0.003637807328692254,0.16309754550457,0.7086389334872365
427,0.9831410148009166,0.9831410148009166,0.8587772474831463,544.6645117481721,0.4525918571226945,0.18135766062809575,0.17805706654656783,0.17810892513233587,0.2484897794564118,0.24577776271395066,0.24551621492630482,1.8199364008649925,1.7913417522637527,-0.029124699611104966,0.24894969689679333,0.24671735809308365,0.24662138863324928,0.2816298543703211,0.2795782880334775,0.2792519742966774,0.8967027602508548,0.9352524998290285,0.038898543894977246,0.1028227824914546,339,361,1.7809312120079994,0.005253484401203538,0.2645516097545624,3.257852466776967
428,0.3877769526690671,0.3877769526690671,0.6125430968025689,420.3260247253498,0.3895169134160891,0.08417721201565204,0.08476885193346229,0.08391400439072229,0.14644252573609653,0.146319261362641,0.14513165711537904,-0.7028504551804816,0.31268275418863606,1.0084453466598724,0.42593537157271194,0.41993705346030424,0.42089862663878297,0.3134382110185426,0.3112559452142301,0.310543368170523,1.4082695433956738,1.1825138906241655,-0.2289803127767149,-0.1434113681891228,338,401,1.9882355090230703,0.005882353576991332,0.15051209926605225,0.9730271100997925
429,0.8735227600573641,0.8735227600573641,0.8074887185378912,514.1166961575691,0.4383346166363392,0.11795783092448403,0.11554921303189487,0.11551169634619825,0.20230210759016967,0.2008400166977401,0.20027766801534835,2.0419313187703,2.073736486263286,0.03246814470841107,0.1318870735961975,0.1291670742218445,0.1292447411696562,0.2059749001392974,0.20375092066447215,0.20341954324906403,2.062369950432667,2.00348097390606,-0.06012906019555823,0.05153425354619945,449,406,1.918546075001359,0.004272931124724631,0.17651234567165375,0.4467875324189663
430,1.1945705821796244,1.0,0.8852109548151879,741.7977486767347,0.5296408714017067,0.2453458060165093,0.23888344782167265,0.2391525489278803,0.22211734487525048,0.2201316746612066,0.21959712798541817,2.6339794837992043,2.5242971091228914,-0.11264954046064027,0.3658871027895942,0.3564053761398706,0.35700241247093795,0.25964841227922075,0.25574390087675014,0.2553937329852874,2.5914350567246167,2.42826004276118,-0.16751608450289754,0.12925648982349613,339,353,2.4250833801925182,0.0071536382896534466,0.27081266045570374,0.15825763903558254
431,0.4794086165370615,0.4794086165370615,0.6147902300896767,686.9080236204487,0.5104550861669299,0.16079044808083828,0.16096785609957873,0.15987932465438556,0.22082592640435394,0.22039096148463916,0.21919770639581332,-0.11033492403183726,0.5666527068788613,0.6762415003649991,0.2084912628508025,0.20761572012198976,0.20657384963601583,0.2173914323379082,0.21591668899354588,0.21461353700607358,0.4199421677632998,0.9196611831924961,0.5018263960752833,-0.14116423490201502,408,289,1.585494128987193,0.003886015022027434,0.11876854300498962,0.2625547405332327
432,0.4640656138243649,0.4640656138243649,0.6299344462993011,500.5049172259059,0.4317397467851522,0.07854003204315121,0.07876561573995032,0.07795042075188943,0.15340251690785278,0.15408820866556386,0.1526584859708609,-0.2872212945815536,0.7507143502791545,1.0349630107029268,0.11225017315467038,0.11304094627527168,0.11191079586440854,0.17456445381647753,0.1749021012249858,0.17346566118372062,-0.7044738536943627,0.302340104005197,0.9997708335801254,-0.12602001869239066,342,322,2.068963499739766,0.0060496008764320645,0.12233402580022812,0.2395470328629017
433,1.1159140635707467,1.0,0.9138245688317784,1206.8409171405929,0.6468879007956951,0.4438550891948792,0.43453201206564596,0.43473941963660656,0.39061153733453524,0.3845989688579447,0.3845265063642537,2.100477691073596,2.053749023089451,-0.04773125229016988,0.5258506967876571,0.5161978337523062,0.516285212034725,0.4092643045455334,0.40165800900705734,0.401653767039,1.835666110992861,1.8190495536786722,-0.016927285762440784,0.1578701038400867,321,227,1.856892729178071,0.005784712551956607,0.1796773374080658,0.11919732391834259
434,0.6648280386624608,0.6648280386624608,0.7157586682258336,519.918407503825,0.4410992330658794,0.11680092794766962,0.11572605925193707,0.11536822305175273,0.16110184747253153,0.1585823584755227,0.15793365110788693,0.9202569830730468,1.2266211588308482,0.30920969961080913,0.15541523654181935,0.15366551849353277,0.1534438245907394,0.19668802317093687,0.194215120273764,0.19375095850791807,1.125834305065555,1.2684804881080454,0.1442704290245135,-0.04019579676585816,333,377,1.254223644733429,0.003766437371571859,0.14090204238891602,0.33069704473018646
435,0.7488631236200203,0.7488631236200203,0.7518781274308722,890.6680464681822,0.5748330741915391,0.37114791000172015,0.3683677771481102,0.36801554143781556,0.23651574129717248,0.2341352544462014,0.23319537221348136,0.7490633191487098,0.8439677227038861,0.0956206628662341,0.5800347089478194,0.5859863338355035,0.5823704346747177,0.3425561145287775,0.34275805919307456,0.34052026525611556,-1.0260808182462573,-0.4026872342062645,0.6170620289245171,-0.004076337560819487,500,357,2.7422621119767427,0.005484524223953485,0.3678876757621765,0.1471227239817381
436,0.55109261485892,0.55109261485892,0.665814859861624,517.6087516837681,0.4400019089530233,0.17824572633929936,0.17791402374300463,0.1773026008495936,0.156804709395695,0.15721120992192522,0.1553442987537099,0.1860928747673384,0.5291153449090162,0.34366200063814833,0.20272813123368863,0.1980040830650592,0.19881947221580293,0.1840759947544515,0.1818936252690813,0.18109853333069686,2.330238107499705,1.928029915779234,-0.411804210358534,-0.09013960513006769,332,319,1.8902603778988123,0.005693555355116904,0.18140055239200592,0.7464810013771057
437,1.5109440831724938,1.0,0.8786410017540501,665.9759114829287,0.5027198582353972,0.32661123112412427,0.3181667146775926,0.31874618309575603,0.277666543174771,0.2720639035861015,0.2721417215443164,2.5854948151866926,2.4080764158961916,-0.18212729095518745,0.43042830471728677,0.421922458049889,0.4223430266676926,0.33782958768945953,0.3317403862705301,0.33182402643781517,1.9761355315572435,1.8784262003644836,-0.0996791258155467,0.12268653676235841,273,226,1.4361684769392014,0.005260690391718686,0.22799524664878845,0.3681652005761862
438,0.7170692522076005,0.7170692522076005,0.7396875537317634,473.78216128894303,0.4183315480424342,0.1088643519812107,0.10757442197593911,0.10733809477592603,0.1766220653425358,0.1746916459837685,0.17419501137136195,1.1848966000314016,1.4019807012198904,0.21968716696050908,0.09765787444805978,0.09676916697269577,0.09651752859974855,0.16792213732530484,0.16661102561703395,0.1660750861418593,0.9100213171613394,1.1676947248301324,0.26003982551408034,-0.016266911259928296,369,430,1.1602706369012594,0.0031443648696511096,0.08629494160413742,0.28604782931506634
439,0.1677118702790134,0.1677118702790134,0.3478469265105504,1492.4849972583204,0.693774204978267,0.5600340359255189,0.5662543731768684,0.5600744832933905,0.3737008753900694,0.37929553682910727,0.3737754822761257,-1.1107070021324175,-0.007222305302341446,1.0913628532009014,0.34628732371441373,0.34628414646791106,0.3451094840761392,0.275526893015353,0.2767350428324334,0.2745851911643724,0.0009175174154780165,0.3401336282369762,0.3392192232169478,-0.40810753848114134,300,384,1.4930764641612768,0.004976921547204256,0.19152863323688507,1.5100991427898407
440,0.439413643752656,0.439413643752656,0.6407797413557375,376.7943845258396,0.3638542516732152,0.09498155105958837,0.09526788207018543,0.09462110852237805,0.14630195553077058,0.14588615086047718,0.14465597577527695,-0.30145960705297065,0.3794868931801191,0.6788998912885282,0.09952508405770324,0.09694823146302238,0.09725379067765189,0.150623863434244,0.14959034384539766,0.14857606780532634,2.5891488754602223,2.2821315867811727,-0.3151777087816715,-0.11517472363595427,445,512,1.1260013030841947,0.0025303400069307744,0.1752271056175232,1.5419816225767136
441,0.8900086262622062,0.8900086262622062,0.8019356719827375,343.93106095845945,0.3430046971705567,0.036994058704909544,0.035311637465027544,0.03530227379647197,0.1184902203031309,0.11635369933362111,0.11584049687213072,4.54781469992835,4.573125976612718,0.02651723122398678,0.09994535153091152,0.09712577502497492,0.09726617695943097,0.16736188937518706,0.16450844617095658,0.16422834068740177,2.8211182038461806,2.680639499929042,-0.1445568227588913,0.0459812069910458,422,362,1.6458954270929098,0.003900226130551919,0.21487309038639069,0.5006906855851412
442,0.6532214231688761,0.6532214231688761,0.7015837753953434,740.6124734401124,0.5292424777037343,0.12072003627962949,0.11929672580906564,0.11874904868034522,0.16845759642108152,0.16717956750242358,0.16577609872804835,1.1790175967699081,1.6326930143715144,0.45908814764704997,0.17121872237253352,0.16628334441151532,0.16674107709074973,0.19744140999345422,0.19433574858807542,0.19360628979935593,2.882499000477252,2.6151610172872575,-0.27527271649144713,-0.054370689596348276,552,391,1.6221583532169461,0.0029386926688712792,0.08014844357967377,0.3574421927332878
443,0.0065575313825546,0.0065575313825546,0.2996683309779968,1025.5079882918692,0.6088710982792466,0.27520211020773216,0.28154905473574804,0.2757543712361295,0.31881449870619977,0.32646997693787605,0.31937832950424,-2.3062848330723114,-0.2006747070291258,2.058143475231064,0.14961071211087662,0.1507785392589098,0.14916327303548718,0.221522627494199,0.22477144292468124,0.2213626568578556,-0.7805772270956786,0.29906887620308975,1.0712839050980318,-0.45628613401369494,405,538,1.5898488145321608,0.003925552628474471,0.13879363238811493,0.6821229960769415
444,1.2570373364560572,1.0,0.8522324057487551,429.22122194515146,0.3945081017515264,0.09283739338508269,0.08876183033807572,0.08902508375867274,0.14430702679863114,0.14229963264734252,0.14186594903747574,4.390001591386604,4.10643759739868,-0.2965840379748163,0.18155479710513545,0.18009874737331863,0.17986123516592678,0.1898017461867499,0.18820588727409573,0.187638539783201,0.8019891267172861,0.9328103504904643,0.1318788780354594,0.09627794075706342,350,302,1.6556573547422886,0.004730449584977967,0.13932517170906067,0.51791712641716
445,1.194184801844926,1.0,0.8618984278350073,505.3720132585327,0.4341155548685159,0.15953235751845474,0.15513212709900553,0.15536255949922176,0.2681683907872199,0.26609882991440903,0.2659849429383288,2.7582056003530084,2.6137631788902858,-0.1485394447464526,0.3344025253907728,0.3276920956134533,0.3279762478248588,0.379734054514033,0.3759443124981242,0.37602547386689716,2.0066923147419105,1.921719209029436,-0.08671317227641434,0.10594396284331553,387,318,1.6692172419279814,0.004313222847359125,0.2057594209909439,0.1684871669858694
446,1.4476650775980635,1.0,0.888280267147338,780.27599011016,0.5422176732352072,0.35105299392696604,0.3417784566663343,0.34232899587210164,0.4045173322428522,0.40073989212356836,0.40086430240801896,2.641919431275742,2.4850943321336163,-0.16108072203767815,0.26167955374607943,0.2569230014132026,0.2570903451159995,0.2541653076768696,0.25441915941769055,0.25388266246069535,1.8177011787066573,1.7537513207979096,-0.06513379568056975,0.13232580215564627,476,529,2.1975339632481337,0.004616667990017088,0.1775735765695572,0.32828707806766033
447,1.5367551766778869,1.0,0.8988531552194421,930.6995524053348,0.5855410967583794,0.547413088620666,0.5353105954076414,0.5360040725064551,0.30988752532386743,0.30832702660609046,0.3079955304947353,2.210851999085302,2.0841694054043383,-0.12954667902391265,0.39755605408222044,0.3876216075281276,0.38809783994152175,0.2798751211015237,0.276883004984,0.27655129183479327,2.4988794541255506,2.3790894500483692,-0.12286013063903191,0.14289869022775037,477,408,2.5875370409339666,0.005424605955836408,0.1591285616159439,0.9297676961869001
448,1.0979232026735268,1.0,0.8459037181861577,384.5377659130069,0.3685756971189976,0.10898540553453326,0.10610154976813213,0.10623159283869738,0.1653416763836738,0.1636862174534969,0.16318975774623437,2.6460935317503087,2.526771985964035,-0.1225647229936157,0.21174946757271496,0.20915893054473608,0.20913639522029442,0.22248455102901596,0.22050673498213305,0.22002070443759966,1.2233971861531507,1.23403963295596,0.010774258781571937,0.089949253194466,379,447,1.2372562792152166,0.003264528441201099,0.1552780717611313,0.41352345049381256
449,1.5305069052511906,1.0,0.9185514283262384,1315.111436081003,0.6662566611964907,0.7546992042280074,0.7377010176930852,0.7384684623566014,0.36953390245190393,0.36768134121292423,0.36711841605391415,2.252312767748302,2.150623954613641,-0.10403193775116655,1.0144113143356464,1.0085511405216951,1.0081002813703999,0.5694672727435314,0.5693244261820855,0.5687415752625379,0.5776920792518099,0.6221374777724834,0.04470364795404058,0.16259696333454665,252,329,1.7578519489616156,0.006975602972069903,0.3798656165599823,0.9004598092287779
450,0.7767855921424014,0.7767855921424014,0.7636482556493743,385.803921814726,0.3693410635929263,0.06450161772548384,0.0631622517944389,0.06304211854097627,0.15384097108201777,0.15178455145276976,0.15132829796950087,2.076484246868374,2.262732681712158,0.19019786351760712,0.13016885445234044,0.1274390417818085,0.12756547155046966,0.18599084799065488,0.18339889926412864,0.1830666826794239,2.097131976782831,2.000004465602777,-0.09920803459712876,0.007693790657682609,236,179,1.2857900764793158,0.005448263035929304,0.3178892433643341,0.7584286583587527
451,1.0144943193843383,1.0,0.9080457306971206,1089.5971861688668,0.6232085569615158,0.36187823013032033,0.35484692917330346,0.3549229228421882,0.268109890022798,0.2660837081594619,0.2655482024367312,1.943001919315441,1.9220021291768203,-0.02141590151611748,0.19396641898040287,0.1927697314760646,0.19241667647218502,0.2275459553736044,0.22838491948592074,0.22771487941960225,0.6169560229181594,0.7989746453866459,0.18314856859331127,0.15209126570542886,334,338,1.4417662434279919,0.004316665399485006,0.1517232358455658,0.9092140402644873
452,0.5285469896285456,0.5285469896285456,0.6162372350213021,1049.6204363987868,0.6143915442853217,0.22246596984757783,0.22209014825777515,0.2206776844194244,0.2415780944493659,0.24025348641899655,0.23903929748589473,0.16893441727746983,0.8038467318748439,0.6359867150484032,0.2976936481349909,0.29689119350099696,0.2958021937235412,0.26706533193218035,0.2652772111517078,0.2644201043829698,0.2695571904275375,0.6353694219877933,0.36680096994931205,-0.1397172299703896,322,361,1.591909198090434,0.004943817385374019,0.12916064262390137,1.4612099155783653
453,1.516587546880143,1.0,0.875732836993688,634.9735265683494,0.4908033740421372,0.27013994702807237,0.2620435921752233,0.26261634926133215,0.2035556807723453,0.20165437993596214,0.2012020788030421,2.9970964834785008,2.785074125286026,-0.2185732081270777,0.22827672418667072,0.2230132374748394,0.22335648663799237,0.18015117725942728,0.17942722491499352,0.17892821606121462,2.3057483107770422,2.1553829310494566,-0.15391425506376355,0.11977837200199626,275,421,1.8298956640064716,0.006654166050932624,0.16720856726169586,2.4293216122314334
454,1.115612360699059,1.0,0.8793287583530728,673.5261985606523,0.5055380069017895,0.13663227242414414,0.13143170232219017,0.13161106484093066,0.18607985077641048,0.18362720962823062,0.18305856116060942,3.8062530979576783,3.6749791935145955,-0.13646823070190192,0.1777142321232335,0.1737266983838246,0.17371364383860258,0.2147101961414833,0.21332569081905522,0.2127221383458108,2.2437897582922957,2.251135565696717,0.007514415080390575,0.12337429336138106,397,584,1.4882463999092579,0.003748731485917526,0.16359935700893402,6.97364910505712
455,0.9273892084644916,0.9273892084644916,0.8417466868320158,659.9211780421333,0.5004366098867005,0.0689639715219418,0.06542640391793339,0.06543493896829636,0.13735524117512987,0.13447447384184905,0.13394648224360364,5.129587994918304,5.117211894507306,-0.013045268961554978,0.1342966292965729,0.13086054848522383,0.13080658389838865,0.17800662077069734,0.17462840759111686,0.1741658878999973,2.558575616787103,2.5987587450739706,0.04123823983610666,0.08579222184032409,420,396,1.9950371328741312,0.004750088411605074,0.16868415474891663,1.6625973656773567
456,0.5636229752498954,0.5636229752498954,0.66504634361637,590.4705610244679,0.4726637405937282,0.1785653106429836,0.17809411490384738,0.17742705747868734,0.18524763012163414,0.1880737326395675,0.18572548031429806,0.26387865450434234,0.6374436110785411,0.3745533228429179,0.18098432384265753,0.1803767271212006,0.17963517236158705,0.20535061218789594,0.2071754475182523,0.20527564599239392,0.33571787244135276,0.7454521211701156,0.4111144333577308,-0.09090812137532167,452,574,1.4355729641392827,0.003176046380839121,0.16772429645061493,2.989556696265936
457,0.7092162211073147,0.7092162211073147,0.7390386838450792,373.6647667444548,0.3619259035161754,0.06248048524186392,0.06149994226500232,0.061303882087589814,0.16227502154970927,0.16060575696435833,0.16019781939548527,1.569358773488853,1.8831530352548287,0.3187973357238058,0.10171294072382622,0.10080281104590458,0.10063412907316596,0.18840814225190222,0.1868635800076236,0.18645733040863535,0.8948022458546884,1.0606434569515395,0.1673385602925296,-0.01691578114661252,479,481,1.5025596600025892,0.003136867766184946,0.18471308052539825,1.7568077705800533
458,0.5634382063042556,0.5634382063042556,0.6526140898898377,763.407125130286,0.5367877799330936,0.1262080142165911,0.12560058422087877,0.12472621140856464,0.18395667787373104,0.18262394417544542,0.18110278983849437,0.48129272889905494,1.174095652502291,0.6961534595862036,0.24250908469604313,0.23777720397185842,0.2382458340625563,0.23324866182300866,0.23051543769432914,0.22960936796611722,1.951217922460747,1.757975639894193,-0.1970878969345417,-0.10334037510185401,406,372,2.199303412809968,0.005417003479827508,0.2426261454820633,4.687783187255263
459,1.1572874823384962,1.0,0.8655823171771788,537.2768121941305,0.449210644979655,0.18274412023522446,0.1783147438153226,0.17851809788390743,0.2209179173042418,0.21869074012134224,0.21829485278693447,2.4238133704112865,2.3125353340383143,-0.11404220662506256,0.27469583972646716,0.27000572495686215,0.27014995301385053,0.28101696364569734,0.2789178365371248,0.2785853324225051,1.707384711131873,1.6548800728628696,-0.053416666261956215,0.1096278521854871,483,433,2.033573874272406,0.004210297876340386,0.2562054395675659,2.367240134626627
460,1.880425242709468,1.0,0.8902711184409596,806.3851226879362,0.5503753774667307,0.34882308846151633,0.3348611882670577,0.3358991915651591,0.22427001287692075,0.2222131439272904,0.22191271800633983,4.002573412223824,3.7050004210896783,-0.3099801752102773,0.23763640186376236,0.22855421137647616,0.22924749952886744,0.1986597870112871,0.1954636497384011,0.19538825855080993,3.8218852061617428,3.5301419601969495,-0.30333641555582236,0.1343166534492679,402,321,1.9712286964058876,0.004903553971158925,0.2555483877658844,0.32676796428859234
461,0.7112432383091536,0.7112432383091536,0.7337848042779157,647.9008653366449,0.4958410305131344,0.15036172140857973,0.1486450763541821,0.14830834983285765,0.19307859582439868,0.19207953772312888,0.19087897141820787,1.1416769097322192,1.3656212209372276,0.2265305582824061,0.16146625860282135,0.15774822277555278,0.158040034746136,0.21643607768402048,0.21445442232188894,0.21383827509747882,2.302670452292007,2.1219441673651764,-0.18498590060087303,-0.022169660713776018,648,469,1.9946020534262061,0.0030780895886206886,0.33876270055770874,0.24870266392827034
462,0.6713458625381757,0.6713458625381757,0.7131237937318032,675.3696608109815,0.5062212354047536,0.10796082127629521,0.1065093638577751,0.10605926927318121,0.17745408282722028,0.17679809066107147,0.175721143201951,1.3444297675408707,1.7613352516534782,0.4225868677564435,0.2774144416799912,0.2703575153069242,0.27120331803507297,0.26889299523408916,0.2651634885475822,0.26471262092096837,2.5438208372754567,2.238933058893523,-0.312846020643654,-0.042830671259888486,476,479,2.2455250648781657,0.004717489632096987,0.12789559364318848,5.3035187516361475
463,0.4848257010269408,0.4848257010269408,0.6323243335077537,552.1663468201943,0.4559830896437494,0.16827386734127842,0.16837895886783763,0.16753524888471882,0.18831352711537708,0.18727360236448354,0.1859284177960009,-0.06245267207538352,0.43893830232212494,0.5010780377737358,0.26560713845259204,0.26176291235148136,0.2620609134140642,0.23471197487809412,0.23138283266513,0.23085332632988842,1.4473353854519364,1.3351392056658988,-0.11384388258283128,-0.12363013148393798,410,488,1.7037598863244057,0.004155511917864404,0.15296122431755066,6.188622983172536
464,0.5236128967912357,0.5236128967912357,0.6111870726240042,1089.0010274345684,0.6230800346616727,0.2525798054396762,0.2522572779855025,0.2507597415183206,0.19117872043814027,0.18810089354315895,0.18659647218875247,0.12769328633071955,0.7205896442066398,0.5936544147075078,0.2334551523006959,0.2350263527793524,0.23246415258012693,0.21961616889291097,0.2180165717979978,0.2161811433259116,-0.6730202624240024,0.4244925463425001,1.0901757053733163,-0.14476739236768754,338,342,0.9979131072759628,0.0029524056428282923,0.09288465976715088,0.3710832055658102
465,1.340956949204797,1.0,0.8328216099155382,302.8964673942097,0.314970503030222,0.08081379208979436,0.07761889331966662,0.07788853584018253,0.14058037973774332,0.1396260525620067,0.13918505541357842,3.9534078125894694,3.619748775507901,-0.34739289493011644,0.13864878404506817,0.13490506309664238,0.13519216422726552,0.1826593450334121,0.18118411587186833,0.1807888980098302,2.700146975114388,2.4930761864302173,-0.21281716492542885,0.0768671449238465,454,666,2.5076731629669666,0.005523509169530764,0.2602570354938507,6.258762862533331
466,0.5534684667643741,0.5534684667643741,0.6340710181216164,996.1610005794172,0.6019351853319006,0.23542163429829582,0.23475357287255524,0.23354851868631868,0.246236622776711,0.2426636041876803,0.24212751849909128,0.2837723167336857,0.795642939766434,0.5133273038152112,0.2941087125721256,0.2923135289406398,0.2914541049006843,0.2999713165868011,0.294566581880478,0.2948188843142421,0.6103809764036149,0.9025940266187528,0.29400761677712306,-0.12188344687007535,345,268,1.5856027333065867,0.004595949951613295,0.17509964108467102,0.4474021550267935
467,0.9204511405908608,0.9204511405908608,0.8358868795762494,622.6868163420708,0.4859211549012086,0.20784094072802664,0.20455715859173929,0.2045603728281997,0.22306385406587823,0.2211623225419962,0.2207291166757543,1.5799496118449528,1.578403123242106,-0.001571314581477568,0.16149346839214707,0.15850943272560108,0.1585665644384766,0.20176693212159968,0.2002638692317429,0.19982064025275978,1.8477748334068758,1.81239772902963,-0.036043099702732714,0.07993241458455769,274,293,1.0837783459573984,0.003955395423202184,0.13232111930847168,0.3659821515902877
468,1.4831282441236946,1.0,0.8602252758634803,491.4368331579568,0.4272596540979076,0.1985113760564639,0.19245145443695394,0.19292791050786398,0.23084375356804263,0.22746638422766888,0.22741483034762855,3.0526822894957433,2.812667797442391,-0.2475720811276728,0.2694237773435091,0.2647055534155133,0.2647613809080808,0.2568719219345165,0.25570411591058306,0.25501431942709973,1.7512277403713281,1.7305066692327657,-0.021090412289128342,0.10427081087178858,378,271,1.637033075094223,0.004330775330937098,0.17855629324913025,0.2780006304383278
469,1.0155042719553469,1.0,0.8549874978512767,449.8919577277705,0.4057973560393699,0.1911944362191824,0.18828553061353545,0.1883575480085391,0.2162640666964655,0.21376567459240567,0.21346772600649952,1.5214384179632787,1.4837713203072107,-0.0382490331407714,0.3426392133469328,0.34136155262626755,0.3408850859685941,0.28436499907582163,0.28119653787096366,0.2807064355932093,0.37288806152248327,0.5119458923583798,0.13957830165925975,0.09903303285958498,303,307,1.3814974538981915,0.004559397537617794,0.17488259077072144,0.4282870702445507
470,1.8009934851805487,1.0,0.8946972856592588,867.9696711839196,0.5685120224094395,0.16172619617612302,0.14756275437970795,0.14854136622229294,0.19358688082269665,0.18564674474914894,0.18569320778022028,8.757667051657359,8.152562952430749,-0.6631835022995245,0.22491471976521232,0.2189546790208279,0.21909068925984956,0.22828539041012583,0.22334437718753328,0.2231799024928684,2.6499113755676285,2.58943946018404,-0.06211798698703199,0.13874282066756705,472,348,1.9922801107168198,0.004220932437959364,0.2571183443069458,1.4413207937031984
471,1.5763243376044491,1.0,0.8879035664152133,775.4400686021372,0.5406741058345094,0.20553914094634873,0.19507073564093352,0.19576018468956424,0.23549719932363247,0.23198635965568912,0.23175077282115086,5.093144428460827,4.757709997112939,-0.35343540709242377,0.2494080572160267,0.24221020773470658,0.24258497480166322,0.2417025240558159,0.23824133858947114,0.23805411606635174,2.885973116371961,2.7357105021084505,-0.15472802342299133,0.13194910142352156,387,337,1.9241388514637947,0.004971935016702312,0.2546580135822296,1.4058056939393282
472,0.1277938086103484,0.1277938086103484,0.3521423783341983,1185.7403675366804,0.642848421904901,0.270386210326667,0.2759217800910884,0.2706390473837055,0.28965812060517626,0.28823458589526413,0.28732389554852755,-2.047282573225031,-0.09350959752460224,1.9145761909911516,0.2136669187686962,0.21646640931088837,0.20957164208914467,0.3044351446435008,0.3076752266367778,0.301061239786549,-1.3102124364056276,1.9166638912338374,3.185144172572965,-0.4038120866574934,593,622,1.195088079199195,0.0020153255973004974,0.1239786222577095,8.604657894000411
473,0.9219454749915286,0.9219454749915286,0.8249356982793844,468.4346867539388,0.4155721041022672,0.1639801060075572,0.1615010033534721,0.16151075179817206,0.22936266986314488,0.2281162471193803,0.2275371936870576,1.5118313522561393,1.5058864575141355,-0.00603615116782838,0.23688689457099096,0.23194894833033508,0.23224616237447293,0.26079215100424785,0.25875094352953565,0.2583348926955044,2.0845164311848685,1.959049784042521,-0.12813769852259316,0.06898123328769268,428,372,1.8779754666611552,0.004387793146404568,0.188136026263237,0.499403640627861
474,0.5867590446022473,0.5867590446022473,0.6802438951076755,533.5177513037455,0.447474108399329,0.13420584021372425,0.13362527265425392,0.13308314710466485,0.18199278810391073,0.18094451390558186,0.17992938751475476,0.43259485469915104,0.8365456430744798,0.40570585101202017,0.24448190906816078,0.24249455229513586,0.24202741857032184,0.26537306458649257,0.26288033563894725,0.26221671566811183,0.8128850026571286,1.003955878450964,0.19263679138056783,-0.07571056988401625,368,320,1.6205541379749775,0.004403679722758091,0.1707376092672348,0.8846863657236099
475,0.8331008049914952,0.8331008049914952,0.7916663038793453,567.7847138873213,0.4629103452962853,0.3009847747782194,0.29861259003436863,0.298519516998315,0.3242472968824704,0.3255787363299236,0.32443796937426816,0.7881411096620095,0.8190639482415304,0.031168490264556977,0.46028087779502,0.4578136863097372,0.4575071525224013,0.42604599763649637,0.42498268573663395,0.4242884381963374,0.5360186799638416,0.6026157953609256,0.06695601212945679,0.03571183888765361,341,330,1.2046492397785187,0.003532695717825568,0.18222174048423767,0.47487478889524937
476,2.1600882105003643,1.0,0.922832573384236,1424.6197055382086,0.6837990639200309,0.739506927148772,0.7098436422600192,0.7114964503432111,0.445045638849833,0.4355953028624973,0.43584150898144564,4.011224749864342,3.7877233839522684,-0.23284114765466501,0.7995199366933227,0.7956583481367087,0.7953178859392568,0.4397394890038271,0.43618785524146203,0.43601240069550107,0.4829884008377417,0.525571728885816,0.04278999877889503,0.16687810839254424,301,284,1.1973503418266773,0.003977908112380988,0.16502989828586578,0.3162048999220133
477,1.0931577430837482,1.0,0.950659909068896,2599.63123170282,0.797824242392207,0.7510895151475595,0.7317488645072968,0.7319384253140319,0.4669305308816233,0.460877386563877,0.46076334225268545,2.575012731533473,2.5497746203746714,-0.025905172652735276,0.7053477130098907,0.6944185837958791,0.6944506374920354,0.4455255855904828,0.440349415880812,0.4402216557807905,1.5494668817134771,1.5449224994797062,-0.00461590413970735,0.19470544407720425,349,380,1.4233003593981266,0.004078224525496065,0.16258011758327484,0.1532808095216751
478,0.6560198125311025,0.6560198125311025,0.7013883051676413,792.3236826363494,0.5460184078347543,0.17390336414888302,0.17235286504657424,0.1717751584974065,0.24831560088205734,0.24608673877074005,0.24552894985470483,0.8915866061000189,1.2237863608288355,0.3351882482554838,0.19831908563172554,0.19684219277855639,0.19632582202571905,0.2774878308534502,0.2749073545309802,0.27466921445670855,0.7447053562518504,1.0050790621876604,0.26232727117516075,-0.05456615982405044,375,343,1.170928055420518,0.0031224748144547143,0.11671528965234756,0.2932207603007555
479,0.5211124166507549,0.5211124166507549,0.6638140737388823,425.3580265348883,0.3923504836708059,0.10769383902692599,0.10758120186204105,0.10702376358860244,0.170155419998361,0.16984707541751892,0.16878745524389607,0.10459016588384026,0.6222040595618619,0.5181558337240504,0.21328266997843656,0.212032788523847,0.21158735488799138,0.23269411363222525,0.23063314642237973,0.23027597353517326,0.5860211027534187,0.794867717389595,0.21007771437459355,-0.09214039125280937,381,497,1.752802062779665,0.004600530348503057,0.14099356532096863,2.312598491087556
480,0.4407991073416814,0.4407991073416814,0.6220689824753584,486.56565366787714,0.4248237552255649,0.23628256035119666,0.23664385275830604,0.23578992518218322,0.18665647930803345,0.18696851117285967,0.18543911977517874,-0.15290692913280735,0.20849408787563886,0.3608492534961266,0.375418091355924,0.37023887468267747,0.3709440146067365,0.2723155389253215,0.27166253635633547,0.2701528851547907,1.3795863312128656,1.1917584293895374,-0.19045539846764475,-0.13388548251633337,350,370,1.4936381448060274,0.004267537556588649,0.1432226598262787,5.292861458845437
481,0.8936306152827451,0.8936306152827451,0.835349630354896,897.4303889922126,0.5766806029610745,0.4596278397483909,0.4551970741930974,0.4551525123708723,0.37444952982631713,0.3719814884218769,0.3714886107861065,0.9639898135236906,0.9736850100221259,0.00978956692639383,0.35721474563443717,0.35364925964067667,0.3535855442342823,0.28606776365111264,0.2854937943343487,0.2847421551990084,0.9981351658448357,1.0159718893208556,0.018016553027460035,0.07939516536320423,308,491,1.290713332593441,0.004190627703225458,0.13175438344478607,2.2499643294140697
482,0.941786465498671,0.941786465498671,0.8237850270317039,378.67942651675895,0.3650101266464309,0.05321613472967475,0.05111780734910703,0.05114282733042704,0.14831569652321278,0.14460941747861034,0.14453649249614756,3.9430285405483168,3.896012759625655,-0.048945724821762245,0.2842733071379854,0.28109471108813333,0.28104824368864134,0.26993746819634323,0.2669919903761288,0.26673151817263147,1.1181479126034033,1.1344939424012113,0.016530869368588125,0.06783056204001214,414,485,0.9172743819653988,0.0022156386037811564,0.08850564062595367,0.6556526385247707
483,0.8604005307065298,0.8604005307065298,0.8063403378343227,613.9949400472849,0.4824104431103808,0.12220588173066659,0.11943039379362858,0.1193666073089135,0.17730688324549254,0.17587534495390406,0.17500332322668075,2.2711574089003306,2.3233533292699007,0.05340892103670915,0.25172062315030913,0.24823106717594198,0.24816714956628086,0.24935835498963713,0.24731360159086652,0.24682286796928443,1.3862813188268013,1.411673600500503,0.025749238557565435,0.05038587284263096,458,479,2.116096928715706,0.004620298970994991,0.23569945991039276,0.7114150859415531
484,0.9217863583835656,0.9217863583835656,0.8313718204667688,549.4986493057014,0.4547819718662917,0.10878498697895321,0.10587796517698476,0.1058850552001014,0.17519717194660206,0.17250496478812488,0.17204333223181467,2.672263777106368,2.66574631241429,-0.006696410442704715,0.13370282321457153,0.13191586758187174,0.13182248244612682,0.1818743945095276,0.18009978482038794,0.17959288700198123,1.336513014262991,1.4063583125893013,0.07079143506899085,0.07541735547507711,361,378,1.2465102346614003,0.0034529369381202223,0.08386847376823425,0.473831495270133
485,1.7045138589068138,1.0,0.8845439399864798,733.7063653617423,0.5269077141297029,0.2961341919655149,0.28504951048038585,0.28585939101648344,0.24653033138269104,0.24367139368271437,0.24333557855005739,3.743127874413048,3.4696435696381687,-0.2841192516811298,0.2701089785350711,0.2593117650908575,0.26013768001702875,0.23514691920670283,0.23214407796743086,0.23190643359345905,3.997354513267935,3.6915835127441605,-0.3185026818516508,0.12858947499478812,412,352,2.0753033999353647,0.0050371441746004,0.1956084966659546,2.045926257967949
486,1.3874100283915902,1.0,0.8696835096803945,574.9176115958444,0.46601567484048,0.11650837762467338,0.11010927500038713,0.11053455819659995,0.18705098087004696,0.18236996345455506,0.18225399793599498,5.492396988739024,5.127373284106509,-0.38623739572468085,0.1726181126674765,0.16736229896247865,0.16761402778137766,0.19046796759135964,0.1883504554095804,0.18791413769571683,3.044763741057938,2.8989338423242343,-0.1504095130501562,0.11372904468870282,222,216,0.9586365967988968,0.004318182868463499,0.09627030789852142,0.7234898265451193
487,0.5363905480188959,0.5363905480188959,0.6526062425205283,585.8302944355332,0.4706976624213178,0.07303018427083677,0.07276279156738778,0.07202276038956153,0.16057950857411352,0.1616664980476746,0.1597537305210586,0.3661399818701581,1.3794623296295534,1.0170461603866463,0.07114121220032617,0.07101583900225024,0.07031469786338303,0.16128587252172594,0.16204781124685055,0.16041552866750947,0.1762314616215577,1.1617940029131961,0.987302478880796,-0.10334822247116338,472,447,1.8524479530751705,0.003924677866684683,0.30849504470825195,0.30980783328413963
488,1.0301347562183127,1.0,0.850075750708615,413.570511308008,0.3856710007569653,0.0656814420479569,0.062931490936787,0.0630132244947721,0.15213169234335308,0.149326060389669,0.14906960524423563,4.186800754407971,4.062361406798297,-0.12987704052205315,0.06385346955540745,0.06247262932718959,0.06238697422821892,0.14939676120907186,0.14790460678079542,0.1475238800444884,2.162514015028844,2.296657233192336,0.1371082022529661,0.09412128571692324,457,563,1.2781902346760035,0.0027969151743457406,0.0639239028096199,1.7652259096503258
489,0.9206297465331372,0.9206297465331372,0.8422992626794311,726.1711044924214,0.5243336879676631,0.18708025370755105,0.183249113234664,0.183248366495476,0.2161898287107061,0.21407389845083938,0.21347189778327685,2.0478593528507765,2.0482585073169552,0.0004074994824427958,0.22814219361967922,0.22352750081567074,0.2237033254179597,0.23199907753911542,0.22927229904268995,0.22878429469193992,2.0227265859034054,1.945658596199552,-0.07865904716303854,0.0863447976877394,478,327,2.8376794140785933,0.005936567811879902,0.22307230532169342,0.2862156964838505
490,1.3109819030722718,1.0,0.8575185315637551,469.5861677126612,0.4161685095718131,0.20231812069436841,0.19754155682787194,0.19786231609535587,0.27060621138132357,0.2691482217371549,0.2689425500015177,2.3609174749661594,2.2023754390955896,-0.1623755895390769,0.27797589684384616,0.27473943859445676,0.2747390637693312,0.29735392420960605,0.2946387266739808,0.294495062161343,1.164294561555992,1.1644294024288175,0.00013642931188409755,0.1015640665720634,318,267,1.511295972391963,0.0047525030578363615,0.2434932440519333,0.13317293673753738
491,1.4732245609106576,1.0,0.8817051784950249,700.2906392983227,0.5152756164912101,0.259345024312897,0.2507967094179924,0.2513498663603493,0.2233551432074752,0.2199140270042228,0.21970761480596704,3.296116791734221,3.082826814869471,-0.22055988838152366,0.25050615244081814,0.2447666894107805,0.24508635550795058,0.2102983248061749,0.20749837738193655,0.2072591400978141,2.2911465343724773,2.163538452073742,-0.13060032716853603,0.12575071350333322,325,472,1.7645367439836264,0.005429343827641927,0.16177870333194733,1.5231179231777787
492,1.3378385186137782,1.0,0.9190311728567356,1326.8067847533366,0.6682224604498183,0.7138602691214586,0.6999172399344171,0.7004270135211309,0.4925796489755874,0.4868484807295161,0.48685139134531996,1.953187450003493,1.8817766139107162,-0.07283340909870231,1.2657490147319637,1.2464225315883504,1.2469340759381586,0.7203081240482195,0.7173559542751878,0.7170912752683469,1.5268811524776016,1.4864667935601195,-0.04104100630757961,0.1630767078650439,429,614,1.1293729962781072,0.002632571086895355,0.12104173004627228,1.5501258037984371
493,1.7007701824669847,1.0,0.8886357004925979,784.8688876151459,0.5436740954772608,0.2618915005068111,0.2500707203869749,0.2509000244629364,0.2452398849075513,0.24156940149441689,0.24134011423178942,4.513617317461872,4.196957909135667,-0.3316278189938324,0.4196532604311317,0.40944782990440215,0.41002321347190834,0.26064402441590134,0.2567443987638,0.25649456553340005,2.4318720927474726,2.2947628118818666,-0.14052671072662276,0.13268123550090616,444,353,2.6695083249360323,0.006012406137243316,0.27564358711242676,1.2911891788244247
494,0.9232504257059684,0.9232504257059684,0.8502138130624527,850.1927660777367,0.5634287144071921,0.1725304291700878,0.16801702797885593,0.16801406267796024,0.2110081708262103,0.2084595148325428,0.20784173008016574,2.616002993177721,2.617721705007254,0.0017648811738677358,0.19079522092317935,0.18599583024632388,0.1861465405086265,0.21346536136672453,0.21057437037609256,0.2100940911124062,2.515466925027369,2.436476339428108,-0.08102883925033644,0.09425934807076097,485,349,2.7296201195567846,0.005628082720735638,0.2682962715625763,0.9366566687822342
495,0.3500032339881974,0.3500032339881974,0.509212373401562,1020.9602735536464,0.6078121526573368,0.39507103963012136,0.3969918295566161,0.3944489802337597,0.20753715553896346,0.21173508938024352,0.20745286305346727,-0.4861884911364436,0.15745507363538125,0.6405293846214483,0.13382491469961955,0.13425593306034558,0.133031272958055,0.15732200766787086,0.16064294234921386,0.15717838808130333,-0.32207632016317134,0.5930448327547485,0.9121832267480641,-0.24674209159012972,169,159,1.087871365249157,0.006437108670113355,0.30481070280075073,0.11558347335085273
496,1.0469820913844303,1.0,0.8325922163297866,301.57872673142367,0.3140305407984041,0.041105555975132095,0.039036544302136315,0.039119299349173235,0.1218131787822813,0.11957929608821258,0.11933232927305447,5.033411235813192,4.832087971661298,-0.2119937830470075,0.0358325901356994,0.03482683617490959,0.034760055390872624,0.12079197953038497,0.11989969257611027,0.11951929336123197,2.806813453844628,2.9931822979166345,0.19175093511673577,0.07663775133809492,439,523,0.9344417992979288,0.002128569018901888,0.07159695029258728,1.6282519344240427
497,0.9966082488529948,0.9966082488529948,0.8746503609680436,641.1496436304216,0.4932226457106543,0.18766220675752088,0.18366862606095222,0.18372838491995994,0.18968744276615693,0.1875475564743043,0.18694363698737157,2.1280687068381234,2.096224863562352,-0.03253623674839686,0.12141129255104566,0.11846953343146822,0.11849063365470473,0.17526934273071124,0.17409465834156743,0.1735097697155921,2.422969937776268,2.4055908103547905,-0.01781067471555014,0.11869589597635188,384,352,2.5014671329408884,0.006514237325366897,0.16117505729198456,0.6918553449213505
498,0.8463296340985794,0.8463296340985794,0.802703237711552,705.9183471540058,0.5172745255344421,0.15036994387706212,0.14730351247437648,0.14720739556219645,0.18867792488491786,0.18621998864288175,0.18566133425991213,2.0392581945715587,2.1031784898791206,0.06525093024971332,0.1132680870725947,0.11095431033974527,0.1108808725592869,0.1921872273022658,0.19033313163699378,0.18986329651654762,2.042743717713269,2.1075790851643914,0.0661874065401385,0.04674877271986033,370,408,1.4097542148083448,0.0038101465265090403,0.10485626757144928,0.6510616801679134
499,0.7601659762510758,0.7601659762510758,0.7575768277013372,412.7856428997008,0.3852210310563764,0.11314164241396824,0.1117946529025365,0.11164576661941808,0.1554243973912657,0.15483412183648085,0.15396707844804358,1.1905338146880573,1.322126639347316,0.13317835804563813,0.10598373826912535,0.10509457018793053,0.10485567250329751,0.1549472698686643,0.1549320097412193,0.15405890451902368,0.8389665204457619,1.0643762753143664,0.2273168672804132,0.0016223627096454418,455,431,1.68774195574224,0.0037093229796532744,0.2675664722919464,0.4133865721523762
500,0.1507242532614371,0.1507242532614371,0.3668762066693055,1185.7998608525816,0.6428599411950616,0.22418683092594452,0.22938163239947665,0.22436533647910936,0.28022275523605733,0.2974127140701781,0.28419323250208345,-2.3171751222301387,-0.07962356773034913,2.186877766930885,0.4987847373190314,0.4929126004650421,0.49460278871991725,0.3460483623617774,0.3486408985042175,0.3454105408215798,1.1772888010872264,0.838427539221051,-0.34289816354472114,-0.38907825832238624,289,322,1.9584301672875881,0.006776574973313454,0.23568838834762573,0.25419488176703453
501,0.4683815752500418,0.4683815752500418,0.695382570339639,175.78304933489684,0.2106314496699231,0.009068729353695836,0.009138441162818272,0.008883690786793364,0.06048554022699942,0.061718480179305105,0.06038445755894141,-0.7687053654768703,2.0404023506012057,2.787678680488903,0.010547397554728924,0.010377587578078142,0.010164206228803195,0.0639542019234053,0.06455238688498112,0.06335403442167352,1.609970381505611,3.6330414582118893,2.0561748833196827,-0.060571894652052705,256,272,1.461075883358717,0.005707327669369988,0.11729169636964798,0.6941362489014864
502,0.9998017001996572,0.9998017001996572,0.8446785176111447,376.7890394525076,0.363850968184177,0.08184063198016202,0.07947860355181866,0.07953546397643156,0.17456629042811808,0.1724252072089568,0.17207072816189375,2.886131706455924,2.8166546957863474,-0.07154180127967924,0.5060671971212075,0.5028966854387297,0.5027639676460259,0.42256674469678734,0.4210313583472911,0.42074117803821304,0.6265001368421976,0.6527254668890201,0.026390667615547456,0.08872405261945293,413,464,1.4364774897694588,0.0034781537282553483,0.1618238091468811,1.4235150143504143
503,2.3857834536357454,1.0,0.907532836540326,1079.899396040086,0.6211069239331666,0.5170246890812329,0.49148213925377415,0.4932756672003008,0.3002379539474863,0.29776321912682785,0.29736967984365725,4.9402959601114125,4.593401897912216,-0.3649223040433975,0.31881432398214643,0.3064725776230535,0.30723745910990385,0.2377231776198794,0.23621628354099253,0.23597132816854693,3.8711392276665855,3.631224823164118,-0.2495758324554245,0.1515783715486343,359,370,2.4199251141399145,0.006740738479498369,0.22862038016319275,1.0627680495381355
504,0.915478805024166,0.915478805024166,0.8345819483570782,640.2894190386637,0.4928870625597344,0.2354794136812081,0.2321427354415457,0.2321403280480086,0.2657083869966349,0.26370025492202154,0.2632246346919199,1.4169723745701084,1.4179947117245404,0.0010370316058017721,0.09359554176956875,0.09265469892174182,0.09249826021244409,0.19021858601605285,0.18921562793598531,0.18886695837521666,1.0052218621088558,1.1723651964386865,0.16884055651603602,0.0786274833653865,317,214,0.7665648497641087,0.0024181856459435606,0.24059420824050903,0.9966596495360136
505,0.6084424180382313,0.6084424180382313,0.6905018581006674,525.4507255056258,0.4437102476903079,0.040794716479589224,0.040080022178543506,0.039596989537480455,0.12562704955600754,0.12673183061210236,0.12506227351599983,1.7519285895841443,2.9359854546556945,1.205170593247921,0.2390950025862763,0.23735107563408164,0.23708374415306901,0.19785401186693383,0.20020775490692655,0.1984253298580229,0.7293866175916309,0.8411963493388107,0.112631249004646,-0.06545260689102428,324,276,1.351287281140685,0.0041706397566070525,0.1804099977016449,0.9574158322066069
506,0.7045302059254968,0.7045302059254968,0.7284700664665644,756.3071700524126,0.5344636757867225,0.24330108999147732,0.2413608975718287,0.24094953658166404,0.17590908964857913,0.1747990184843207,0.17378399972886382,0.7974450174952329,0.966519882790351,0.1704339825974602,0.46815788581110607,0.46752986890127224,0.4661344596929596,0.26455501552443755,0.261357626561453,0.26083591830824504,0.13414639139224557,0.43221019648975995,0.2984641840299889,-0.027484398525127296,323,259,0.9099629949778318,0.00281722289466821,0.06449483335018158,1.3228523004800081
507,1.1595401100935916,1.0,0.8187963168697805,228.46282911590657,0.2575005188107594,0.074875246105424,0.0729853153475046,0.07311520011925048,0.14070932387954654,0.13865961407288435,0.1385789326819829,2.5241062383399426,2.350637998164818,-0.17796014325272505,0.03836041232813429,0.03702055493664641,0.03709651233199959,0.1233369540557226,0.1211657691704086,0.12115881644699661,3.492812798847834,3.294802947693357,-0.20517627432427413,0.06284185187808877,367,349,1.1836662851274014,0.00322524873331717,0.2006056010723114,0.9082616046071053
508,0.4375113807335006,0.4375113807335006,0.5377038509273708,1435.0068919368025,0.6853677308544247,0.7297451154434613,0.7308698344796223,0.7281128268070478,0.43462285037843906,0.43269722712783504,0.4316485247697967,-0.15412491462549563,0.22367928224111286,0.3772228025442393,0.3234821407497648,0.3222793036874124,0.32183457200870863,0.2627533712341131,0.261647237068291,0.2610040428679911,0.3718403308338537,0.509322937345915,0.1379957302921161,-0.2182506140643209,309,282,1.720379987731576,0.005567572775830343,0.2381475418806076,1.658095184713602
509,0.7924903600610368,0.7924903600610368,0.7736225213511385,616.8793286903953,0.4835807724407135,0.18822315420661823,0.1859600690048966,0.18579486122118066,0.23183742632922896,0.22957823815310116,0.22895098573938338,1.2023415563620725,1.2901138521841755,0.08884046161091491,0.4060085778796219,0.399359259330249,0.39991429213901214,0.2477357378885195,0.24482908020305247,0.24421456741682565,1.6377285879276082,1.5010238878294528,-0.1389808288642032,0.017668056359446793,331,511,1.302072698250413,0.003933754375378891,0.12318547070026398,2.3775146547704935
510,0.2807106033343828,0.2807106033343828,0.4103591070190545,1756.0383177668389,0.7271958374537423,0.4809097297339115,0.4857396587829883,0.48022705675132527,0.48012207486553454,0.4896883984243906,0.48202451933729523,-1.00433173846352,0.14195449590174739,1.1348881920563705,0.3766340945916999,0.36662834748320794,0.3713294260410739,0.37898416613107994,0.3759765910107294,0.37687361903283934,2.656622767872075,1.4084408785074722,-1.28224633750702,-0.34559535797263724,393,386,1.2140693860128522,0.00308923507891311,0.09956719726324081,0.4701734222471714
511,0.7349532407886088,0.7349532407886088,0.7451893607074253,692.8137092119331,0.5125941316642957,0.20556325679173643,0.20352157976180815,0.2032168096554542,0.2500209311223405,0.24872093161599773,0.24784390865962136,0.9932110737069956,1.1414720572653252,0.1497483002591919,0.401073928949062,0.39467773801440276,0.3951554916588368,0.23776290802148234,0.23573323836259955,0.23486009726276996,1.5947660700408188,1.4756474712114476,-0.12104904797457741,-0.010765104284266469,299,515,1.1594416704028845,0.003877731339140082,0.12165753543376923,3.904251219704747
512,-0.0376843734247394,0.0,0.017675448106715,27515.897883324425,0.9766183693261083,4.151134439989767,4.336701220952722,4.151418233551709,0.9411228078194497,0.9793375197751534,0.9410695727891034,-4.470266710114353,-0.00683653025563463,4.2724406861561,2.3318263353188833,2.300348382608228,2.330473903532183,0.6292288446953704,0.6285911599565382,0.6289822468068998,1.3499269750013678,0.05799882119074986,-1.309606890491844,-0.7382790168849768,278,223,0.9831573627889156,0.003536537276219121,0.19927211105823517,0.2984496708959341
513,1.015344965626244,1.0,0.8775253288023103,653.9082504719537,0.4981482812479228,0.09858684145097579,0.09436011652545168,0.0944370438523533,0.14540855979778297,0.1429016115615175,0.14232909135740937,4.287311433570917,4.209281418845396,-0.0815252563628106,0.1721900472783288,0.16837649516787895,0.1683373554636308,0.18349247440061456,0.180639341299893,0.1800715308694237,2.214734341924884,2.237464868379115,0.023245349185543586,0.12157086381061855,441,400,2.1986034540459514,0.004985495360648416,0.19325196743011475,0.8676713705062866
514,1.571543009712686,1.0,0.8760091725736432,637.8568630559463,0.4919356856000843,0.31811894495025855,0.30954615919362527,0.31017461519895484,0.21857431917432837,0.21555183507406228,0.21503270733805255,2.6948365989248875,2.497282817452415,-0.20302497274290582,0.25914553851572186,0.24812990408783814,0.24901603295949257,0.1967480727674799,0.18984757629884522,0.18978871262085453,4.250752102844104,3.908809549354737,-0.3571229654531035,0.12005470758195147,421,349,2.5404524505138397,0.006034328861078004,0.2582709789276123,1.9111533667892218
515,0.7185042593092416,0.7185042593092416,0.7342464820902214,908.4206821102462,0.5796492303817479,0.32836417617962593,0.3258745390598475,0.3254245215138449,0.24111402314918934,0.23966746296746444,0.23878006796470067,0.7581938897063305,0.8952421972404712,0.138095337948435,0.383017363738287,0.3839688669699735,0.3825443723116562,0.26239748355691983,0.26086223810924314,0.26009149268724874,-0.24842300161009903,0.12349085744163706,0.37099222902066276,-0.021707982901470357,305,227,1.1012279894202948,0.003610583571869819,0.3777022063732147,0.23825696483254433
516,0.7437882552669219,0.7437882552669219,0.7492040048175174,821.1233527858922,0.5548531816306578,0.3258397325742787,0.3233289430206137,0.3229910559939148,0.29593905762706535,0.29237967855090796,0.292024221294173,0.7705596655842452,0.8742569722415532,0.10450256124375484,0.34429781548390137,0.3390681232256986,0.3393056494441749,0.3178482274329602,0.3127801193353607,0.3128018136320551,1.518944362412684,1.4499557694579353,-0.07005265379021568,-0.006750460174174355,347,301,1.303616276010871,0.0037568192392244118,0.12036159634590149,0.5172071168199182
517,0.6119803700026204,0.6119803700026204,0.6880725187168558,587.6896391799905,0.4714872233090863,0.22560259040030356,0.22477716265544503,0.2242436024909536,0.30181233991126616,0.3021354012467043,0.301097669754774,0.36587689148156827,0.6023813409848745,0.2373729422456128,0.2768834786912962,0.275173813714366,0.27478260300491053,0.3447892454149995,0.3443825357535374,0.3434655647952157,0.6174673133301493,0.7587580509734881,0.14216858216805156,-0.0678819462748359,394,361,1.0986803583800793,0.0027885288283758356,0.1082971915602684,1.245909129269421
518,0.5184598397123601,0.5184598397123601,0.6356380748570616,676.412207959734,0.5066067915984154,0.10639624598301028,0.10623963273624103,0.1053142398392911,0.1610513080854829,0.16095352069438784,0.15902996820203957,0.14719809455896238,1.0169589478673564,0.8710430120248835,0.11361928255207113,0.11482264702083167,0.1132709919688337,0.16080985903768452,0.16182484560320984,0.15966760421146034,-1.059119932577507,0.3065417906311914,1.3513493132730738,-0.12031639013463014,460,389,2.136194033548236,0.004643900072930948,0.2944439649581909,2.556341113522649
519,0.3706034898892795,0.3706034898892795,0.5646846137754766,649.2273666670987,0.4963523218421402,0.17875280434208157,0.17980648379616418,0.17834695798968078,0.20958968548291312,0.20969447610861808,0.20834007731077306,-0.5894617754170539,0.22704334843559545,0.811720342709095,0.169890853495663,0.16452525086631425,0.16613605781933144,0.17818534123958119,0.1749742112921663,0.1749495164210272,3.158264567483447,2.210122322110416,-0.9790636662368951,-0.1912698512162151,328,356,1.9160049837082624,0.005841478608866654,0.17252446711063385,1.1093923030421138
520,1.0495115181994188,1.0,0.9560454071532376,2998.863955375936,0.8198918376225727,1.7963758372695617,1.775706683584631,1.7758248756309634,0.6651495221084731,0.6618862685956142,0.6615659755249609,1.1506029671578824,1.1440234950963952,-0.006656056849088373,0.4785395306118547,0.4681869897423816,0.4683867016946439,0.28897335758496806,0.2875670374940158,0.2874140892818453,2.1633616884767064,2.121628051130808,-0.04265645065707758,0.20009094216154588,275,433,0.8366551175713539,0.0030423822457140144,0.12096380442380905,1.9510471383109689
521,0.8383939318568138,0.8383939318568138,0.7828258272581273,318.56473440271554,0.3259526448709262,0.04033952471143955,0.03898742290247085,0.03894141564070009,0.13026872581747337,0.128289047124788,0.12788189964632565,3.351804015145641,3.4658540990270503,0.11800539339532186,0.08630664201719697,0.08475522861165759,0.08458081791323122,0.17143385096008404,0.17080877545100023,0.17011033956159582,1.7975596886624967,1.9996422797006466,0.20578163882432496,0.026871362266435606,355,521,1.1287865601480007,0.0031796804511211286,0.10186164081096649,0.3427445515990257
522,0.8768884654887684,0.8768884654887684,0.8243898683645268,858.7499598519433,0.5658905112833782,0.48062561201397885,0.4765661479034137,0.47649936585892716,0.266805259208932,0.26342904325941485,0.26298838055003554,0.8446208460582647,0.8585156620683134,0.01401317420054096,0.18955159274715405,0.18392349435720315,0.18416422673107574,0.24027182570918362,0.23726822596008085,0.23697046668463081,2.9691643886413104,2.84216341208201,-0.13088723369134111,0.06843540337283505,413,568,1.5110020469874144,0.0036586005980324804,0.15506170690059662,5.479544839821756
523,0.6016223157798491,0.6016223157798491,0.690529690318612,484.7725795292658,0.4239218789292888,0.1481980891907492,0.14758019193811103,0.1471217342439359,0.19890880157738985,0.1978797764978347,0.19712511117150178,0.4169400941754766,0.7262947536576498,0.3106498833985712,0.1540880713010514,0.15122305078122344,0.15144998799498902,0.19947851797832009,0.19662346696130525,0.196347691579442,1.859339594322254,1.7120619940191195,-0.15006787165925153,-0.06542477467307972,316,277,1.460625738836825,0.004622233350749446,0.208932027220726,0.4267191179096699
524,1.1585729434863434,1.0,0.9559551356995468,2991.3675103357427,0.8195219416780003,3.1897271384615737,3.1650177050588644,3.1653161476516463,0.3825863944787004,0.3728263932969327,0.37275547017737237,0.7746566502433462,0.7653002827602696,-0.009429413058412526,0.8596546394952651,0.8534518127326388,0.8534824193798841,0.24362571452654358,0.24100462087573724,0.24093408478844483,0.7215486868387284,0.7179883445990504,-0.003586218552551091,0.2000006707078551,102,73,0.2512926831841469,0.0024636537567073223,0.10409712046384811,0.6224814914166927
525,1.1065712778403778,1.0,0.8558118651970892,456.2305128774348,0.4091752803508491,0.08246437357822739,0.07899336809476064,0.07914078364732655,0.14419238446650567,0.14101305322516372,0.14072669727825116,4.209097011055429,4.0303342967227165,-0.1866176314815031,0.14315530969525622,0.13846225878446447,0.1387496838366442,0.1649324716078683,0.16249709002584992,0.16196969527793742,3.2782932891432015,3.077514811005296,-0.2075836799883188,0.09985740020539746,413,378,2.0143909715116024,0.004877459979446979,0.14351442456245422,1.6809607595205307
526,0.8030330560898837,0.8030330560898837,0.7763388391760352,503.0530590463731,0.4329860709261179,0.2761575143261856,0.2742454921274827,0.27412534632710944,0.2178313567251666,0.21745593142693856,0.21660279802927906,0.6923665297930298,0.7358727876858976,0.04380958076694072,0.5228102238536227,0.5191317491674438,0.5187553209203564,0.3155290955851032,0.31491540229502324,0.31371777566559067,0.7035965477233848,0.7755974822714404,0.07251112028711135,0.020384374184343468,329,359,1.333474412560463,0.004053113715989249,0.11124015599489212,1.9121409561485052
527,0.9800679106522404,0.9800679106522404,0.8452181120948318,436.0717188603187,0.3982967056708516,0.15389357731251654,0.15126784935034765,0.15131649277643272,0.19903108176594622,0.19887100763799345,0.19833945553907817,1.706197235792853,1.6745887522326266,-0.03215714792930597,0.1495432950004103,0.1476746988579381,0.14758961247468128,0.19254301221437095,0.19336370763182584,0.1926180705326148,1.2495352215337197,1.306432712829865,0.05761744152170548,0.08926364710314005,349,308,1.1351904459297657,0.0032526946874778385,0.13023218512535095,0.4959085173904896
528,0.7080776472265851,0.7080776472265851,0.7364889682549249,451.343986104357,0.4065745729440179,0.15436590309388662,0.15318796567267368,0.1529490370439367,0.1747612264406916,0.17457886235363282,0.17348703111332003,0.7630813525552416,0.9178620547363833,0.1559708869347559,0.17932126341416282,0.17701446124036802,0.17703996723644785,0.20494193594403617,0.20294476027031627,0.20240323636037377,1.2864074956169513,1.2721838639102476,-0.014408990034550973,-0.019465496736766785,318,449,1.5187832117080688,0.004776047835559965,0.16122600436210632,2.8775001745671034
529,0.935737256015189,0.935737256015189,0.84997825969353,722.2568706452964,0.5229855102736144,0.3818331461693238,0.37788579734641214,0.3779004045730296,0.32078322004634435,0.3207142682231821,0.3198433436153693,1.0337889370037021,1.029963384726748,-0.0038655135281668806,0.39073039909481655,0.38734782174752674,0.3872519273817316,0.3271907456876655,0.3259649251166455,0.32526941133205906,0.8657062145986172,0.8902485501878905,0.024756655494415334,0.0940237947018383,291,345,1.3712631091475487,0.004712244361331782,0.14876697957515717,0.5684286132454872
530,0.5282735284394817,0.5282735284394817,0.6446348890619455,630.2260478212152,0.4889279603969799,0.37922139812621736,0.37899790432120056,0.3781719187428993,0.28010207157661804,0.2796645275551873,0.27868289127316653,0.058934914042590075,0.2767458240762992,0.21793935240371326,0.1443985334465417,0.14538764254418715,0.1444408152130801,0.22637898290720943,0.22733952711825078,0.22609741946953424,-0.684985556319133,-0.029281299144270384,0.6512433343977471,-0.11131957592974617,357,248,1.1739785354584455,0.003288455281396206,0.21539805829524994,0.28043963480740786
531,0.6819658500025797,0.6819658500025797,0.7169535945912193,734.3311456367285,0.5271198873801275,0.19279768606388556,0.19112169781510027,0.19066153622154552,0.2621055983820746,0.2610672627656156,0.26024983661691764,0.8692989438835541,1.107974834112998,0.24076889166186072,0.3174756170057613,0.31474690434667363,0.31417438401364495,0.3355021230419656,0.3323919382545286,0.3319610012806612,0.8595030650930829,1.0398382789996965,0.18189863827797537,-0.0390008704004724,386,423,1.4255092730745673,0.003693029204856392,0.15640412271022797,0.48701184429228306
532,0.972092335934448,0.972092335934448,0.8703373628226158,740.5238454807169,0.5292126610297655,0.3128853741106957,0.3085005202070715,0.3085449882183455,0.3455539359896368,0.34265362119106596,0.34237963156326395,1.4014250158183743,1.38721277870108,-0.01441424190925129,0.3038991276798688,0.3008087483097704,0.30060016303318454,0.3547060623522001,0.3533767619660523,0.35284622422656,1.0169095889455375,1.085545941467607,0.06934149281158847,0.11438289783092404,403,336,1.665237158536911,0.004132102130364543,0.2074010819196701,0.3734706062823534
533,1.0347359644417369,1.0,0.8730817394370066,607.9495237562709,0.4799402473859126,0.17660189751941213,0.17252437801663137,0.17261941016723042,0.1970158509052757,0.19381681292138134,0.19352467825950997,2.3088763824480205,2.2550648708312724,-0.05508331732104247,0.15491978475037588,0.15137957382422781,0.15146244381461485,0.1923262247104357,0.19065334286838703,0.19019908291721901,2.285189675322908,2.2316974822369415,-0.05474317855013838,0.1171272744453149,368,408,2.094223827123642,0.005690825617183809,0.19280266761779785,2.576090520247817
534,0.3989922608434237,0.3989922608434237,0.5978157225934271,523.9673748948836,0.443012567046398,0.13191276903570195,0.13257658551084167,0.13151955673318927,0.17916089096328766,0.17896250118238832,0.1775992037785939,-0.5032238197956834,0.2980850947085064,0.7972967274571738,0.16072150626512607,0.15747287144995273,0.15799884744775777,0.19577343976937753,0.1931137604199159,0.1928480677724117,2.0212819619885845,1.69402271086049,-0.3340105460464713,-0.15813874239826464,423,390,1.311950046569109,0.003101536753118461,0.14072540402412415,1.2169404178857803
535,0.7755846247359774,0.7755846247359774,0.765457651543095,618.1917301250095,0.4841115240628468,0.10567908911088147,0.10354227223398271,0.10334742140345841,0.1582338903975976,0.1553343685110955,0.15481582870436275,2.0219864638090828,2.2063662045540617,0.18818481217408345,0.11948790469449061,0.11764683997476601,0.1174730999400366,0.16806008299951225,0.1662979292529411,0.16556832259376236,1.5407958859366384,1.686199753527779,0.1476793042351761,0.009503186551403253,352,393,2.1811505164951086,0.006196450330952013,0.23079083859920502,1.0465177595615387
536,0.334653772902167,0.334653772902167,0.5639736314565205,551.5054446925702,0.4556860150953091,0.23549078046185856,0.2366345360371123,0.2352853163565575,0.21353292578691682,0.21471846063377104,0.2128795947320866,-0.4856901713988667,0.08724932029105067,0.5701702309181059,1.2355990148481653,1.2047868963837325,1.2148223312702673,0.41237628657661585,0.41051225360964133,0.4082018524219186,2.493698853282031,1.6815069717784683,-0.8329634823101901,-0.19198083353517126,290,332,1.329088132828474,0.004583062526994738,0.14027298986911774,1.650292543694377
537,1.6570774881010126,1.0,0.9016881550142576,976.5347711748196,0.597157780483894,0.4978200193457928,0.48364775364146995,0.48449816871160883,0.4302228321077579,0.42810149535532166,0.4277632016860026,2.8468653637005676,2.6760375470015814,-0.17583356145789195,0.3775205873136651,0.3737745240158629,0.3736527646982751,0.3534313824600442,0.3568812793861572,0.355990493062616,0.9922805334824709,1.0245328984340754,0.032575606352100266,0.14573369002256586,321,449,1.161869527772069,0.003619531239165324,0.1883782297372818,0.7581543624401093
538,1.1586822289597687,1.0,0.8685277621440756,564.072500408594,0.4612798883968576,0.13336601771424358,0.1287058665519914,0.1289146117405018,0.15395057477214963,0.15150428016709894,0.15100437581418324,3.4942568145337054,3.3377362914738664,-0.1621877806370918,0.23050070778839915,0.2231076064715139,0.2235148774845694,0.19978916574081926,0.19541937563692618,0.19501627739025765,3.207409377533087,3.030719675812348,-0.182544656139958,0.11257329715238384,436,431,1.8131936565041542,0.004158701047027876,0.17832432687282562,1.936840821057558
539,0.7907306153721012,0.7907306153721012,0.7811620123775351,1735.4641749150746,0.7248515752923487,0.6141430343174931,0.6078146105826785,0.6073389717937175,0.3741930245295964,0.3685994603719777,0.3683634958414297,1.0304478568005657,1.1078954158190504,0.07825392491058808,0.8070257840838413,0.8062392174773023,0.8036085881069583,0.4353315657720259,0.4306820338483691,0.4299067841261373,0.09746486692886859,0.42343083012672833,0.3262839754403329,0.02520754738584341,374,390,1.1112303845584393,0.0029712042367872706,0.09266497194766998,0.3134563975036144
540,1.6149634421769763,1.0,0.8927343720401667,840.0310154858462,0.5604687954803943,0.2460092277579954,0.2342617378854096,0.23501736750179608,0.20513844343961488,0.2009237452229616,0.20068858836749517,4.775223262820884,4.468068273850387,-0.3225578462822203,0.48847914366457473,0.4802648756090923,0.48024123247101574,0.342765243162385,0.338424084871416,0.33810156535544245,1.681600568216467,1.6864407212471977,0.004922937170156902,0.13677990704847498,387,427,1.7233450841158628,0.004453088072650808,0.1537383794784546,0.2817155122756958
541,1.36438516054284,1.0,0.8883598668669738,781.302033594365,0.5425438407253566,0.28576045223532454,0.27728982856809453,0.27774954484525494,0.28320857382468084,0.27940539922801766,0.2793548237356414,2.9642393133723144,2.8033646109548407,-0.1657890877333466,0.3658941695755474,0.3596047457361993,0.35973115700129954,0.3349950364086917,0.33164164922744527,0.3314892941139428,1.7189188465736003,1.6843702596838843,-0.03515283560605341,0.13240540187528205,373,415,1.404301330447197,0.00376488292345093,0.11417946964502335,2.2600513054057956
542,0.5181378646978516,0.5181378646978516,0.5859999058604524,1649.8311442705804,0.7146454827848345,0.4681314178961984,0.467756086593907,0.4654013414532078,0.36463648972163154,0.36708920115480287,0.3641188118405266,0.08017648206098771,0.5831859043470504,0.5034130411526951,0.6474322305072163,0.6418217803370833,0.6406204246405587,0.41615601417684883,0.4145948667565619,0.41283465194278735,0.8665694887845916,1.0521264691010335,0.18717901656338715,-0.16995455913123936,325,392,1.2573565058410168,0.00386878924874159,0.19325682520866394,3.9384969915263355
543,0.5093976347153351,0.5093976347153351,0.6539856803351988,464.5884965416204,0.4135711208738358,0.13453127208931612,0.13447651048757714,0.1338361484288347,0.20035583203920565,0.1997173564709834,0.19895770699486687,0.04070548125243469,0.516700429339518,0.47618878302288287,0.19250053841338166,0.18974783183073077,0.1898126224650572,0.23006068984661393,0.22803707066797502,0.22751201972793714,1.4299734459649383,1.3963160677256627,-0.03414565199576658,-0.10196878465649295,431,256,1.4367999006062746,0.0033336424608034214,0.14977258443832397,0.22922419011592865
544,0.0829624001150722,0.0829624001150722,0.3789870568305494,838.8986858451872,0.5601364827834222,0.2454123053416018,0.24980037847138678,0.24583712005416256,0.21762852580910705,0.22726880445290484,0.21974495820033219,-1.7880412001659818,-0.17310244976079536,1.5865702211809072,0.3383646543113694,0.3346086011183555,0.3354728059286455,0.2524740460266301,0.25481982300777384,0.2515480425501231,1.1100607422066993,0.8546543930864616,-0.2582733400760074,-0.3769674081611423,447,328,2.060420436784625,0.004609441693030481,0.15586456656455994,0.43866420444101095
545,-0.4335521882288168,0.0,0.0620295151826832,7369.664418941428,0.9179454344735368,0.5836493293274574,0.6699423047540932,0.5863130184408899,0.3559291140422945,0.39447613773920076,0.35677836474106234,-14.785072318351114,-0.45638519220126494,12.483057976746224,0.958637840643522,0.9303201220363134,0.9559865175564956,0.32991124351861734,0.3294092071646196,0.32932528101683384,2.9539537671702183,0.27657192055412955,-2.758877821969789,-0.6939249498090085,281,279,1.2787824887782335,0.004550827362200119,0.1940818578004837,0.48205406591296196
546,-0.0377155380696861,0.0,0.355271116265677,742.9763517987802,0.5300363544124558,0.20129214126572195,0.20630305247358535,0.20200511102296118,0.2062441251138892,0.20737215678882917,0.2052005506970005,-2.4893724992713904,-0.3541965189282008,2.083314521569901,0.37600463334348666,0.3771224750809115,0.374610588354252,0.2557600472556862,0.2528050832992684,0.25273041744456815,-0.2972946709419094,0.37075207739825733,0.6660665679287888,-0.40068334872601474,327,180,1.130633994936943,0.0034575963147918747,0.1452673226594925,1.0304774846881628
547,0.7146140389406669,0.7146140389406669,0.7298567634513907,1127.906907228753,0.6312876772989615,0.26842820782114774,0.2653920767641861,0.2648176205820585,0.24875176141204633,0.24999793411864416,0.24778720123147716,1.1310774980044618,1.3450848807570035,0.21645566406190203,0.2503127855890039,0.24624386808639107,0.2463010450787649,0.2444772266240459,0.24470981118157348,0.2432035715155986,1.625533227573,1.602691009490012,-0.023219661394281773,-0.026097701540301,491,398,2.96610551699996,0.006040948099796253,0.2935602366924286,0.5679358001798391
548,1.0544464722756437,1.0,0.8831796191537152,717.4439285169758,0.5213172785877532,0.415945731103098,0.41095646440605543,0.41107510216002785,0.2321997305790092,0.23012905005585066,0.22970885495021034,1.199499435614095,1.1709770238903863,-0.028868691515506653,0.07408428589433505,0.07408561578880427,0.07387539143116857,0.15414984575445656,0.15380278982527973,0.15339824223950413,-0.0017951100603332778,0.28196865319646947,0.2837586694763799,0.1272251541620235,195,191,0.9957057889550924,0.0051061835331030385,0.13750684261322021,0.5784758282825351
549,0.7524075173148623,0.7524075173148623,0.7547356001724369,344.8980234981269,0.34363766548266,0.04513618417833136,0.04404428605172634,0.04391170350715513,0.10649039256141422,0.10564770089919291,0.10479444082195745,2.4191192642492125,2.7128581945216186,0.3010209869573241,0.08215003978181008,0.08096894427240775,0.0807738021259019,0.13305883298919916,0.13140984528607852,0.13064450210710446,1.4377296864850146,1.6752732677469844,0.24100863393910424,-0.0012188648192548168,509,494,2.2452120259404182,0.004411025591238542,0.20393739640712738,0.644530275836587
550,0.9553231643350608,0.9553231643350608,0.8456610659440963,538.8916396238365,0.4499532837795393,0.06500113866697983,0.06192355178925514,0.06195744798477018,0.14945678330499565,0.14734358482557738,0.14683943952299797,4.734666100992607,4.682519021402662,-0.05473877795382176,0.06782113291013905,0.06582550727832703,0.06577301900260539,0.14672642006152753,0.14618401473306566,0.14560251160906054,2.942483479973954,3.0198756930931134,0.07973850546978614,0.08970660095240457,539,493,1.3755111480131745,0.00255196873471832,0.08015839010477066,1.5744605958461761
551,2.350908882855518,1.0,0.8965883511881588,895.8888096466984,0.5762608448938816,0.49850728234516317,0.4777089611051229,0.4793388240764907,0.32808431915189107,0.3252181079516235,0.3250505768788442,4.172119841900254,3.8451711634977395,-0.3411832525806732,0.30239963920514806,0.29863071579349576,0.2983631390383835,0.2453417740165149,0.24813344777714824,0.24702571965680162,1.2463385940402738,1.334823076302079,0.0896012168076081,0.1406338861964671,356,332,2.5117478109896183,0.007055471379184321,0.19533483684062958,1.6295331316068769
552,1.410750252324578,1.0,0.9046577673784698,1027.469390152751,0.6093260521308682,0.23412304959744634,0.22238604369817133,0.22294930276796063,0.2157443677276992,0.2106685732186939,0.2102923678456276,5.013178292122772,4.772595798960407,-0.2532798643397636,0.3623348231629875,0.35360209832836437,0.3538430825062697,0.24578702267129784,0.24007482253616838,0.23976060453649892,2.4101257390584605,2.3436170397836587,-0.06815122960089802,0.1487033023867781,281,453,2.158946417272091,0.007683083335487868,0.12606686353683472,1.4298344068229198
553,1.3199782547121528,1.0,0.9025044042719728,990.22581052067,0.6005024401503262,0.33785610526584087,0.32767193368394154,0.3281184241539737,0.24320943162132816,0.24079554616861315,0.24028893551483702,3.0143517974570706,2.8821977641058525,-0.13626143228452753,0.46138732166623486,0.4532896336510336,0.45359373804897163,0.27490295016675453,0.2719705890342226,0.27161163028612734,1.755073803492828,1.6891629334585554,-0.06708831955600353,0.14654993928028104,471,375,2.3697900976985693,0.005031401481313311,0.34635528922080994,0.5082274843007326
554,1.7634773671335913,1.0,0.9295930994152096,1624.668393898996,0.7115009681189476,0.32988677719363446,0.30414009165293776,0.30528598010359964,0.23680952498948882,0.23104619973577684,0.23069266813741712,7.8047037106868045,7.457345607882559,-0.37676336731346943,0.25672577342873754,0.24348110313437746,0.24391744914149843,0.21725466088569403,0.21635883037978149,0.2158590496229416,5.159073090897342,4.989107293816164,-0.17921144659844704,0.1736386344235179,509,539,2.70594016648829,0.0053161889321970334,0.17566148936748505,1.4544835574924946
555,1.1099572720896926,1.0,0.9569470334631508,3075.4630605002603,0.8235863379537612,0.6726585080216122,0.6491297469991941,0.6493481078744786,0.4286011409135551,0.42770667411633206,0.42720800020985744,3.4978760755765403,3.465413708315816,-0.03363901843875222,0.4719713303264337,0.4676713714855635,0.46748450970828936,0.3326494565942451,0.33027137201226886,0.33008167652139936,0.9110635677586987,0.9506553321874566,0.039955787047761336,0.20099256847145908,470,368,1.2880240753293037,0.0027404767560197953,0.1625116765499115,0.9833679422736168
556,0.8274903434006338,0.8274903434006338,0.7879645012733696,533.505168741218,0.4474682773683061,0.0980077598564735,0.09581633663104361,0.0957219946203806,0.18987624972959516,0.1880523790026911,0.18739917980304394,2.2359690994254975,2.332228835186388,0.09846130000386955,0.08029159992848747,0.0789494427701448,0.07877749983669148,0.17407111759146615,0.17278127202568128,0.1721230032304788,1.6716034548297392,1.8857515520235497,0.21778865995789412,0.03201003628167787,402,418,1.3938949489966035,0.003467400370638317,0.10789482295513153,0.670924611389637
557,1.113906635967408,1.0,0.8677923222447577,557.2701199509794,0.4582663528314852,0.12070781271454335,0.11641682554988025,0.11658317039306804,0.17962070256870957,0.17671748053677308,0.17643231388823016,3.5548545435171355,3.4170466921055915,-0.14288728661177053,0.1867070552181567,0.1828988142530751,0.18299158836831247,0.2242844312738053,0.22133747541043988,0.2211118352824517,2.0396877668237408,1.9899980991628352,-0.0507242846905473,0.11183785725306594,404,435,1.8609909359365702,0.004606413207763787,0.1990123838186264,2.2499133944511414
558,0.738149856840638,0.738149856840638,0.749478244960116,376.6058591293461,0.3637384196625801,0.05747021562311212,0.05634528295909196,0.05618364691305386,0.128602605013059,0.1261978865662221,0.1256598134537373,1.9574185546778415,2.23867040711234,0.2868670411247296,0.10819710883820556,0.10730750714276924,0.10674452865346146,0.1467752641316308,0.14512233801926924,0.14410118370589545,0.8222046827208709,1.3425314228277994,0.5246403576953432,-0.0064762200315757745,443,306,1.2939660884439945,0.002920916678203148,0.1036323606967926,0.06852085888385773
559,1.2452829494305315,1.0,0.8954308728512917,878.6802552504063,0.5715179663289137,0.21544024716048166,0.20722650277658397,0.20756943555324633,0.21635055840140577,0.2123252437276642,0.212091929290113,3.812539435948224,3.6533617608470097,-0.16548692955171274,0.25777335133441054,0.25462564133965865,0.2543790899001164,0.2495355783312653,0.2456959746731935,0.2453207126460263,1.221115362956333,1.3167619603512757,0.09682899108082645,0.13947640785960003,285,337,1.5599804390221834,0.005473615575516433,0.22189949452877045,0.555274210870266
560,1.236415178051842,1.0,0.873657666792728,613.7238213952778,0.482300164995968,0.15693664322163728,0.15126792536583428,0.15155928743833483,0.20570775985014164,0.20316909458660407,0.2028100190469338,3.6121059680097964,3.426450109365574,-0.1926132534679148,0.1969473330607759,0.19168423294185666,0.19190910698953637,0.21731442034040993,0.21413785426067614,0.21389096233135155,2.6723388619307125,2.5581590737686084,-0.11731483817342352,0.11770320180103633,450,428,2.3033237121999264,0.005118497138222058,0.21498112380504608,1.3450304009020329
561,0.9948082098465492,0.9948082098465492,0.8650700929427559,554.0551077400144,0.4568303001377252,0.12515176266784828,0.12171318379948118,0.12177157551597406,0.20481975748232056,0.2023940668140417,0.20203646011691623,2.747527318087447,2.7008705908882824,-0.04797484928919646,0.13161898383221743,0.12844818524297086,0.12854557183544874,0.2031748443175721,0.20064429766194733,0.2004174037829772,2.409073901747013,2.3350826053227665,-0.07581780333732392,0.10911562795106422,486,487,1.7523708138614893,0.003605701263089484,0.17371146380901337,2.6001899000257254
562,0.4284889739504506,0.4284889739504506,0.5983539754567185,611.2054969434242,0.4812735810233052,0.10933232660150556,0.10988053967863716,0.10873916456859328,0.16255248007114403,0.16237266804660802,0.16067462302854965,-0.5014190168381996,0.5425312451954262,1.0387418130471575,0.11354500442484175,0.11321603363758083,0.11235617323604657,0.17448154443683853,0.17298057994723232,0.17176931923327166,0.28972722219468044,1.0470132039865232,0.7594864207014871,-0.1576004895349732,462,503,1.216560854576528,0.002633248602979498,0.10496095567941666,1.9053371641784906
563,0.4302529920226243,0.4302529920226243,0.6290707250828347,420.4210475763787,0.3895706665130971,0.0276083775729854,0.027976166933801755,0.027224517816397172,0.10553489737872532,0.10489352394827364,0.10351174092881094,-1.3321657886055411,1.3903741919403132,2.6867480423003003,0.03211002119721311,0.03180727334394701,0.03132832067311092,0.11158707059896367,0.11063332506644503,0.10943707093471904,0.9428453858896197,2.434444123537464,1.505796066380621,-0.12688373990885704,523,542,1.1367614157497883,0.0021735399918734,0.0689035952091217,0.9669091124087572
564,1.4925809533834802,1.0,0.8918932939729682,828.3702366967027,0.5570223973843594,0.5967293620635865,0.5864164918135499,0.5870304844114884,0.319997955095815,0.31870614659367097,0.31818135974019635,1.7282324124914863,1.6253394367184828,-0.104702477933329,0.591453029153578,0.5889732197023319,0.5885039936417017,0.3210472502576305,0.32133320346994676,0.3204872892986015,0.41927411459790465,0.49860857354922006,0.0796684883002498,0.13593882898127652,318,337,2.2956238724291325,0.007218942995060165,0.16466012597084045,0.7754186699166894
565,1.0658241721077115,1.0,0.8293913231961025,283.5610464457198,0.300914574003211,0.1027825154628073,0.1007701020779595,0.10086180500907813,0.15714263249834173,0.1552531584008644,0.15494363876568837,1.9579335802264983,1.8687132194426554,-0.09100212188698678,0.16029776493547387,0.15593391559092515,0.1563174450941767,0.18761442603609463,0.18486060424814502,0.18461061534875858,2.7223394825906313,2.483078814542059,-0.24595643724979693,0.07343685820441082,456,246,1.1921855797991157,0.0026144420609629728,0.3773473799228668,0.2639263514429331
566,0.3159846479050955,0.3159846479050955,0.5132902171995457,810.2145686089311,0.5515474888687287,0.13036774711932983,0.1322377541321107,0.1300582216893351,0.21914686096765387,0.21966629190189008,0.2177751898318347,-1.4344092416272167,0.23742485149445786,1.6481922708685506,0.18100245026630807,0.1810872481004988,0.17976159154304916,0.20962946077055392,0.20933675007133348,0.20748930544316072,-0.04684899793675675,0.6855480251417806,0.7320540630856264,-0.24266424779214602,354,378,0.89873225428164,0.002538791678761695,0.14121659100055695,1.2909241113811731
567,1.2697109243082652,1.0,0.9534199913169692,2792.706646312096,0.8091339442803364,0.5393843433406761,0.5124229644768552,0.5129010251412921,0.3960797967952356,0.38639623090504166,0.38620363014339737,4.998546805573856,4.9099160044875605,-0.0932941529903837,5.484354115353317,5.597261075529569,5.588261371098523,0.9056030606478973,0.9259718787393542,0.9238536196892846,-2.0587102473958,-1.8946124476958923,0.16078764791572026,0.19746552632527747,431,753,1.5469204168766737,0.0035891424985537673,0.2593909204006195,21.688177681528032
568,1.2543931196320666,1.0,0.8750686081658171,628.0950189719122,0.4880816326759276,0.24601419707658828,0.24007110856580685,0.24038296294881767,0.22133485509593367,0.218647489110362,0.21835221314570108,2.4157502214928064,2.288987462791636,-0.12990083849483045,0.22620690763467932,0.2192096106326804,0.2195174116854269,0.21265711754578395,0.20718292601826407,0.20712245527162226,3.0933171206687646,2.9572465399933097,-0.14041403196608304,0.11911414317412539,496,418,1.4407595060765743,0.002904757068702771,0.13115423917770386,2.6419034842401743
569,1.3959847584148797,1.0,0.9032531112267762,1002.9870930921044,0.6035703387487499,0.5577521548334753,0.546480567081401,0.5470213894972559,0.3267591968940629,0.32340807448561076,0.32292088610993236,2.0208954200167195,1.9239307716208174,-0.09896461986621542,0.6373105893775136,0.6277879835414247,0.6280178374403842,0.36785150178519677,0.3642839853020906,0.36381588923140584,1.4941860365744097,1.4581198072051518,-0.036613300188199215,0.14729864623508448,456,467,2.3026914820075035,0.00504976202194628,0.2703853249549866,1.0935462042689323
570,0.5326510480634399,0.5326510480634399,0.6722896156439356,394.7037429838752,0.3746689168425839,0.024054176498376323,0.023892533275380812,0.02340015334319065,0.09850795217422188,0.10007756249629869,0.0980919284241109,0.6719964951052118,2.7189588270869325,2.060810909061359,0.027976278714351006,0.026974555597752598,0.026791918099618634,0.10415712433310702,0.10422473263128093,0.10281282246086298,3.580616016970667,4.23344586613955,0.6770732421229604,-0.08366484934775609,382,535,1.3621854577213526,0.003565930517595164,0.14434269070625305,1.4585053399205208
571,1.350639955902264,1.0,0.9717131059243964,5024.773965926982,0.8840917369185193,2.067607162027475,2.0139964668539476,2.0146467851835395,0.7375456904293397,0.7300981840978518,0.7300218517509333,2.592885929112252,2.5614332266098025,-0.03228994391473265,1.933505451620377,1.8779447432095586,1.8789577942004474,0.6189480123308302,0.6093355547948905,0.6093852754025862,2.8735739205832367,2.8211793959109746,-0.05394466448237394,0.2157586409327047,266,250,0.6643380876630545,0.002497511607755844,0.15580591559410095,0.5389228751882911
572,1.144111354487601,1.0,0.8535474750601468,438.9908277278316,0.3998967244581328,0.12041481056336918,0.11686826510060319,0.11704352249104237,0.17284606753880702,0.17064951837649106,0.17015884405944942,2.9452734644295226,2.7997287514334843,-0.1499614889365501,0.11500838168980464,0.11275622086210353,0.1127268090282963,0.1809223191644255,0.17908528377582397,0.17861819962434056,1.9582579935569657,1.9838316372993556,0.026084444461124748,0.09759301006845511,486,459,1.9495829939842224,0.004011487641942845,0.20544415712356567,1.0728207044303417
573,1.5616487963697894,1.0,0.9004627050946216,956.4017778149672,0.5921363818355053,0.38551333779002683,0.3727780026974221,0.3735080536363252,0.3048956181620665,0.2987063934330803,0.29878545896628345,3.3034745738268403,3.1141034503559495,-0.19584067021671195,0.5856843213807646,0.5759086996732719,0.5762605018770363,0.40234538981410944,0.39644436695492696,0.3964982108700563,1.6690939727473904,1.6090271089230312,-0.06108645414872063,0.14450824010292984,286,328,1.3230857495218515,0.004626173949377103,0.2152339071035385,0.41920305229723454
574,0.996066516076797,0.996066516076797,0.8665666543272786,562.6875164635314,0.4606690452882831,0.129532485613233,0.12603145164860363,0.12609057569603502,0.19521874063040479,0.19209846366752134,0.19182457402799213,2.7028231165755523,2.657178931526929,-0.046912137135604395,0.22292665291438815,0.2175339940878075,0.21779338482384453,0.22230583716089292,0.21882377680766982,0.21857949744101776,2.419028301946306,2.302671315176918,-0.11924147171790178,0.11061218933558692,324,457,1.246874324977398,0.0038483775462265367,0.10757730156183243,3.3452433459460735
575,0.5355759586139517,0.5355759586139517,0.683487248679489,322.75564789982235,0.3288306899947416,0.1017360361709668,0.10159201723693982,0.10119972156651608,0.1431081358660575,0.14376092155065207,0.1426750499979667,0.1415613773127091,0.5271628664099397,0.3861481257024422,0.058409900107451465,0.05860871701758271,0.058217003094550225,0.13603170480851512,0.1360503338203989,0.1352894676773126,-0.34038221220289705,0.330247120002576,0.6683543728059613,-0.07246721631220276,242,223,1.4262866023927927,0.0058937462908793085,0.24857614934444427,0.4944242313504219
576,0.8999866054834833,0.8999866054834833,0.8160881094478497,472.168430345444,0.4175015677114445,0.08663046551313613,0.08426164843920554,0.08425287250287837,0.14065735924974163,0.13859002262597112,0.13792302733189882,2.734392641086985,2.744522952952665,0.010415101638443393,0.20717118859510567,0.20657724767048116,0.20609824232780452,0.21651945142965576,0.21599824200753467,0.21520016888644328,0.28669089010504173,0.5179032251430027,0.23187710557588626,0.060133644456157986,375,325,1.5398784503340721,0.0041063425342241925,0.27225014567375183,0.0341402031481266
577,0.6946069346684471,0.6946069346684471,0.718532913931415,1030.352096093582,0.6099927880242252,0.46562241341460553,0.46310744172272844,0.46250849353211637,0.42808462913868073,0.42637923510298525,0.4256359767503658,0.5401311490642686,0.6687650320897292,0.1293324478622116,0.24969168439169503,0.24621150018853735,0.24615550942690462,0.273130708053317,0.2719855448213059,0.271096751890326,1.3937925933081,1.4162165525877775,0.02274092054589641,-0.03742155106027667,280,448,1.0102972500026226,0.0036082044642950805,0.11659329384565353,2.1052315086126328
578,1.899735324480487,1.0,0.9003938501081643,955.2852543034855,0.5918542419206944,0.40942934046341284,0.3926579864171065,0.39379122379379006,0.3235379230894762,0.32003424061682734,0.31984230851409373,4.0962755691430655,3.8194909656261493,-0.2886067305096871,0.4049793752999199,0.38890841643094504,0.3900685217994407,0.32963855306981266,0.32440259482404626,0.32449223064007904,3.968340080793749,3.681879722747986,-0.29829783041006386,0.14443938511647259,340,396,2.393431954085827,0.007039505747311255,0.15739776194095612,3.719359766691923
579,0.8901161160933827,0.8901161160933827,0.8496230429372491,1523.8660214631143,0.6981769915350776,0.9772353251248164,0.9697789146574792,0.969679193072139,0.43091551944803547,0.42787160069908425,0.4272834574795984,0.7630107381131331,0.773215197855466,0.010282919522480949,0.4450785825905197,0.4407535408066448,0.4406081327634778,0.2970599440975215,0.2939249826258542,0.29355279179216104,0.9717479009440452,1.0044180964678684,0.03299078276282593,0.09366857794555739,249,226,0.8119941344484687,0.0032610206202749745,0.2947753965854645,0.5315626142546535
580,1.7532273700013157,1.0,0.8866469915512597,759.5411354089857,0.5355251697398139,0.2936064292353059,0.28166736467158404,0.28254195960495565,0.2596841577029177,0.25576851370504894,0.25559764880532804,4.066349839414956,3.768469804686329,-0.3105063074635433,0.2875434498375128,0.27576920125032633,0.27666928934000196,0.2573827660685385,0.25288734767151644,0.25283624241567515,4.094771970580423,3.781745160133428,-0.3263918108311801,0.13069252655956798,591,407,2.582303060218692,0.0043693791205054,0.15848754346370697,0.3380701784044504
581,1.1805982378264903,1.0,0.8471114432397215,392.7792494940644,0.3735244664276544,0.1630435861978197,0.15969062531757097,0.15988423078206476,0.20642132162398372,0.20407952973573545,0.20390145595295875,2.0564813118012495,1.9377367055222328,-0.12123783979727923,0.21890956679946355,0.21394856366714415,0.2142299620506355,0.22694153567799866,0.2235156569336436,0.22331177445979897,2.2662340457984747,2.1376885520562485,-0.131526184924116,0.09115697824802982,427,421,2.2039290443062782,0.005161426333269973,0.1526830941438675,2.1211131140589714
582,0.749292563369683,0.749292563369683,0.752685705561903,634.62108350838,0.4906646202924782,0.1766856297447676,0.17470130407905105,0.1744511955489793,0.21335520529081484,0.21200286650979527,0.21127672800436553,1.12308265736326,1.2646383291137195,0.14316351637453326,0.31116516150507617,0.3063382639189159,0.30629232220231656,0.2642395693305781,0.2615549954287993,0.2606510158473719,1.5512332945028424,1.565997709766143,0.014997054566937628,-0.00326875942978877,275,300,1.9037142302840948,0.006922597201033072,0.16282661259174347,1.9966083811596036
583,0.7395687841909587,0.7395687841909587,0.7478767972821433,640.5048285327326,0.4929711378966391,0.24849916564954438,0.24657455995217303,0.24630239924506958,0.26028814326157984,0.25865795097474487,0.2579918089699101,0.7744918146266941,0.8840135936604628,0.11037663705300435,0.2515524748633144,0.24762470012014332,0.2476917105714272,0.21874594436100608,0.21687006817436957,0.216084657542998,1.5614136753396297,1.5347749188255906,-0.027061295279253352,-0.00807766770954843,490,383,2.0010886155068874,0.004083854317360995,0.13171859085559845,0.5737606845796108
584,1.218059576990251,1.0,0.8625582742231536,510.9609614573738,0.4368193387673846,0.1464249752075227,0.1418230735940041,0.14207568035881438,0.1840764014017628,0.18172834485806721,0.18133725328426065,3.1428392642693033,2.9703230904046487,-0.17811401093550022,0.21938810807378606,0.2159404065863954,0.21597883569247955,0.20138048767743447,0.19927269947837647,0.19887259786322034,1.5715079170248825,1.553991422433834,-0.017796162696754436,0.10660380923146184,401,261,2.0811516605317593,0.005189904390353515,0.3197314143180847,0.14073403738439083
585,0.9285042182439492,0.9285042182439492,0.8480466990728949,754.0323313869865,0.5337140873598918,0.12740336068292685,0.12335075639470132,0.1233571958844464,0.2046346343613389,0.20091083750536,0.2005452098471902,3.180924165973443,3.175869754762815,-0.005220470415657229,0.13862418286332817,0.13661365779765183,0.1362635359414553,0.18566834129384077,0.18304751854705242,0.18239085530918964,1.4503422304451365,1.702911334164745,0.25628612968926534,0.09209223408120315,429,390,1.3330525727942586,0.003107348654532071,0.15770255029201508,0.39296560175716877
586,0.865281893314426,0.865281893314426,0.8265223986975574,1199.3968171770914,0.6454732795648436,0.4748959688113345,0.4694008110221796,0.46927559803032054,0.3851280387456452,0.3812452949825397,0.38099067607354187,1.157128750304887,1.1834951547560533,0.02667506934775281,0.06830403964182297,0.06954983306999749,0.06906221371144831,0.11033588801109422,0.1120885186146725,0.11126208821466567,-1.8238942157847309,-1.1099988721034781,0.7011078776543047,0.07056793370586567,522,591,2.6535106245428324,0.005083353686863664,0.25644153356552124,4.5184635408222675
587,0.9370209718390812,0.9370209718390812,0.8469227625244513,665.1314815649417,0.5024026757716794,0.29918222559471136,0.2955363746204704,0.29555369086965594,0.20320242316230408,0.20389196781426372,0.20293016332593714,1.2186054726325357,1.2128176123573708,-0.005859261557156258,0.31755711805586884,0.3115708436564435,0.3120605701699124,0.1829869179226743,0.18369391536253915,0.18280285881970357,1.8851016270944225,1.7308847994361167,-0.15717982713713216,0.09096829753275959,314,356,1.6911349035799503,0.005385779947706848,0.20637397468090057,0.4782406333833933
588,1.2249877895015573,1.0,0.8601280174910487,490.6370503096732,0.4268611285832807,0.14132819471169314,0.13686670225544723,0.13712055975269521,0.20669890799125146,0.2046808195939306,0.20432789018511466,3.1568311371607587,2.977208452695105,-0.18547790884461499,0.19392744995833225,0.18992543758734642,0.19006456981576902,0.24116776545278215,0.2386343406507667,0.2383195528752869,2.0636647219595305,1.9919202482130367,-0.07325623686327626,0.104173552499357,422,447,2.023985693231225,0.004796174628510012,0.14797309041023254,0.49454473331570625
589,1.1466671331472629,1.0,0.8894560614847273,795.5823177337471,0.547035603370046,0.16779320950030824,0.16134030792756673,0.1615630640285591,0.20714560658093206,0.20375434517670044,0.20336520421042173,3.8457465543202747,3.7129902278540583,-0.13806599470008293,0.19287810129583183,0.1885682169472375,0.18849034853912308,0.21743593632091215,0.2142432970141293,0.2138128885327406,2.2345120154329683,2.2748838397050144,0.041294556089587535,0.1335015964930356,509,391,2.3138541523367167,0.004545882421093746,0.19503414630889893,0.23559542372822762
590,0.4792323729818691,0.4792323729818691,0.5997060210318451,854.3921239719807,0.5646402960638951,0.10268206787543696,0.10290462076724259,0.10152925915845801,0.1817933358550081,0.18023316662362898,0.17870591397623303,-0.21673978369388497,1.1226972156203743,1.3365401850082905,0.12905555753118625,0.12935998494951945,0.12782212097729082,0.18627481775650853,0.18507882453994326,0.1831583585919429,-0.23588865458942565,0.9557407503333394,1.188825101385685,-0.1562484439598466,421,288,1.2568508451804519,0.0029853939315450163,0.20654183626174927,0.4275505542755127
591,1.352236548265349,1.0,0.9049170982638364,1032.0684701210114,0.6103886853208493,0.21408149245961436,0.20304940247178788,0.20354146348634175,0.2285831906665006,0.22353265287148694,0.22342514777794917,5.153219860846982,4.92337233460802,-0.24233561318765368,0.3480271737368147,0.3348586743556827,0.33532794882538736,0.31496724415236754,0.3084772776851469,0.30843432911085056,3.7837560900029907,3.648917633377314,-0.14014105222378864,0.14896263327214465,457,449,2.5069018974900246,0.0054855621389278434,0.21726107597351074,2.2703710589557886
592,1.1273569314993752,1.0,0.8828940679392063,714.0881679856012,0.5201472050828262,0.2539551899898045,0.24833623351419418,0.2485312280195737,0.31915698012413085,0.3162420411994727,0.31606147596879064,2.2125779259860345,2.135794889818375,-0.07852036032767429,0.37575649828407615,0.3684560039799403,0.3686910374977473,0.38248418468821627,0.37858234817301756,0.37850012988415516,1.9428790553121884,1.8803296333114354,-0.06378876046751986,0.1269396029475146,410,420,1.5159568535163999,0.003697455740283902,0.12392225116491318,0.3265102207660675
593,1.053405841101727,1.0,0.8763319976498606,641.2415992186197,0.4932584923304201,0.2084394047524313,0.20398843587618964,0.2041030586250672,0.24656950168446584,0.24478844797618218,0.24436762035866927,2.1353778483143286,2.0803869270853546,-0.05619080728042937,0.2743001062511245,0.26858305448896713,0.2688442351966,0.26619941093094845,0.26336690711766225,0.2631809945698308,2.084232427137067,1.989015290256429,-0.0972439263265574,0.12037753265816886,341,303,0.9179861545562744,0.0026920415089626815,0.09805575013160706,0.2750710751861334
594,1.142272008821512,1.0,0.8401134752551527,346.75469744133824,0.3448496210373027,0.10948540706354165,0.10669202411032642,0.10684654857496843,0.14831973997808262,0.14696238916037851,0.14644108453195573,2.551374679178971,2.410237637461322,-0.14483225520421308,0.16194734371515807,0.159046334472306,0.15914100375078083,0.1896337772677545,0.18784690003804214,0.18742091249208828,1.791328697526839,1.7328718705712034,-0.059523080987007926,0.08415901026346095,407,357,1.7607622193172574,0.0043261970990596,0.15128180384635925,1.6508378125727177
595,1.3762797627387964,1.0,0.9058031556873282,1047.9732458903006,0.6140193906458277,0.3724274614551909,0.36090932796049197,0.3614335365780508,0.3037562918221819,0.29739106998260334,0.29735017795846347,3.092718632963846,2.9519640775638334,-0.1452466248298775,0.3251893480136377,0.3164440751540856,0.31673956432773753,0.2883788422450058,0.2819263291042498,0.28194356723430314,2.689286384369918,2.5984195784745676,-0.0933780079491222,0.14984869069563644,365,418,1.8031979911029339,0.004940268468775161,0.20699481666088104,0.6149752363562584
596,0.2636124873140658,0.2636124873140658,0.6018626794724553,300.1062444952115,0.3129771429324113,0.04435862446265731,0.04524841686529803,0.04444316983809698,0.12827271543310978,0.129628735101713,0.12796666408774432,-2.00590620971527,-0.19059512431645423,1.7796137036091755,0.11272627955400268,0.11221785953566522,0.11181195461272919,0.18730317255681297,0.18702177039165527,0.18602425195608485,0.45102173188807165,0.8111018521066928,0.3617115177705083,-0.1540917855192364,385,334,1.248831800185144,0.0032437189615198542,0.14352180063724518,0.06242833472788334
597,1.4330990040944351,1.0,0.9349340445922628,1812.1046260118733,0.7333860035360945,0.2385013326457287,0.2172933126045061,0.21798191576631679,0.21465638461730568,0.20768089883613686,0.20733332014360623,8.892201903427148,8.603481016976783,-0.3169003010525258,0.20982942588589568,0.2004387373535526,0.20036732734982254,0.2189676219642415,0.2171772532038846,0.2166558079190515,4.475391615211149,4.509424021976107,0.03562684772061108,0.1789795796005711,423,460,2.9002374075353146,0.006856353209303344,0.14719481766223907,0.6448761885985732
598,1.3150512991585934,1.0,0.8900113852367771,802.9252250427326,0.5493110957367918,0.25320073461645776,0.24499251105888345,0.24540240095879556,0.2528117676085778,0.24930661732215204,0.24906647044300964,3.241785048533892,3.079901671484057,-0.16730711405851809,0.2505928439309249,0.24503426188042426,0.24523926755756914,0.2644127403289307,0.2611256349833033,0.26101441700620664,2.218172699310138,2.1363644266040804,-0.08366408663492046,0.13405692024508542,267,331,0.8473773337900639,0.003173697879363535,0.11224652081727982,0.3481918182224035
599,0.8361030713634813,0.8361030713634813,0.8017048661761628,876.178759259963,0.5708196718012327,0.25339904934881174,0.24970541132891014,0.24956431055390568,0.2277916902383668,0.2290201855451274,0.22759066181773016,1.4576368890860354,1.5133201189036125,0.056506895166399784,0.3648613826976681,0.35960227761811797,0.3598473538915721,0.2552857146451836,0.2559094991945023,0.25471792898919626,1.4413981114323455,1.3742284176593054,-0.06815203593186465,0.045750401184471046,314,252,1.5487436968833208,0.0049323047671443335,0.11493893712759018,0.8790965164080262
600,1.0212591113795046,1.0,0.8539835306808543,442.269119813268,0.4016835042109061,0.20891631714466746,0.20602477579928744,0.20610113104349964,0.19441751464759066,0.1933944852179869,0.19296219182252694,1.3840667808526097,1.3475185373952387,-0.03706119514800135,0.27152888490268584,0.2661386764508018,0.2665728132808352,0.19195840968190356,0.19127196943358946,0.1908399644763353,1.9851326144604662,1.8252465565963107,-0.16312429137433504,0.09802906568916259,376,372,1.2168258652091026,0.0032362390032156987,0.28910157084465027,0.7134779952466488
601,0.8906535748154636,0.8906535748154636,0.8293384956500875,788.4385766139136,0.5447996705724697,0.1830545412973464,0.179191327012821,0.17915079601210615,0.2521211846899378,0.24897251864999012,0.24858197892877137,2.1104170686758095,2.132558557451561,0.022618840649556212,0.2840189882512364,0.27698781684328677,0.27726758286498177,0.30646552673260913,0.30197433550235847,0.30178148029803903,2.475599061612745,2.37709648493026,-0.1010030061550609,0.07338403065839583,463,529,1.9579653590917587,0.004228866866288896,0.20829348266124725,0.4815892446786165
602,1.4266407299353192,1.0,0.8849843387001509,739.0382014643452,0.5287122901226875,0.31180168301228744,0.3032121925139054,0.3037283611879927,0.26848639911953026,0.26376490904561173,0.2638254046167151,2.754792859166043,2.58924895667629,-0.17023348230417806,0.46223618347178863,0.45806177815661825,0.4577559348221063,0.33937370869441663,0.3367259505665386,0.33642072089517666,0.9030892570583791,0.9692552876392828,0.06676901437678424,0.1290298737084592,347,445,1.7317469976842403,0.004990625353556889,0.15443405508995056,0.9620014792308211
603,1.0245840236411872,1.0,0.8471392904415919,392.97081405734144,0.3736385730097288,0.08583338386670385,0.0832477651278448,0.083323872809632,0.19111659439891,0.18861789309336802,0.18847740321036224,3.01236957274621,2.9237004811193668,-0.09142309306479086,0.22514911974159804,0.22199446668278688,0.22212930804195713,0.25550487540837075,0.2530320668432621,0.25287556540258427,1.401139414816158,1.341249614080982,-0.06074086493467594,0.09118482544990014,226,274,0.5788717148825526,0.0025613792693918256,0.08333615958690643,0.08620376186445355
604,0.6493548632105752,0.6493548632105752,0.6997209479473052,735.5135052239533,0.5275208922435951,0.127501005851675,0.12612316470474727,0.12556773212820732,0.2038968847884461,0.20308279199637855,0.20185821243668334,1.0806511977878939,1.516281154453567,0.4403890259495231,0.18548196075284282,0.18454076678050077,0.18347343969070565,0.22880505423520403,0.22724239172979838,0.22594263559685965,0.5074315413325831,1.0828659854494156,0.5783692722295007,-0.056233517044386505,354,306,1.2978650946170092,0.00366628557801415,0.14919257164001465,0.9496389124542475
605,0.9728194501829294,0.9728194501829294,0.8548375129577246,552.128186057428,0.4559659452577601,0.23064442006661037,0.2273700754779819,0.22741571550970102,0.20297330711592948,0.19990891915675688,0.1995404799650409,1.4196504678859474,1.3998624185128334,-0.020073016039233674,0.42996929698718606,0.42344260645291987,0.42389357307366915,0.24626059771989334,0.24233437806341793,0.24215111483433158,1.5179433927024555,1.4130599454634956,-0.10650005783001498,0.09888304796603287,249,226,1.1305416179820895,0.0045403277830606,0.10000718384981155,0.3298816718161106
606,1.2453982612379495,1.0,0.8971677745247795,904.6487620844398,0.5786350876211698,0.1301121292438342,0.12165432753942916,0.12200065209625374,0.18195092870060586,0.1781026723558456,0.17757770432930195,6.500394508612529,6.234220587059406,-0.28467919212519166,0.12429746166447883,0.11862589428184873,0.11874101134209432,0.18977724544943575,0.18652089792749096,0.1860643121881358,4.562898796710416,4.470284628485224,-0.09704210108804093,0.14121330953308775,433,692,1.1672647260129452,0.0026957614919467555,0.16084925830364227,16.739382956176996
607,0.9743439188561897,0.9743439188561897,0.7795944502796223,79.96584251131448,0.1082469179239683,0.03884946865752309,0.03837370968813399,0.038392399838779415,0.08913948346103225,0.08785552576531568,0.08779400339753728,1.2246215606785837,1.1765124068309873,-0.04870561328919659,0.03320467393064559,0.0325793850077558,0.032613188372448726,0.09006618265937755,0.08843661123275869,0.08839635210954884,1.8831352604028917,1.7813322288070013,-0.10375691464059365,0.023639985287930543,338,210,0.35555234365165234,0.0010519300108037051,0.13335421681404114,0.21747406013309956
608,1.6063232691390634,1.0,0.8621440914501152,507.4465507788317,0.4351221851070062,0.2119253665693989,0.20488392658631918,0.205476401818181,0.24257908385988308,0.23938434332417521,0.23931259487595,3.3226036585732937,3.043035789255583,-0.28917604310565675,0.24458409183800556,0.23957005948413135,0.2397796997812475,0.22345462862599477,0.22355369106329911,0.222742460114217,2.0500239063770076,1.9643109331657334,-0.08750688527922428,0.10618962645842345,403,485,2.2221528701484203,0.005514026973073003,0.15938712656497955,4.709897825494409
609,1.0967944241038696,1.0,0.8505353450551112,416.8678894442991,0.3875542326975971,0.15077883765782157,0.1476584228473622,0.14779247010713079,0.1521965805692602,0.1518275362364901,0.15111417073795919,2.069531015712477,1.9806277837663593,-0.09078199345740096,0.31921850250740474,0.31609690718253214,0.3160467111672344,0.22515760075436186,0.2234054915480046,0.2228079691983693,0.9778867140698386,0.9936113712884788,0.015879945091895317,0.09458088006341947,335,484,1.6713397866114974,0.004989073989885067,0.1216001957654953,4.06740790233016
610,1.0045509351890725,1.0,0.8584375092003872,476.9110867374051,0.4199341086293855,0.08359041367247201,0.0805723279959795,0.0806361183897579,0.1513487532298699,0.14759834151026058,0.14734554630759683,3.610564350498507,3.5342513009802463,-0.07917159074958836,0.1282092157879353,0.12513821973710035,0.12519898509863167,0.19921019683810384,0.19596280118974146,0.1957371824918337,2.3953005499343565,2.347905079056637,-0.048558595174986056,0.10248304420869547,297,445,1.107687789015472,0.003729588515203609,0.187460258603096,1.9642802104353905
611,1.2683117314690513,1.0,0.8687703314547419,566.3328427983075,0.4622738394259478,0.15077859925024534,0.14532104146580127,0.14563231620725303,0.20040098383469632,0.1977885177272059,0.1974583990164037,3.6195838212996176,3.4131389126722715,-0.2141979842093372,0.24040916297464418,0.2355715553312867,0.23572592720603425,0.22270582685959375,0.2203094510587622,0.21997019749576688,2.0122392938357727,1.948027151154747,-0.06553077876080747,0.1128158664630502,491,411,2.213451220653951,0.0045080472925742385,0.3700716495513916,0.27067163214087486
612,1.6053717809598418,1.0,0.8678019129767786,557.3583414375793,0.4583056517763339,0.16871486008142558,0.16098748472386387,0.16160803354270367,0.17970245422836661,0.175118533087022,0.1749991207318637,4.580139149469292,4.2123299247570705,-0.38546401287292953,0.2506577149680168,0.23959820803747403,0.24040678515387456,0.2164957289289121,0.2083040229733132,0.20842379997498942,4.412194905691988,4.089612727639456,-0.3374721050810482,0.11184744798508683,432,411,2.0834872145205736,0.004822887070649476,0.22762970626354218,3.95868125744164
613,0.6973676395014756,0.6973676395014756,0.7233488812964015,826.7337572655991,0.5565343986889212,0.26253798038420734,0.260491390852704,0.2600200416545758,0.2633296322424206,0.2613392255473109,0.26036358462731896,0.779540365362862,0.9590759881471926,0.1809461712286364,0.2035126626913052,0.2015534462824138,0.2011585828437669,0.23272239495190283,0.23018125578967216,0.22940362618922486,0.9627000025365418,1.1567240172711246,0.1959100407013843,-0.03260558369529021,393,436,0.9768132036551833,0.0024855297802930873,0.08492125570774078,2.2914626598358154
614,1.95255951417014,1.0,0.8818112632567203,701.5105151776393,0.5157103089828867,0.3259681513305059,0.3131873745254728,0.3142394123601063,0.2470668101753878,0.24251421183409344,0.24241382191343153,3.9208667327975837,3.598124210149475,-0.3359132328458255,0.4187878107418176,0.41239159744678716,0.412612294625589,0.282478808867546,0.27941882110469224,0.27918863800374305,1.5273160132575323,1.4746169677884384,-0.053516410171361876,0.1258567982650286,275,280,1.3252583052963018,0.00481912111016837,0.15784749388694763,0.6437422577291727
615,0.7346993841522844,0.7346993841522844,0.7479024303752994,401.7585113670351,0.3788286987581672,0.165395641903488,0.16421296486159828,0.16403606650852073,0.13278902933372771,0.13340609078861193,0.13207018831375283,0.7150593741640576,0.8220140381695168,0.10772496144055452,0.2868872403880761,0.28555844525541085,0.2852418466753744,0.19959046354942075,0.19864143346863664,0.1977629329548347,0.4631767975695897,0.5735332496753709,0.11086997611059642,-0.008052034616392367,262,254,1.5549653470516205,0.00593498224065504,0.1567056030035019,0.8677054699510336
616,0.983274370201135,0.983274370201135,0.8487910549128472,454.762211051541,0.4083962195726753,0.0653161609252145,0.06255960211103116,0.06261038416333874,0.14615225638216728,0.14308505722148407,0.14279720471637503,4.2203319594051685,4.142583892788518,-0.08117387354453735,0.37092834361487165,0.3669107675875127,0.3669295149702943,0.23284190930426846,0.23081259678357505,0.2303410387661886,1.0831137864003053,1.07805960731037,-0.005109521016483627,0.09283658992115551,453,405,1.2414983650669456,0.0027406144924215134,0.13162091374397278,1.9541070498526096
617,1.164008313974366,1.0,0.919477025929928,1337.8008566332207,0.6700493862043794,0.5941388918103688,0.5829971236580699,0.5832731207922847,0.49072377936135636,0.4827274706690339,0.4829600168628396,1.8752800575551387,1.8288267554705364,-0.04734107991528473,0.5313608968870653,0.5227531428525487,0.5229511824267519,0.45127712455297514,0.4434789980111798,0.44371571443789315,1.6199449535982913,1.5826746961586928,-0.03788395668412626,0.16352256093823625,530,427,1.9223155416548252,0.0036270104559525005,0.2100115269422531,0.5933865699917078
618,1.3354349255593214,1.0,0.8894085845143189,794.9579634288959,0.546841061927578,0.18982059441177304,0.1814905767642714,0.1819214327912381,0.19536665713054663,0.19140054638115414,0.19097061206182847,4.388363482537375,4.16138282835607,-0.23739856616704813,0.23115241431428415,0.22346707848640948,0.22389175094233138,0.24051959737609882,0.23653164592872106,0.23626598019293202,3.324791502036998,3.1410718306757044,-0.19003803996467675,0.1334541195226272,386,376,1.9570282883942127,0.005070021472523867,0.13126462697982788,0.4986490309238434
619,1.6486290948884268,1.0,0.8743248599860706,620.4793260772944,0.4850340531341786,0.3102297980619243,0.30129064736569283,0.3019865049739999,0.2649771727189624,0.26209104447667686,0.2618972058220629,2.8814610176315636,2.657157094328814,-0.23095891438757246,0.36501575312211154,0.35970436826778934,0.35985436029256634,0.29773661776808513,0.2955565286781425,0.29520543869621985,1.4551111312024223,1.4140191992805626,-0.0416986942636562,0.11837039499437885,417,364,1.6231843419373035,0.0038925283979311834,0.2749728858470917,2.1497736424207687
620,1.3689086688140917,1.0,0.8779607309060862,658.5915194957995,0.4999323831523526,0.2164604870457027,0.20928288469148154,0.2097162966590559,0.1969768557026993,0.19388568297547318,0.19344484152984448,3.3158949479337094,3.1156681197076233,-0.20709384248658047,0.3676273484354803,0.35609315142699743,0.3568715948449203,0.29874484778948895,0.29303106927234207,0.29294213572054,3.137469793139488,2.925721831178628,-0.2186066805282182,0.12200626591439445,428,462,1.6135585624724627,0.0037699966412908007,0.34644728899002075,3.0107105812057853
621,0.9440169284682852,0.9440169284682852,0.8556625886773421,743.4234470380411,0.5301862043196099,0.3454233098493873,0.34128307560915633,0.34130485942794336,0.30842677998232965,0.3062568531593124,0.3056892404906533,1.198597234806246,1.192290822307178,-0.006382917977445458,0.4277001937772064,0.42227744870065376,0.4223280908330354,0.3531354777728452,0.3489737326458212,0.34877461907584306,1.2678846433671305,1.256044075343439,-0.011992620618855327,0.09970812368565041,366,435,2.0405618883669376,0.005575305705920595,0.26752591133117676,1.9710673838853836
622,1.4838990567790638,1.0,0.8922647949364417,833.4983088830146,0.5585446582340035,0.3724174356874695,0.36213148595918154,0.36273716893781704,0.3216702262729566,0.31797129538266744,0.3178342104587402,2.761940968016292,2.599305462641139,-0.16725498944981912,0.34895100119679034,0.3444039467187103,0.3442831798651737,0.32663476123658836,0.3253349530290835,0.324828730853707,1.3030638864726358,1.3376724283946757,0.03506546736388148,0.13631032994475,360,285,1.4378949776291847,0.0039941527156366246,0.18601436913013458,0.7533493433147669
623,1.17147988305186,1.0,0.9219360064829892,1400.6919268868112,0.6801252950013885,0.47496159189631726,0.46316477708523907,0.46345348529238095,0.28823824649670116,0.28628924438698483,0.28583679693872016,2.483740793435231,2.422955203175354,-0.06233380028567087,0.6162942316220749,0.6094217145425654,0.6093999601324271,0.29846271080741416,0.29566933963312175,0.2952899243419866,1.115135713897741,1.1186655879452458,0.003569680833349712,0.1659815414912975,440,336,1.9511048812419176,0.004434329275549813,0.1521027684211731,0.35843300074338913
624,1.189258764449013,1.0,0.858143653638887,474.5585229265841,0.4187300072657192,0.11202240170507055,0.10791978253525411,0.1081394739913462,0.15069273555823057,0.14910469532123258,0.14846713878272513,3.662320310376581,3.466206450337688,-0.20356921681186876,0.2394360292138734,0.2340558460341107,0.23428342077255784,0.22062523845940119,0.21858519945914176,0.21799508283630425,2.247023222623246,2.1519770680431156,-0.0972309567580631,0.10218918864719528,408,508,1.3601175844669342,0.003333621530556211,0.1280173361301422,1.3021210283041
625,1.1182947467212574,1.0,0.8686331307559849,565.0533350965139,0.4617116463960596,0.15981749405685736,0.1554354763377687,0.15560676583873145,0.2265926344728169,0.22304185926875783,0.222894039696541,2.7418886430103204,2.6347104508020105,-0.11019974654340954,0.1598721535743145,0.15772865872918612,0.15764598672227015,0.2323231011646317,0.23023975143489597,0.2299573264316717,1.34075559577172,1.3924669195186319,0.05241406830062394,0.1126786657642932,351,493,1.4277030220255256,0.004067529977280699,0.11359792202711105,1.389978900551796
626,0.8840135027868329,0.8840135027868329,0.8081848339918855,453.7569174747725,0.4078616386587864,0.15812344362519754,0.15593790299589236,0.15591598324798384,0.2508594694786774,0.2502050471809363,0.24944943004095094,1.3821736860763025,1.3960361136872765,0.01405671583841898,0.21618019511310152,0.2153184974613213,0.21497455622976505,0.29182575481945083,0.2928660350662106,0.2918823944196982,0.3986015700140262,0.5577008951748333,0.15973603550621304,0.05223036900019373,330,345,1.1587950494140387,0.003511500149739511,0.10726527869701385,0.872917827218771
627,0.6319934540245786,0.6319934540245786,0.6923156788231285,694.989323994533,0.5133774375674186,0.16265732421483037,0.1615067366999768,0.1609323294921788,0.17526815729073125,0.17759025871233705,0.17496002552048653,0.7073690166782245,1.0605084836962293,0.3556552621486299,0.26415264258361354,0.2601712944650892,0.2602992222411284,0.22244119773409654,0.22242441058052428,0.2205806527025909,1.5072149495018272,1.4587854601020716,-0.049170595973019954,-0.06363878616856322,390,606,2.28465118072927,0.005858079950587872,0.26083528995513916,21.315919483080506
628,1.039438881629791,1.0,0.865209490899327,533.9685855134377,0.4476829535271594,0.16489731250852974,0.16128448619161712,0.1613809299650134,0.22416169047780068,0.22157398897129918,0.22126032580016086,2.1909552447834697,2.132468073628813,-0.05979730330771628,0.23722393070353992,0.22955803870395095,0.23008596968929634,0.2552930964216151,0.2524737748282899,0.2522409849451424,3.2315002861870137,3.008954869382013,-0.22997712836632286,0.10925502590763525,361,350,1.7722732741385698,0.004909344249691329,0.19593484699726105,1.1134474761784077
629,0.7394090009919397,0.7394090009919397,0.748328482896525,563.235148691699,0.4609107423811755,0.1960835093979682,0.1943922144417191,0.194152630001333,0.22509898209697765,0.2235024660759666,0.22294798641907307,0.8625380897362779,0.984722989997241,0.1232479608682752,0.14747696482169312,0.14469396761840309,0.14499686848098178,0.17943016497981407,0.1768017615628645,0.17664554578251007,1.8870724703717716,1.6816838776888943,-0.20933897077003846,-0.007625982095166739,253,526,0.6571117034181952,0.0025972794601509695,0.197157621383667,2.644980913028121
630,1.3733734471555394,1.0,0.8874343027220297,769.4611374043078,0.5387512528178887,0.26749820402280333,0.25906920886392537,0.2595359790043074,0.2374231239043145,0.2316538325661683,0.231513617945783,3.151047383540346,2.9765527015714706,-0.1801719866397604,0.3274709670867928,0.31847232399631636,0.3189770356190236,0.2689335967130921,0.2639679907374664,0.2638422041340846,2.7479208830416515,2.593796800776538,-0.15847895866550965,0.131479837730338,383,371,1.7049401085823774,0.004451540753478792,0.1563965231180191,0.05294033885002136
631,1.8526107259335365,1.0,0.8901419815327214,804.6628491315563,0.5498462265923504,0.38126625019465216,0.367614890565719,0.36862112804888264,0.30006486257340254,0.29720897920598127,0.29692381333967066,3.5805318781726876,3.316611984227206,-0.2737205453280611,0.3243380746588311,0.31915627983397216,0.31935770526498897,0.28483548411076065,0.28373657710089506,0.2833589865845712,1.5976523355482128,1.5355487939801473,-0.06311184950570106,0.13418751654102967,309,324,1.5284913321956992,0.004946573890600968,0.18802189826965332,1.0020885141566396
632,1.316577400123721,1.0,0.9072658721437664,1074.8940894818522,0.6200130116985065,0.5614849309539841,0.5504758222218267,0.5509295909610776,0.43599090545096014,0.43038818779801424,0.43043616580231286,1.9607131242957034,1.8798972886008811,-0.08243209255212355,0.5576938163300481,0.5449639167835106,0.5455671250657677,0.43074279111387015,0.4227657642635437,0.4230397221753813,2.2825965025589965,2.174435310056185,-0.11068774714797208,0.1513114071520747,484,394,2.0069364914670587,0.0041465629988988815,0.1753975749015808,1.6767822578549385
633,0.8287698382592785,0.8287698382592785,0.7890632866373738,549.3070200179831,0.4546954875038757,0.1389011861707406,0.1366360399219196,0.13654046803078188,0.21325422258961105,0.21103639835356974,0.21047254788294667,1.6307609108799233,1.6995665804155717,0.06994632689321942,0.1982129240875318,0.1947611645628853,0.19493711995978025,0.2631603493843334,0.2604737178327766,0.26017062401633706,1.7414401914186874,1.6526692912844279,-0.09034419017253605,0.033108821645682074,388,453,1.3114845333620906,0.003380114776706419,0.13155382871627808,1.0465151853859425
634,0.5330234945675686,0.5330234945675686,0.6431702496348918,674.5438884009628,0.5059154192090471,0.11504937359989431,0.11476997619328441,0.11389881407752948,0.16614891897593903,0.16705405244939076,0.16480383292911865,0.2428500024533431,1.0000571809857157,0.7590505327698264,0.119505658862635,0.11947200733325673,0.11862262138188899,0.16965729191173703,0.16988657738153937,0.16819373368067755,0.0281589421777537,0.7389085078900048,0.7109497616445455,-0.11278421535679994,485,491,2.5512990187853575,0.005260410348011046,0.2146902084350586,0.7784625925123692
635,1.3201206731276425,1.0,0.8708006416716676,585.5847816853712,0.4705932303824616,0.19969990203723428,0.19367629445484028,0.19404137141888275,0.22677850459449725,0.2238877333616292,0.22355074653106613,3.0163297632819566,2.833516972530358,-0.18849852795361186,0.17061462918406442,0.1681716072155702,0.1681954500605961,0.2262010883461569,0.22406706898089904,0.2239288773167569,1.4318947795845867,1.4179201015983371,-0.014177687554203863,0.11484617667997588,611,401,2.3260621232911944,0.003806975651867749,0.27148038148880005,2.723496589809656
636,1.271310757326115,1.0,0.8286290066547949,279.36923848943513,0.2977909088180165,0.062236076554896186,0.059533381154122225,0.05974775346388958,0.15168558930060666,0.14773022617699186,0.1478523441579613,4.34265067848551,3.9982004469895305,-0.36008757710632966,0.32371734441252437,0.3148243902097609,0.3155299392315727,0.32866272885994813,0.32419900733434637,0.3243086318920575,2.747135535447516,2.5291833515470157,-0.22410875515131137,0.07267454166310316,359,470,1.1189535651355982,0.00311686229842785,0.12306982278823853,4.04843998234719
637,1.2711220284722755,1.0,0.8646618669087476,529.1423619732284,0.4454390116719612,0.13743498348842148,0.13231716626592238,0.13262147458819346,0.16781260917405874,0.16486744706490777,0.164527769976533,3.7238096826564258,3.5023898413998427,-0.22998400801563051,0.22547517771958742,0.21927462804840628,0.21961149158735482,0.2132875171406489,0.20900524240839485,0.20874099945868346,2.749992142768133,2.6005905357462344,-0.15362631871580715,0.10870740191705586,381,486,2.257747745141387,0.005925847100108627,0.17733637988567352,6.023693321272731
638,0.9137348896180912,0.9137348896180912,0.8302331434963477,586.0061960647271,0.4707724591345019,0.1778911863698061,0.1748502069291534,0.17484848286911336,0.21495823924294305,0.21253093491956987,0.212246216000887,1.7094604306764354,1.7104295961956608,0.0009860211608074124,0.398057362005716,0.39188191984947407,0.3922096109295093,0.3544940047881665,0.3519514680804888,0.351766787046972,1.5513950364151943,1.4690724589896538,-0.08361985165355143,0.07427867850465597,355,406,2.1391262374818325,0.0060257077112164294,0.19684168696403503,1.7238612556830049
639,1.973325909016561,1.0,0.8834795092790576,720.9859052657749,0.5225461071558815,0.35316882905100705,0.33984543934771805,0.34093242475652896,0.2671503914829575,0.26226424616667005,0.2621942015365814,3.772527076947877,3.4647464011357645,-0.3198469901191608,0.5339368381437957,0.515633545184977,0.5169405740018561,0.36136647233716623,0.3548259959654218,0.3549262842810075,3.427988415717707,3.1831975109689385,-0.2534801758117353,0.12752504428736589,227,313,1.5348227564245462,0.006761333728742495,0.18303319811820984,1.679978834465146
640,0.936075955943276,0.936075955943276,0.8602361135420866,905.8244999474332,0.578951728633122,0.28489342661904227,0.2799389779343717,0.2799484385916716,0.29485839529420976,0.29044374948813095,0.29028202043635926,1.7390533517979694,1.7357325811462305,-0.003379542702379875,0.6524817603220169,0.6442914264096338,0.644434690951683,0.4862741846581975,0.48234258030653926,0.48226568207583664,1.2552586770151188,1.2333018115881733,-0.022235984552460043,0.1042816485503949,292,443,1.6246492601931095,0.005563867329428457,0.08159372210502625,0.26707722432911396
641,0.6455066174371364,0.6455066174371364,0.7047507500092951,569.3636317127354,0.4636008407235347,0.17825432865231985,0.17721521847594213,0.17677904167555208,0.2591308704432159,0.25876664968907687,0.25778336290754655,0.5829368544561313,0.82763037953781,0.2461282976378553,0.4310291455922715,0.4332411414245929,0.43089995481624216,0.405436388628812,0.4073018674096538,0.40510665559466047,-0.5131893875255062,0.029972631166700753,0.5403888007155584,-0.05120371498239662,447,445,2.0986317982897162,0.004694925723243213,0.3149791955947876,0.7167224120348692
642,-0.0596547214005681,0.0,0.0244164637358611,19737.29913187873,0.9677011448882314,3.5356345011169297,3.6741814688930097,3.5360688759740637,0.8783345390927026,0.9079709543479569,0.8782306745002871,-3.918588523002367,-0.012285626724052607,3.7590030347781855,2.6604693423758126,2.654419811736214,2.6592034405091836,0.6731333854020339,0.6761510327745992,0.6728227581450337,0.22738584291282204,0.04758190017324341,-0.18021372323319704,-0.7315380012558306,282,216,0.9311897214502096,0.003302091210816346,0.16328583657741547,0.19263509288430214
643,0.723313119313335,0.723313119313335,0.7402816381307864,608.4669562333095,0.4801525958930464,0.2286584968705144,0.22695421915132477,0.22666318980868447,0.22067950304277129,0.2199707976682296,0.2191036068747757,0.7453375853138462,0.8726144399347827,0.1282326205384424,0.10745137937249626,0.10913627095797009,0.10832578589469286,0.1741053957601573,0.1749306675456226,0.17403003377059917,-1.5680502151888638,-0.8137694716466495,0.7426358406449123,-0.01567282686090532,225,230,1.486382083967328,0.006606142595410347,0.23144486546516418,1.1037313928827643
644,0.1152193998832403,0.1152193998832403,0.4219524583858138,717.3351092919168,0.521279425450743,0.06719715257125476,0.07065913122164315,0.06756068612044716,0.1247839032357738,0.1300774017840642,0.12491565583113437,-5.151972245724789,-0.5409954667452822,4.38505971928356,0.10770184869600485,0.10487066661185532,0.1056225055572767,0.16133496308586592,0.160365567767953,0.15942470650382706,2.628721900717529,1.9306475830300984,-0.7169201548075137,-0.3340020066058779,410,386,2.5222470927983522,0.0061518221775569565,0.29449254274368286,0.8726228764280677
645,1.2887206869848151,1.0,0.8713426104539209,590.8266202603373,0.4728139994788304,0.11532870304031966,0.10948386587118648,0.10982046995093532,0.1498704178460432,0.14847324294549674,0.14771816660695958,5.067981356809136,4.776116390954836,-0.3074462863275847,0.2369728049566587,0.2295325002887294,0.22994271548334497,0.21578081419324993,0.2135123899297847,0.2128860015843537,3.1397293327772795,2.9666228893224735,-0.17871769535885101,0.1153881454622292,329,357,1.7103651156648993,0.005198678163115196,0.25732192397117615,0.9357192423194647
646,1.047735314575775,1.0,0.8524831363044578,431.0704516154629,0.3955354942653626,0.04813421487517316,0.045172739491118406,0.04526964154437627,0.1264515705583228,0.12324014327801674,0.12278630264172222,6.152537008726057,5.951220640506147,-0.21451444908918701,0.09855321400296711,0.09463263216791655,0.09469858248928044,0.17882301174967707,0.1760435577281375,0.1754856094506782,3.9781369635824633,3.9112184748948153,-0.06969088764948066,0.0965286713127661,346,489,0.75458940025419,0.002180894220387832,0.10020028054714203,2.361096067354083
647,0.2835640627192186,0.2835640627192186,0.3914974438281585,2224.4576191501374,0.771516566404149,0.8511075475690945,0.8571462362323262,0.8501483400201404,0.4726383210104957,0.47738242227880656,0.47158379102821646,-0.7095094715678726,0.11270109772774588,0.8164180062139449,0.8982087622780128,0.9012146741954904,0.8946548359960648,0.47307261825583663,0.478068440049957,0.4715889743550471,-0.3346562674198427,0.3956681821868102,0.7278885250377842,-0.36445702116353323,472,381,0.8952968157827854,0.0018968152876753929,0.14348551630973816,2.3730510408058763
648,0.5095922381740268,0.5095922381740268,0.6390186327906939,595.1937388743354,0.4746500050413292,0.1464151853023787,0.14634357633058748,0.14550840076721264,0.2270987862004003,0.22601842741221725,0.22511773509536837,0.048908159111600166,0.6193241044590885,0.5706950617963538,0.20965940973655153,0.20695045250914543,0.2071413107742915,0.2482252430376444,0.2460746235542653,0.24573060560509685,1.2920751951033622,1.2010426650652952,-0.09222413521305331,-0.11693583220099779,233,336,1.2809458747506142,0.0054976217800455545,0.2422577291727066,0.9222919531166553
649,0.6984641926555759,0.6984641926555759,0.7339261922967397,409.21431688523495,0.3831652173460599,0.09306203894369103,0.09204339569384491,0.0918132837539739,0.16662409824780874,0.1662151045793093,0.1652466281268704,1.094585140631257,1.3418523856679139,0.2500037489233934,0.10302619868992915,0.10153596438002828,0.10143987912188052,0.2164352590772296,0.21542074677150852,0.21499762889820392,1.4464615106162766,1.5397244470048586,0.09463174820316415,-0.022028272694952,394,367,1.290984895080328,0.0032766114088333196,0.10386504232883453,0.7056338079273701
650,0.0491782819760269,0.0491782819760269,0.2514281035440313,1643.3471368443302,0.7138417699574324,0.5006729554463967,0.5099652565143018,0.5010695956359441,0.3627892318154582,0.37037419325423876,0.3627121806617031,-1.8559622537670675,-0.07922141294685973,1.7443660650847135,0.5202828277071032,0.5301314229756593,0.5200981396016039,0.36131677783273797,0.36856161951529753,0.3608729887738073,-1.8929310644287527,0.035497636220907784,1.8926030299690564,-0.5045263614476605,516,518,0.5036015063524246,0.0009759719115357067,0.10879390686750412,5.531253017485142
651,1.421115842301857,1.0,0.9021470221794394,984.2032911356554,0.5990380327293051,0.436262956096843,0.4248922300845176,0.4254600164522446,0.2659993263190303,0.2589074585882976,0.25881121363005755,2.6063927393829207,2.476245001695793,-0.1336306779754689,0.4237279515821237,0.40841548938821665,0.4093696715063903,0.252677175728176,0.2453601703921595,0.24532786208844637,3.6137484290883,3.388560991108125,-0.23363024737454843,0.1461925571877477,353,310,1.7276527024805546,0.004894200290313185,0.14360329508781433,1.136656079441309
652,0.7743082773372486,0.7743082773372486,0.7629581720995651,406.50106157074,0.3815941329251283,0.04527322379094359,0.043874636018326287,0.04374511140345339,0.12617873943797475,0.12510416439863173,0.12424002175684326,3.0892162198908295,3.375311629113277,0.2952152465009455,0.06089701708066271,0.06065984010424728,0.06020979024170607,0.1506332377443996,0.1517394987146053,0.15041255901022563,0.38947223983282203,1.128506570439001,0.7419239183086711,0.007003707107873347,321,202,0.6108693834394217,0.0019030198861041173,0.11944106966257095,0.20182068459689617
653,0.0886189402142318,0.0886189402142318,0.2647345634129359,1837.4336537103973,0.7360913413721916,0.6032834522683165,0.6127642545429178,0.6035503673022878,0.38550287903296043,0.38919128336975845,0.38437723478151115,-1.5715336197195524,-0.044243718764002626,1.503659388144785,0.9222855955869722,0.9257427290931374,0.9196769328348949,0.47970314614365833,0.48317138930043274,0.4782847585760869,-0.37484413967941627,0.2828476086539155,0.6552356359508787,-0.49121990157875584,321,467,0.9918143227696419,0.0030897642453882926,0.14835256338119507,2.535436441190541
654,1.4589962987764329,1.0,0.9217685229070988,1396.282883293875,0.6794390149762919,0.4537060887142433,0.4369111093202573,0.43759355974994846,0.2575670865395895,0.25155781107144315,0.2511556730213957,3.701731101202819,3.5513142461799636,-0.15619891898673013,0.43623721637939306,0.4179072339794338,0.4185303171395123,0.24791424073478607,0.24260320830677573,0.24210078622808945,4.201838291581654,4.059007020730939,-0.14909604558535547,0.16581405791540704,438,272,1.772269630804658,0.004046277695901045,0.18241071701049805,0.19876606296747923
655,0.4241031427392405,0.4241031427392405,0.6244490037681768,432.4112761574676,0.3962782499431296,0.07800518162354791,0.07841681438624691,0.07762627665541477,0.1549376845976981,0.1568211764140814,0.1548737753065155,-0.5276992555257818,0.48574333172087636,1.008122731099858,0.590507230249862,0.5874646335594741,0.5869231124360004,0.3214564417482281,0.3198501469271644,0.31885444182040057,0.5152513863548206,0.6069557882204144,0.09217935728192184,-0.13150546122351492,378,238,0.9348510913550854,0.002473151035330914,0.1107051819562912,0.0998369324952364
656,0.6790168675527019,0.6790168675527019,0.7196854578351709,587.503076706451,0.4714081068788435,0.16414928958765904,0.162830142481629,0.16245662971829936,0.1415675212970053,0.1454443542544664,0.14303982848514862,0.8036264484261367,1.0311709990409468,0.22938797303563305,0.19501803819536837,0.1948714293216419,0.19420560130965384,0.16219788950114478,0.16381758628375148,0.16214977787156068,0.07517708366012807,0.41659576377269925,0.34167554182049176,-0.036269007156520816,267,300,1.1316428016871214,0.004238362553135286,0.17225588858127594,0.6442626295611262
657,0.8786062291985927,0.8786062291985927,0.8319662186285339,1073.632645713073,0.6197363252649031,0.4659042561501035,0.460805871548233,0.46072129606517304,0.3294327496128357,0.32541335255917847,0.32484378340877423,1.094298782329202,1.112451757311407,0.018353820617735758,0.4345260644312689,0.4308498006301827,0.4305457203107978,0.3461337750073421,0.34324235268176284,0.3426124003102921,0.8460398816116824,0.9160196467571607,0.07057687364369869,0.0760117536368422,402,549,1.2695623207837343,0.003158115225830185,0.14604537189006805,1.4992048358544707
658,0.7830401693844486,0.7830401693844486,0.7707213293443528,789.6816860498529,0.5451903387312268,0.17766381285928323,0.17486038572980117,0.17462802245685813,0.20153511643518587,0.1978672657470333,0.19740496544939973,1.5779393025311723,1.708727485675189,0.1328850282316638,0.20096397924385087,0.1963024855379676,0.19628714164248276,0.1980102244224386,0.1948025872657094,0.19413724512953187,2.31956678177982,2.327201928905483,0.007816455019814922,0.014766864352661058,477,366,2.3662673803046346,0.004960728260596718,0.2173183560371399,0.2602933309972286
659,1.1621757608797534,1.0,0.8828132294118962,713.1411344137883,0.5198159614593467,0.22045972576632666,0.2145367780779976,0.21476818779005064,0.23159959011661618,0.22639218417519988,0.2262766758455795,2.686634789071189,2.5816679016958854,-0.10786482118646876,0.2722254789801217,0.2608743071144181,0.2616051582096292,0.24008960237226842,0.2349188560356299,0.2347285774611386,4.169768350938411,3.9012956503120084,-0.28015449405316334,0.1268587644202045,518,342,1.701935587450862,0.003285589937163826,0.1651289314031601,0.7586123086512089
660,1.1464299592649756,1.0,0.8777736659012744,656.5753240557736,0.4991658663430801,0.19465844737832985,0.18933497306587047,0.18954387710042173,0.19916436231001894,0.19721206099589858,0.19669181256703896,2.734776930647612,2.6274586830376108,-0.11033568239850852,0.21219997315362685,0.20738494871481697,0.20756220123889682,0.22110133934871273,0.21924206342049044,0.2188486111602471,2.2690975720924977,2.185566683070412,-0.08547029337389304,0.12181920090958265,420,446,1.5194321442395449,0.003617695581522726,0.16856150329113007,1.1682906076312065
661,0.847193261190578,0.847193261190578,0.8008545180871228,638.3166920346691,0.49211579904623,0.13775961158296351,0.13497991995668546,0.13489504396292687,0.19083669402310635,0.18809903054032112,0.1875223806712944,2.0177841635420357,2.0793958309845446,0.06288045939412605,0.25816759046367876,0.25010227481757846,0.2509868136671294,0.2403438153966033,0.23720816025374225,0.23680652648420955,3.124062021733514,2.781440065212072,-0.35367085333233844,0.0449000530954311,451,433,2.8567686062306166,0.006334298461708684,0.1626599282026291,2.344975857064128
662,0.8916811814368975,0.8916811814368975,0.819997092892607,588.5454049363916,0.4718498286722343,0.11840084306789556,0.11550948545783708,0.11548514595952288,0.20947164263219792,0.20565052047066248,0.20548079448228276,2.4420076201657266,2.462564482501792,0.02107142821884692,0.25221991498436547,0.24716358503897695,0.24743905557395557,0.2907575205634617,0.28697156900942594,0.2868141974483147,2.0047306517020855,1.8955122598888567,-0.11145271862567294,0.0640426279009153,432,413,1.3587327091954648,0.0031452146046191316,0.1183149591088295,0.7634641826152802
663,0.4957155408960252,0.4957155408960252,0.6423092094450886,510.7045096934692,0.4366958399536956,0.014776233025555762,0.01480367749407369,0.014058025362876966,0.07938216349116362,0.08051380783009172,0.07800535219993299,-0.1857338637693491,4.860559937276589,5.036938500553174,0.0206154503591117,0.02074320158683117,0.020046005751667484,0.08748584741596833,0.08932777635657944,0.08684251805411704,-0.6196868149572421,2.762222495869608,3.3610811341982085,-0.1136452555466031,573,581,1.331951945554465,0.0023245234651910387,0.09658019244670868,0.28594665229320526
664,0.8799998139926675,0.8799998139926675,0.8257267268966352,846.8994945307603,0.5624738248299385,0.06594760228748776,0.06191110757556507,0.0618502707899157,0.14887301005449405,0.14454510258118744,0.14387505799797423,6.1207603793178995,6.21301056513081,0.09826473476526455,0.15576015363423856,0.15085089437179178,0.15089264575362354,0.20892507191024834,0.204546790791834,0.20418881725407806,3.151806895346855,3.1250019771071043,-0.027677251769462792,0.06977226190494346,485,401,1.4782375749200583,0.0030479125256083674,0.11549641191959381,0.5903527699410915
665,0.9248444755350826,0.9248444755350826,0.8546659155584877,926.6093497375992,0.5844718124488197,0.1332606466464166,0.12832304802090017,0.12831884474562097,0.19733149968834018,0.19415116737973387,0.1935427490405394,3.705218869766909,3.7083730457258097,0.0032755419576005643,0.27436200791958243,0.26615338501014807,0.2664811737141489,0.276725793513876,0.2722704795733953,0.27185736713113934,2.9918948952437936,2.872421828806355,-0.12315781893525607,0.09871145056679598,494,379,2.4890986531972885,0.005038661241290058,0.18733377754688263,0.6683480124920607
666,0.6524028277369974,0.6524028277369974,0.7172799985438603,392.7046328566667,0.3734800093281796,0.14095175378425182,0.1402010853050127,0.1399138891420802,0.20339545657528335,0.20329434882439065,0.20247699443741032,0.5325712231918132,0.7363261643130963,0.2048458913907208,0.19209528156170685,0.1882910206622322,0.18854713238491227,0.20912509887087086,0.2082509887544304,0.20735924923982094,1.980403093999277,1.8470777355636432,-0.13601908459539047,-0.03867446644783146,443,420,2.334439279511571,0.005269614626436955,0.17652276158332825,1.0180770084261894
667,0.5215625924321459,0.5215625924321459,0.5865834521540667,1716.0106295286068,0.7225976352682509,0.1430471013695981,0.1425830029623415,0.14016513175190187,0.18129047430290487,0.186390023931814,0.18106063184721255,0.32443747745541424,2.014699766792161,1.6957639832275277,0.1456286994271326,0.1408593870570085,0.14057727533077005,0.21307647254375575,0.21375336012571666,0.21093709258835075,3.2749810915605195,3.4687009608913715,0.2002789676518213,-0.169371012837625,281,276,1.0033978391438723,0.00357081081545862,0.11908262223005295,0.18180767446756363
668,0.4271373009693091,0.4271373009693091,0.5730523594929251,825.7568554286405,0.5562425734148005,0.05364951347723077,0.05440416520848738,0.05281495784126246,0.11666844706220196,0.1224809425538737,0.1173789673328137,-1.4066329447272348,1.5555698120589756,2.921113413163802,1.5580069618766947,1.6423850116765073,1.5812505984848195,0.5762623935785738,0.62348625548634,0.5962637274203171,-5.415768469877381,-1.4918827179133205,3.722294879522995,-0.18290210549876662,295,217,1.525915862992406,0.005172596145736969,0.19267214834690094,0.1211529653519392
669,0.7804412447519964,0.7804412447519964,0.7671801902694532,557.6605811417893,0.4584402435782685,0.12768685569399305,0.12572529855566617,0.12555732403936817,0.21130260516033805,0.20888192214504406,0.20834575364532099,1.5362247959397128,1.6677767206738843,0.1336043884784408,0.23308485817215915,0.230608910757702,0.23030761827653395,0.27162636537776375,0.26994265497416814,0.26912501879127904,1.0622515052558146,1.1915145056629541,0.13065084093156434,0.011225725277761445,375,427,1.2278725309297442,0.0032743267491459845,0.12329438328742981,2.5280042961239815
670,1.075597012222792,1.0,0.8540554180152347,442.8114540517368,0.401978069462337,0.15515504796902857,0.15195816669858142,0.15207859402361174,0.18442415862980646,0.18160720696363267,0.18129590354035913,2.0604429648239986,1.982825557845172,-0.07925031450872244,0.16407681469705598,0.1642206451364284,0.16366435190636636,0.18679036004569613,0.1864154931026089,0.1856244965361949,-0.0876604288290049,0.25138395784387935,0.3387474392150211,0.09810095302354294,399,276,1.7567785223945975,0.004402953690212024,0.1797301173210144,0.31189374439418316
671,1.2544441534038584,1.0,0.867640140840112,555.8719721689822,0.4576427749215657,0.17120213541862894,0.16594207170896655,0.1662379522088347,0.19420619314749718,0.19119838697144534,0.19087521803733346,3.072428796989195,2.8996035578970254,-0.17830348676559132,0.19454317908459007,0.1907224957418443,0.19081864164106555,0.2098373468294224,0.20717185517266315,0.20677075209359783,1.9639256234650517,1.9145042560988697,-0.050411409963607476,0.11168567584842026,341,291,1.6560104321688414,0.004856335578207746,0.2251005321741104,0.1492818733677268
672,2.143380517395166,1.0,0.9023729750298686,988.0058696134151,0.5999638962179423,0.48369929773688725,0.46333418639338503,0.4647765197670412,0.31895408250088914,0.31208474138947134,0.3120644098312693,4.210283421701391,3.9120953986042917,-0.3112943995959741,0.2913091922827278,0.277387860100313,0.2781792404524484,0.2650364093722225,0.26088087641645963,0.2606662773834033,4.778885305103425,4.507221940849778,-0.28529739976695234,0.14641851003817685,358,349,1.9356686901301146,0.005406895782486354,0.1436295360326767,3.4989003920927644
673,0.9288813154848762,0.9288813154848762,0.8343196330258036,545.9356753223433,0.4531694633344429,0.15711296899706206,0.15417621389719288,0.1541895118505992,0.22703885255490125,0.22625510005184635,0.225633823526362,1.8691996711767935,1.860735727371766,-0.008625165367719333,0.2595109320028363,0.25188093388436855,0.2524677766596131,0.2907947463707617,0.2887850750662533,0.28843412588465994,2.9401451644373773,2.714011039483384,-0.23298419860312652,0.07836516803411187,410,388,1.6869928743690252,0.00411461676675372,0.14213262498378754,1.7573271747678518
674,0.3223000769887557,0.3223000769887557,0.4646745303416718,1347.7585496108409,0.6716868149113433,0.2794940269781378,0.28249794768985254,0.27878736273738614,0.27671309238727854,0.27525620031825987,0.2739057621126883,-1.074770986769497,0.2528369741536337,1.313490941371425,0.3464081920683498,0.34527615677130835,0.3436766631607343,0.3332285486298095,0.3285608849187462,0.32902899250454987,0.32679229965152234,0.7885289580785977,0.46325052547241435,-0.29127993465001994,334,288,1.443257818929851,0.004321131194400751,0.12500540912151337,0.7360588908195496
675,0.5878003692039915,0.5878003692039915,0.700686158313793,322.5302715296969,0.3286765417101503,0.12550647250483773,0.12515128641062026,0.12483338944889269,0.1915410066784952,0.19149447452649776,0.19060110065126273,0.28300221265782416,0.5362935014519675,0.25401014311954695,0.14469550629155467,0.14394657650288117,0.14373785756546575,0.21490297094438918,0.21434212477792955,0.21371118575265177,0.5175902195362159,0.6618372267617623,0.14499750010466006,-0.055268306677898726,423,391,1.5081079062074423,0.0035652669177480903,0.18050958216190338,0.5235498454421759
676,0.3960305739573517,0.3960305739573517,0.642365359323133,303.7697565640616,0.3155920140286583,0.06589088818314834,0.06628701962052393,0.06570770088259949,0.14021416112678523,0.13998914010363794,0.1390563110654098,-0.6011930455004841,0.27801613485565574,0.8739550235338522,0.2563799104307602,0.2556202211233092,0.2552122102439028,0.2134148795943313,0.21322867363760947,0.21216233280578956,0.2963138984542957,0.45545697589779355,0.159616041959988,-0.11358910566855873,354,482,1.0452724546194077,0.0029527470469474792,0.158822163939476,0.7077875696122646
677,0.9825947906519996,0.9825947906519996,0.911381066352692,1437.789303522148,0.6857852895691491,0.4892831068621888,0.4805801464475923,0.48062314282921786,0.3995108817851504,0.3911787038410572,0.3912468575740288,1.7787167168736477,1.7699290883979129,-0.008946766099974676,0.29947695489702153,0.29139723631776565,0.2916942405051885,0.30578222507744174,0.30308799960106264,0.30284854035252057,2.697943346603808,2.5987690420150047,-0.101924160701018,0.15542660136100028,406,517,0.925271401181817,0.002278993598969993,0.13712070882320404,3.6116037582978606
678,1.7571452445093552,1.0,0.9095654692440432,1118.9782255237376,0.6294358315021901,0.5589531579885137,0.541309191566094,0.5423275852178385,0.3199588158466588,0.31510674166723357,0.31500175826869187,3.1566091308821798,2.974412530471269,-0.18813529635403425,0.4303122561004388,0.4212178380894895,0.4215729931965388,0.29815535538002785,0.2944057951564221,0.2943156707428889,2.1134461968070393,2.030911920356774,-0.0843162551377645,0.15361100425235152,290,320,2.0023330748081207,0.0069045968096831745,0.15671901404857635,0.3230991456657648
679,1.444369733361914,1.0,0.8497468336493906,411.2230667392293,0.3843232315416295,0.09499902945239325,0.09012813568999115,0.09053073470047597,0.16148718861377218,0.1572892713775488,0.15726638516590807,5.127308974080673,4.703516212401378,-0.4466962590567975,0.14335610357090625,0.14042100754329534,0.14051496265617558,0.18627106701097282,0.18410080374881702,0.18378793582513492,2.047416157735597,1.981876490752553,-0.06690958462982889,0.09379236865769891,408,375,1.0226975716650486,0.002506611695257472,0.16479070484638214,0.2722401060163975
680,1.5060852913639735,1.0,0.8965327811219115,895.0538352876227,0.5760331412145439,0.454838228496369,0.4435435704256562,0.4441915096763296,0.3747810648996146,0.36901300702039364,0.3691131136585989,2.4832253234411237,2.3407704438643986,-0.14608243561091502,0.37725433299664907,0.37171893402170086,0.3717208111758342,0.3560875356903162,0.35262691100966864,0.352389797772052,1.4672857249852636,1.4667881417982276,-0.0005049928754090905,0.14057831613021976,318,254,1.7353668827563524,0.005457128562126895,0.15774399042129517,0.4707177672535181
681,1.258992758505666,1.0,0.8767213351844076,645.347282741662,0.4948538402417586,0.2238609812486205,0.21771741920865675,0.21803736582766278,0.26821561083521195,0.2646304027952368,0.2645039540323862,2.7443648311094875,2.601442818876058,-0.1469549933895721,0.18865983876401576,0.18408102221779796,0.1842923945621368,0.25879914820369854,0.2559913308515818,0.25586456960199877,2.427022399793947,2.31498353358711,-0.11482571195675043,0.12076687019271592,299,340,1.6343336291611195,0.005465998759736185,0.16921287775039673,0.69405004568398
682,1.28846333161838,1.0,0.8813078553564939,695.7411713481965,0.5136475468011932,0.22064627073774556,0.2137657971035735,0.21412604390335122,0.2555076426323522,0.2519511439582578,0.25183208387656464,3.118327634166102,2.9550587066772236,-0.16852405981635057,0.2468348489599138,0.2432054854207332,0.24327354948052068,0.27650057432370473,0.27330503662750566,0.2732425369907911,1.470361075218364,1.4427863384766566,-0.027986235454245494,0.1253533903648022,346,350,1.2531784065067768,0.003621902908979124,0.16044941544532776,1.012467016465962
683,0.671878616042814,0.671878616042814,0.7011401815620699,1234.0415431197157,0.6519622949386045,0.5197430924099897,0.5170827302715847,0.5162561400341515,0.3169667635455313,0.3159711621185406,0.314437521692038,0.5118609900266764,0.6708992243974959,0.15985647731824246,0.30789257947320015,0.3045006251651396,0.30431850896371737,0.252163212796745,0.24988069654343248,0.24902952736485806,1.1016680927692826,1.160817358962648,0.0598081535377654,-0.0548142834296218,411,591,1.1144219767302275,0.002711488994477439,0.13713917136192322,10.097438814118505
684,0.9407142844031008,0.9407142844031008,0.8585662885478609,822.8753063677749,0.5553795402217889,0.21081981653849208,0.20627118993555635,0.20628787645069088,0.1999755981308929,0.19715748399752553,0.19643633991067422,2.1575896790068727,2.1496746189292604,-0.008089600462259103,0.2547654397621108,0.24942259236553563,0.24948933403071627,0.24990667372647596,0.24617625801517368,0.2457545944831679,2.09716333642589,2.0709660369637013,-0.026758468247667838,0.10261182355616916,500,254,1.3385280286893249,0.0026770560573786497,0.10389939695596695,0.5332895405590534
685,0.4567597697535699,0.4567597697535699,0.629005427621321,485.5284982649101,0.4243024338026285,0.20378200052406983,0.20404532537927977,0.2032370813800277,0.25290314717321555,0.25309825059821134,0.25198284468442567,-0.12921889790695087,0.26740298095060694,0.39611002984249644,0.322304950441587,0.3234899107764226,0.3221540939359059,0.29528585513824324,0.2952843403562939,0.2939656784793156,-0.3676519188464396,0.046805519268150714,0.41293925900518746,-0.12694903737037078,457,416,1.9794868044555187,0.004331480972550369,0.18611416220664978,0.5176897644996643
686,0.8898941681392439,0.8898941681392439,0.8218167655043976,637.3346274759011,0.4917309727060535,0.2197818850742277,0.21666512490959228,0.21663519284685698,0.20062368845731182,0.19919017008505294,0.198359610865318,1.418115129726355,1.4317341150786695,0.01381489648958927,0.25587988118001476,0.2568111303360512,0.25589563034640406,0.23820455341818278,0.23774524233313002,0.2367608354013107,-0.363939967355731,-0.00615490608979173,0.35648766019180994,0.06586230051270592,397,205,1.2805071417242289,0.0032254587952751357,0.24527010321617126,0.21387953869998455
687,1.2182360391360314,1.0,0.888162495041604,778.7605822169586,0.5417350907297341,0.2825155321252185,0.27550000538421443,0.27579949129895265,0.254619155096273,0.2544934291389306,0.25370313927385013,2.4832357669788627,2.377228882158995,-0.10870631901460491,0.2731908872057324,0.26800266887010016,0.26816008950319836,0.23907281105082165,0.23860908789492555,0.23796979632963203,1.899118374224966,1.8414954298038166,-0.05873845725562732,0.13220803004991233,364,389,1.9338473826646805,0.005312767534793078,0.13303036987781525,0.553532661870122
688,1.1837854629815463,1.0,0.9266677843194906,1533.5791532460914,0.6995142087806977,0.45354560381952236,0.44039289546961735,0.4407038546130418,0.3386878964414767,0.3325365012579631,0.33240419978909286,2.89997482924315,2.8314130041905634,-0.07060948226534039,0.3353782487291935,0.32288455672132216,0.32330823851951696,0.26926588407501517,0.26324175668340266,0.2631329419260719,3.725254113888449,3.598924574092651,-0.13121773382319796,0.17071331932779887,464,292,1.6200722008943558,0.0034915349157205945,0.10475491732358932,0.18014994263648987
689,1.9783796923766903,1.0,0.888325272818403,780.8559352536254,0.5424020882914526,0.2971847824961609,0.2827055335829715,0.2838367003615798,0.22676158375679834,0.22105978548420066,0.22100971333924593,4.872136719643933,4.491509296830682,-0.40012190927855273,0.2713815395701148,0.26562997196262716,0.26586524308653336,0.2614331115805417,0.25860259377591727,0.25833439292731486,2.1193658259137558,2.032671968889109,-0.08857100054179935,0.1323708078267113,508,452,1.9595442786812782,0.0038573706273253507,0.3532520830631256,1.8076338022947311
690,1.6219393782846387,1.0,0.8788750046872313,668.5352044781263,0.5036787077106527,0.1857719990474277,0.17636431326986418,0.1770575012678271,0.22415392097714268,0.21747021230447255,0.21767610434587362,5.064103215663694,4.69096409808013,-0.3930432325627212,0.2488060835851102,0.2423444560543876,0.24260354563375058,0.25786553404452917,0.25319415141046026,0.253113320334349,2.59705367232801,2.49292053553742,-0.10690963745621916,0.12292053969553962,456,409,1.8676978684961796,0.00409582865898285,0.18221920728683472,0.9490809682756662
691,0.9731454111482242,0.9731454111482242,0.8461985681628579,468.30686583697786,0.4155058245665819,0.1779568338164442,0.17517766909915575,0.17522288076488987,0.2056837739935076,0.20237890253981464,0.2021611316075765,1.5617072172429498,1.5363012439153068,-0.02580903488819274,0.20152032609641463,0.1969587709831411,0.1972386792640487,0.2024269396419362,0.1993017977023721,0.19903268299812663,2.263570728389508,2.124672441388087,-0.14211516426021828,0.09024410317116616,345,275,1.3273313352838159,0.0038473372037212054,0.1058298870921135,0.3536135256290436
692,0.5439521601470158,0.5439521601470158,0.6837091642429368,340.54116515969014,0.340776015627215,0.02081193096195094,0.02062419867432614,0.020221741762225603,0.09162886400891676,0.09288144108521416,0.09115023722170384,0.9020416604687804,2.835821437253171,1.9513820558833712,0.024205352577830064,0.02341924369325982,0.023172113657770606,0.0968834998557532,0.09703003731993405,0.09561832248370512,3.2476654989535225,4.26863817305356,1.0552434516078724,-0.0722453007487549,454,493,0.630795007571578,0.001389416316236956,0.06398268789052963,0.7373851630836725
693,1.0431127571088588,1.0,0.8911898311059346,818.7558071460085,0.5541398907775099,0.6169482453008466,0.6113708230173582,0.6114797905426609,0.2878424641771712,0.28882079504701047,0.28808569550000185,0.9040340621713879,0.8863717175367074,-0.01782347491901102,0.602722580222918,0.5853589417869436,0.5867491219885606,0.29736586712332647,0.29607274464692696,0.2956414075156984,2.8808674182328566,2.650217323606768,-0.23749192202874997,0.13523536611424292,305,218,1.8788587804883718,0.006160192722912694,0.19133788347244263,1.3317457968369126
694,1.0724612444941903,1.0,0.8997292826375161,944.5877303653964,0.5891311129332057,0.34733594393900835,0.34055363574541364,0.34069927685849855,0.2630287154756997,0.2592325247701773,0.25885703673063865,1.9526652256829697,1.910734318264278,-0.04276598391502149,0.14792599837202094,0.1433474488797579,0.14334063980834366,0.22346908814231173,0.22053932767746248,0.2201897673656357,3.0951621369141615,3.0997651624060754,0.004750047152875183,0.14377481764582434,305,370,1.2012197896838188,0.003938425539946947,0.0986759215593338,1.586077542975545
695,1.3762732490261256,1.0,0.8727852883063265,604.9976612509432,0.4787255104284426,0.29529365814787834,0.28864425936354193,0.28906889357165017,0.33016041160060067,0.3267672576407407,0.32665111950575393,2.2517919368950654,2.1079912840901267,-0.1471133391131862,0.13007958248678728,0.1283562251248271,0.128337389672417,0.1699238333817355,0.1685434875954063,0.16826978668662476,1.324848472768748,1.3393284180837766,0.014674358327215236,0.11683082331463479,337,439,0.6352333053946495,0.0018849652979069718,0.09176402539014816,0.6182734528556466
696,1.2440613573328023,1.0,0.925974411261944,1513.0441513167327,0.6966730461365092,0.9119628549129425,0.8978423742169114,0.8982372345522354,0.49575219685282246,0.4907020149346072,0.4906372370531143,1.5483613855499714,1.5050635326608117,-0.04397880370353211,0.32146186231164625,0.3194419126049464,0.31928326668816476,0.2637008280516434,0.2632593182716413,0.2629360477230914,0.6283637169816302,0.6777151130199763,0.049663463221828595,0.1700199462702523,289,304,1.461872911080718,0.005058383775365807,0.16042940318584442,0.4212358621880412
697,1.3677080267255837,1.0,0.8913372735414504,820.7606340277907,0.5547440503066354,0.2703534477420409,0.2614208194286969,0.2618929251165745,0.2907749273482364,0.2854281708519242,0.2853100436511052,3.3040556308596174,3.129430268460649,-0.18059223014807055,0.0985406042750764,0.0957580609386685,0.09574540900133907,0.19230756229561027,0.1900884155897883,0.18983072027022502,2.823753067964168,2.8365923816892056,0.013212399254333467,0.1353828085497587,263,348,1.2390319239348173,0.004711147999752157,0.12557263672351837,0.8826875630766153
698,0.6389944664201116,0.6389944664201116,0.6816576533359295,1147.229959077653,0.6352326655535327,0.3115506933120175,0.30955066050016766,0.3086261132191992,0.2437237850181273,0.2439361414467902,0.24191140335556985,0.6419606358721277,0.9387172474976188,0.2986739810131879,0.2947301567009372,0.28762912831839454,0.28846448884550585,0.24456427293672797,0.24229311775801046,0.2409869266596167,2.409332136903822,2.1258998147885975,-0.29042973915583187,-0.07429681165576218,492,417,1.9688420481979847,0.004001711480077204,0.18270252645015717,1.2022466510534286
699,0.633460394147369,0.633460394147369,0.6717042698075341,1451.2512765769554,0.6877899852902346,0.6511916664149764,0.6487623496457255,0.647552894504361,0.3585798104166526,0.35568136778986953,0.3548559159613182,0.3730571035444955,0.5587866212490062,0.18642498937013804,0.202139664769876,0.20057910299410814,0.20003918074703986,0.22532375440352267,0.22444337444345822,0.22340019843394265,0.7720215513093196,1.0391251144239364,0.26918170388075796,-0.08425019518415766,315,381,1.160718330182135,0.003684820095816302,0.23691411316394806,2.0800997838377953
700,1.6364397176341463,1.0,0.9485928935941192,2468.6150053472666,0.7893544481191566,1.914182078640331,1.878994539261138,1.880048483474086,0.648874769406576,0.6405561813009881,0.6406433857409914,1.8382545616656867,1.783194793595104,-0.05609086087937517,0.6282248478978529,0.620080513686141,0.6202057209150839,0.2666713449892223,0.2627871991164457,0.2627186082155544,1.2964043429616365,1.2764740219369606,-0.020192092184693276,0.19263842860242752,362,518,0.7650945363566279,0.002113520818664718,0.0609651617705822,1.8635252816602588
701,0.3199318692630889,0.3199318692630889,0.5059637849425662,885.2581960301038,0.5733434058191086,0.3554205697505233,0.35741995250913594,0.35504444756585835,0.28843636339336065,0.29304999192591885,0.28914855254693855,-0.5625399677953566,0.10582454046735008,0.6646257229349488,0.3530381415851008,0.35463129067845367,0.3524186197249424,0.2816947942165787,0.28696369001909877,0.282706781726893,-0.4512682641597421,0.1754829824836542,0.6239356231871653,-0.2499906800491255,313,416,1.7608145996928215,0.005625605749817321,0.2729746103286743,4.410048400983214
702,0.8693227148553091,0.8693227148553091,0.8188357758040951,820.4953839905482,0.5546642105532181,0.13549982936271748,0.13169906196930942,0.13162430876680553,0.2105079038079247,0.2075360105511505,0.20691931386819556,2.8049979186570404,2.8601664032636,0.05676061878201203,0.14664685843211017,0.14422662294486624,0.14399314067889812,0.22038496076338723,0.21952213999406406,0.21876742041256947,1.6503834539110669,1.8095974108034376,0.16188569156012853,0.06288131081240333,399,401,1.4220235496759415,0.0035639687961803042,0.43709975481033325,0.7622463908046484
703,0.8739060963001819,0.8739060963001819,0.8228067132553969,861.8545073931335,0.5667768009826005,0.15587003162218804,0.15182813097952697,0.15175630692971198,0.21743124367201053,0.21472471597813758,0.21405391220776537,2.5931223600815096,2.639201807854432,0.04730615423611359,0.2140019864201333,0.20923098680235913,0.2091946107880862,0.24441195622480946,0.2406705153501543,0.24026393410354183,2.2294183795133726,2.246416359243106,0.0173855769782713,0.06685224826370517,541,630,1.470726323314011,0.0027185329451275622,0.18068529665470123,18.60615834314376
704,0.7994950551713572,0.7994950551713572,0.7862853696596764,1512.608311163841,0.6966121621876864,0.5161597506206509,0.5104776977709033,0.5100979924739638,0.2943443716491692,0.29264086286750257,0.29118283227162106,1.1008322215971351,1.1743957446116597,0.07438234786702551,0.5392271124315362,0.5238272283005491,0.5256267852687339,0.3122149438618668,0.3084198766491494,0.30749332254269934,2.85591799372707,2.5221890459985237,-0.34354017335507486,0.030330904667984715,429,407,1.9183743707835674,0.004471735130031625,0.17801906168460846,0.42295487225055695
705,1.054348661556327,1.0,0.9064364826330747,1059.5261065482052,0.6166145085844745,0.29077543057098443,0.28340854717934055,0.2835342917215914,0.30023352260897596,0.2966843588422919,0.2964099468103763,2.5335302151140526,2.4902856596837957,-0.04436864854723931,0.1516782572036685,0.1463605067208859,0.1463742735531177,0.24270816784899854,0.23939366200375192,0.23911814294731398,3.5059411815644106,3.496864842947666,-0.009406111348080845,0.15048201764138303,478,545,1.5404592491686344,0.003222718094495051,0.16618430614471436,7.822555872728117
706,1.4078444001645292,1.0,0.8662028018476237,542.8234792266427,0.4517531404628181,0.2305379316757462,0.22435692555626832,0.224789392923724,0.21262265191223034,0.21051424774847316,0.21012047568955092,2.6811232644229377,2.493532717256956,-0.19275864401484985,0.38901817948263867,0.38007899849008453,0.38074171243575133,0.24394252893671248,0.24066319437410044,0.2403828510429794,2.2978825833904466,2.12752706258981,-0.1743621584721927,0.11024833685593194,415,352,1.1106576062738895,0.002676283388611782,0.1231173500418663,0.8591218441724777
707,0.9916392368905436,0.9916392368905436,0.8776174193521101,702.9169167926856,0.5162105017656048,0.19290927993996052,0.18857477341064321,0.18863177640597148,0.19137517243833443,0.19009918351434255,0.18930044827959128,2.246914472267138,2.2173653519002974,-0.030228324975437794,0.18134620624742007,0.1781872508642767,0.1781722897282954,0.19558962365161084,0.1945153240968659,0.19382808553190556,1.741947321927122,1.7501973627142324,0.008396299908507652,0.12166295436041841,290,311,1.7743906183168292,0.006118588339023549,0.24014681577682495,0.9077473469078541
708,1.2095983268489383,1.0,0.8740760847877218,617.952042657953,0.48401467288475,0.221268545452833,0.21576862402569366,0.2160346442739324,0.27742982708122776,0.27347512269265073,0.27342830559091535,2.4856318442748297,2.365406781243696,-0.12328958829855781,0.23543695277886445,0.22924547052336072,0.22956297453383157,0.2795383557551178,0.27651481572467895,0.2763837126403159,2.6297835502989684,2.4949262109037122,-0.1384995785286358,0.11812161979603009,284,325,1.2906259410083294,0.004544457538761724,0.19292348623275757,1.2453666105866432
709,0.5837192835320623,0.5837192835320623,0.6392479049733151,1384.560613339133,0.6776000061621075,0.6645438169099155,0.6630899434582365,0.6616120385157954,0.3259520539189038,0.32303862318788396,0.3217164170136845,0.21877766592418793,0.44117157055988276,0.22288151962210043,0.7550026022050423,0.73694702972912,0.740772947741714,0.3559916409577113,0.35175838854197833,0.35050217985435234,2.3914583106322693,1.884715949556938,-0.5191578035127322,-0.11670656001837665,417,339,2.2106806114315987,0.005301392353552994,0.22131231427192688,0.5354383382946253
710,1.156277003634041,1.0,0.8884386836706013,782.3194279071449,0.5428668001420277,0.3152486900996235,0.3088090672565621,0.3090412023732134,0.373472214598463,0.37013025813701306,0.37017132323064167,2.0427120065197912,1.9690764534020402,-0.07517108183175898,0.27159113316946554,0.2660680759392203,0.2662047243830445,0.3197106670837825,0.31695388689099474,0.3168202536681267,2.0335926161473656,1.9832785862931965,-0.05135845153229754,0.13248421867890958,404,388,1.6064988691359758,0.003976482349346474,0.2793411910533905,0.1325470209121704
711,1.408954279727472,1.0,0.9620302007529276,3575.379574418564,0.8444151037396374,2.8282474026555446,2.7874856054723978,2.7882142767237132,0.5541975389285645,0.547639213631187,0.547392340828254,1.4412387383393028,1.4154746821032287,-0.026140807682915154,1.3565086659440835,1.3216103217726967,1.3224748960293522,0.33623827739492385,0.33216350269058553,0.3320108352218306,2.5726591394164644,2.5089238844666686,-0.06541824336661278,0.20607573576123583,237,206,0.8208902943879366,0.0034636721282191416,0.1642942875623703,0.45518362428992987
712,0.7969153245561549,0.7969153245561549,0.7792230492589727,866.4028423507043,0.5680687494035963,0.16838223869019042,0.16515566482488672,0.16493327000837055,0.17849092415118212,0.17711018872544534,0.17604033749565814,1.9162198402886974,2.0482972008500826,0.1346576980886356,0.1905026481053028,0.18766868790508684,0.18740325176439748,0.19072031498608946,0.18787819586691382,0.18708648591677707,1.4876224705545529,1.6269570904820583,0.1414386937173029,0.023268584267280956,393,422,1.6355437003076077,0.004161688804853963,0.14398601651191711,1.3561179414391518
713,0.869266138630988,0.869266138630988,0.8007730091109363,431.06655771602186,0.3955333345610522,0.19451875021499695,0.192522233517466,0.19248871179454588,0.26866122514679824,0.26684303477650767,0.26658780585665326,1.0263877879763523,1.0436209456452508,0.017411870986360687,0.14502214685176312,0.1461909384562839,0.14553228953970512,0.2101022923593859,0.2106506018764109,0.20991915830306798,-0.8059400787353325,-0.35176881532684195,0.4505401795308453,0.044818544119244574,357,463,1.2382773980498314,0.003468564140195606,0.4258173406124115,0.30543691851198673
714,0.6896783672000937,0.6896783672000937,0.7324854118260017,361.1718718382828,0.3541103647877293,0.12935459890070147,0.1284953463052659,0.1282813759969727,0.15515469518711228,0.15560240915062828,0.1546435840555977,0.6642613426486432,0.8296751045957216,0.16651988919884758,0.11791497581366397,0.11458181808231517,0.11495209550217875,0.15525303836121204,0.15580537312597453,0.15485660750099906,2.8267467370862644,2.5127260477645703,-0.3231554762009193,-0.023469053165690035,268,327,0.899745861068368,0.0033572606756282386,0.1192665696144104,1.1305559389293194
715,1.1769034618044647,1.0,0.8762192996841112,640.0579847678663,0.4927967016004826,0.20068403137663224,0.19524983679449098,0.19548712953598793,0.22681650895006253,0.22333457670181547,0.22307388842392425,2.7078360669079204,2.5895941022288222,-0.12153287572102212,0.3650822847071992,0.3563593847448473,0.35679626248142965,0.278798981154339,0.27522579319448126,0.2749553273437722,2.3892969688594468,2.2696314153986057,-0.12259470503215639,0.12026483469241944,347,321,2.0940313786268234,0.006034672560884217,0.2529185712337494,2.559353766962886
716,0.8090667695320064,0.8090667695320064,0.7783134190732872,478.952719204976,0.4209750315884712,0.13778661284060922,0.13592994555078317,0.13582328614813033,0.24906624028716418,0.2468720227544532,0.24670945970706584,1.3474946887429773,1.4249038074185483,0.07846644992069753,0.08402028475352691,0.08257468836995215,0.08248489491664264,0.20988956911711237,0.2078624635227873,0.20773504667848025,1.7205325925940533,1.8274037530202698,0.10874210376333723,0.022358954081595495,334,304,1.6513015925884247,0.004944016744276721,0.16824176907539368,2.100139182060957
717,1.3613700076093314,1.0,0.8904578390388488,808.8825590786295,0.5511404830355862,0.37868987927342435,0.3699508267941371,0.37041331057205773,0.26709150185684116,0.26139346183560824,0.2613392708173006,2.3077069015032783,2.1855795875101034,-0.12501222984912644,0.5634019897175564,0.5494201344298587,0.5501516986741808,0.309244142769477,0.30330936196315894,0.30315116906804085,2.481683689954138,2.3518360398439873,-0.13315206314403372,0.13450337404715706,398,289,1.5377971846610308,0.003863812021761384,0.3975587487220764,0.17932555079460144
718,0.5813234694798248,0.5813234694798248,0.6900249558850958,399.556275331612,0.377536123603646,0.08857782651635704,0.08817027455766745,0.0877606501335783,0.1977536623978371,0.19735797569836241,0.19655621601859596,0.4601060724992302,0.9225518562795622,0.46458336003165857,0.3283996117641369,0.3192566288159056,0.32117429681593235,0.3065367122669945,0.30381818242748765,0.3038854319628131,2.784102849304817,2.200159406215717,-0.6006666195590674,-0.0659295091065959,338,210,0.6082564890384674,0.0017995754113564123,0.09006927162408829,0.20088844187557697
719,0.9081993870101086,0.9081993870101086,0.8174243417251006,446.097166376162,0.4037564991886752,0.05105260885914095,0.04876863597807413,0.048768112141508134,0.1490632173440184,0.14631418420683687,0.1459500227992514,4.473763304375922,4.474789376456674,0.0010741259325661972,0.06162814289920057,0.060205715199433615,0.060080985470121466,0.15380064564218535,0.15267732825759497,0.1521073276162228,2.30808139406941,2.5104722555239865,0.2071725730671542,0.06146987673340887,503,605,0.9519499028101563,0.001892544538389973,0.12190231680870056,2.646937033161521
720,0.7051610073488874,0.7051610073488874,0.7451201983923389,178.614382776054,0.2133004347832114,0.03390536225251472,0.03344574070553832,0.03335015475234662,0.12417101613253147,0.12332740734632767,0.1229955342612572,1.355601345749705,1.63752121576851,0.2857940986663999,0.05545720323766791,0.055379207440547154,0.05517128658731691,0.11775454369566746,0.11761342064722982,0.11710057162626977,0.1406414181878162,0.5155626927771174,0.3754493118260297,-0.010834266599352826,325,475,0.6792016942054033,0.0020898513667858562,0.10274078696966171,0.6893001804128289
721,1.019020412521095,1.0,0.8522727767644243,429.5185489809524,0.3946735258625137,0.07360535293723207,0.07080923495512344,0.07088315676837602,0.15460365171923054,0.1494358879520469,0.1495250306774535,3.7987970582697397,3.698367116284924,-0.10439572366433583,0.04162089448257593,0.040174924281413324,0.040110959432601144,0.14042096270754337,0.1381532966346357,0.1378869860944605,3.474144943636285,3.6278294081519578,0.1592158540589282,0.09631831177273253,382,544,1.2858070395886898,0.003365987014630078,0.15929362177848816,2.128856036812067
722,0.8976700430435279,0.8976700430435279,0.867775883515228,2464.178965624452,0.7890552334524202,3.068559682605805,3.0562687665496284,3.0561207551041742,0.46627468867938704,0.46302258173313776,0.4621023464491688,0.4005434903498113,0.4053669730506101,0.0048428805435614345,4.338430468919669,4.396468754710232,4.383631428871208,0.698003247520383,0.7043805793822303,0.7017545673064278,-1.3377714868625046,-1.0418735594671116,0.2919917450856449,0.11182141852353633,114,209,0.6757716313004494,0.005927821327196925,0.1485726535320282,0.49475213047116995
723,0.5762561235087751,0.5762561235087751,0.6979177703524259,314.25527462568306,0.3229673360384534,0.027689721101734944,0.027389150548916108,0.02706444745991753,0.11312142302016091,0.11157356408955582,0.11097016487750601,1.085495053252823,2.2581435165782033,1.1855171938197557,0.026165464741604503,0.02584296912429758,0.025549862658372943,0.10972041693635023,0.10947791274711866,0.10846816193739627,1.232523941354414,2.35272749523428,1.1341826262875425,-0.05803669463926586,172,148,0.5593316294252872,0.0032519280780539954,0.10384364426136017,0.044212265871465206
724,0.0353009025866031,0.0353009025866031,0.0586931222672344,19636.213736910377,0.9675402705253232,5.433903137757745,5.54835390536961,5.433817064581462,1.1000961868278605,1.135864351420377,1.1011378744870615,-2.1062349605865904,0.001584002771126222,2.064339130878093,2.7247906990163626,2.7821833051402756,2.722627514642272,0.6915871547839645,0.7268143362862642,0.6925201350434436,-2.1063124644631026,0.07938901049799812,2.140613466696105,-0.6972613427244573,321,313,0.8252865429967642,0.002570986115254717,0.07980123162269592,1.9982931315898895
725,-0.0216701270634099,0.0,0.48010642826254,378.50007776846434,0.3649003339535581,0.06595342572967319,0.06842999837244593,0.06654995956254356,0.11769650054899043,0.12315508986459402,0.11895623218317943,-3.7550326088042705,-0.9044774039720258,2.747389821156836,0.07129790376052955,0.07350833128396413,0.07172571168038862,0.13503143412388235,0.1392605293840134,0.1358152558033462,-3.1002700035316675,-0.6000287488057962,2.425057911720528,-0.2758480367291517,193,254,1.0915405824780464,0.005655650686414748,0.11218295991420746,0.2659849589690566
726,0.8008105297849246,0.8008105297849246,0.7868604461681165,1459.48394392634,0.6890034005187027,1.3111435992644382,1.3056370251827472,1.3052756520649869,0.3652103566509659,0.3621118208733101,0.3613519269526756,0.4199825316449179,0.44754420513079946,0.027677915897775577,1.334041840789868,1.342215847640198,1.3380557088572718,0.41735977812154296,0.41922808495277336,0.4174349682134092,-0.6127249236418452,-0.30088022314406754,0.30994558663871435,0.030905981176424735,112,235,0.6413706075400114,0.005726523281607244,0.10499484091997147,0.2811576798558235
727,1.4690214807922282,1.0,0.8977404023630906,913.403509203229,0.5809814851419915,0.44358742859375916,0.4324858379223648,0.43309521421845487,0.2728209883840389,0.2725406133228346,0.27197939697940776,2.5026837903382746,2.365309226315595,-0.14090086718619452,0.7899509196479548,0.7665826620963946,0.7683048324861584,0.33098118692626144,0.3283145445185882,0.3279901622718401,2.9581910686266957,2.740181272457163,-0.22465553617586245,0.14178593737139888,372,313,1.7169326767325401,0.004615410421324032,0.20230408012866974,1.0029063886031508
728,1.9828221521329736,1.0,0.9179258268312278,1300.0657411448208,0.6636931990336229,0.4456288079159964,0.4214495198340337,0.4228197742613721,0.322212599239245,0.31754384154797466,0.31746982563376797,5.425880834553365,5.118392987493733,-0.3251289568150431,2.917095735426311,2.8362083019944873,2.838865806765236,0.8041455869869932,0.7885107230043127,0.788906451159478,2.7728755162025163,2.68177446873002,-0.09369920992333558,0.1619713618395361,429,375,2.4010145403444767,0.005596770490313465,0.16712839901447296,1.541633315384388
729,0.7201872682174629,0.7201872682174629,0.7375967270722009,694.6523193278728,0.5132562676177653,0.16906565577664118,0.16714721311466887,0.16680744931643188,0.24022312778463287,0.23806263288959642,0.2375918497619589,1.1347323341097897,1.335697927432819,0.20327218857301993,0.22060515615177867,0.21902132940830582,0.2185090517917588,0.2832152077654048,0.2807030424775025,0.2802778245025817,0.7179463848900974,0.9501610916916741,0.23389393988747587,-0.018357737919490802,350,392,1.4709378387778997,0.004202679539365428,0.08650260418653488,0.6250828057527542
730,1.6756704277877197,1.0,0.8622085594049784,507.992183906908,0.4353863487388507,0.16520923780772492,0.1577183765272883,0.15837206629660322,0.17750186028474968,0.1731173999186232,0.17302823066098014,4.534166115550212,4.13849225494218,-0.41446645832157003,0.15707966255475475,0.15546502164240322,0.1554505553243819,0.19985285750015025,0.1984056772225176,0.19829128426332912,1.0279121345761089,1.03712167691026,0.00930519152700298,0.1062540944132867,421,457,1.6331083811819553,0.003879117294969015,0.11852908879518509,1.5201141107827425
731,0.6340978799186157,0.6340978799186157,0.7000863634477048,557.7368794037419,0.4584742097481512,0.08215371098125243,0.08121562984187271,0.08076256697870428,0.15116330303906583,0.1529626503665416,0.15088667736676392,1.1418609435595606,1.6933428641654589,0.5578518125766502,0.07577956526397803,0.07516088787706315,0.0746756154356011,0.14591880087950157,0.147031989226224,0.1452803866321011,0.8164171762660701,1.4567909231615694,0.6456449027794772,-0.055868101543986914,470,349,2.2390472227707505,0.004763930261214363,0.20424580574035645,0.36185405775904655
732,0.8856343669874892,0.8856343669874892,0.8211558192885194,666.1545003631096,0.5027868875081403,0.17061220236231942,0.16739009633854615,0.16735282310719332,0.19989591682644853,0.19774623759180238,0.19695389370249036,1.8885554369262876,1.910402192807016,0.02226728591961921,0.2587196335446094,0.2518579796770576,0.25246857829318764,0.23860204097074011,0.2354249585077344,0.23491434887698195,2.6521581580582745,2.4161503190842866,-0.24243766940121877,0.06520135429682772,473,468,2.073075939901173,0.004382824397254066,0.17564018070697784,1.1520458925515413
733,1.0113290855190489,1.0,0.8894426367894134,795.4057195247938,0.54698059439267,0.0986984146913498,0.09359714438253439,0.09367061105793925,0.1930561077344067,0.18742497327466787,0.1872033635844969,5.168543309199168,5.094107792038522,-0.0784924325304249,0.12214299128862195,0.11970978692128419,0.11947520248227698,0.18970344408194012,0.18790510160602508,0.18726615217739642,1.992094954992663,2.184152179506579,0.19596095276775813,0.13348817179772166,486,646,1.4560551969334483,0.002995998347599688,0.0911986455321312,1.8023478481918573
734,1.0120718280656271,1.0,0.8736731811848191,613.8800982900913,0.4823637367064297,0.11978629794702673,0.11584350866165002,0.11591668817887663,0.1504761471157274,0.14888990361856122,0.1482833614113406,3.291519441664635,3.2304277154148067,-0.06317101240462297,0.2831442153623368,0.27365831933993573,0.27419352927366486,0.22860097227157872,0.22447035694913395,0.22405251091630418,3.3501994770622696,3.1611756847011128,-0.1955759777448234,0.11771871619312735,426,487,1.5830319495871663,0.0037160374403454608,0.10038053244352341,4.837716594338417
735,0.7353563943842149,0.7353563943842149,0.7495718637494404,295.7808858227791,0.3098640335728596,0.05970123009066946,0.05882808737023225,0.05869854938333082,0.14764078106141063,0.14702910183722476,0.14639776667504842,1.4625204859450145,1.6794975678320976,0.22019751566319917,0.11432095150403168,0.11247450951358849,0.11244045612766591,0.1814736178112204,0.17974823769759182,0.1793668206004137,1.6151387529153594,1.644926281338246,0.030276536496888353,-0.006382601242251318,407,422,1.2346704481169581,0.0030335883246116906,0.13645125925540924,0.8223557714372873
736,0.6503261432779661,0.6503261432779661,0.7001239851895888,738.5747133951081,0.5285559677206173,0.38379774359653923,0.3824051702448019,0.3818503129296442,0.4395131777528741,0.4399361223178139,0.4389431227784132,0.3628404218033217,0.5074106607938306,0.1450967084996518,0.340442927474922,0.33298097942598653,0.33432806059929154,0.25660458874925374,0.25766218132796936,0.25605083212129615,2.1918352377830295,1.7961503624071886,-0.40455198841302953,-0.05583047980210287,304,297,1.3022459149360657,0.004283703667552848,0.13038495182991028,0.3579671010375023
737,0.5810759483305112,0.5810759483305112,0.6564817429049131,869.026217204393,0.568810417574062,0.5538746601847943,0.5529909414826579,0.5520654793155063,0.34890284248573,0.34774642494461483,0.34696214160882516,0.15955210910740775,0.3266408448229654,0.1673557553529359,1.7991145552430252,1.7981413776224686,1.7949835408567205,0.6407589862768636,0.6393258703534108,0.6381923436983902,0.05409203197876083,0.22961374940055884,0.17561671206985088,-0.0994727220867786,195,173,0.6373461615294218,0.003268441853997035,0.08270802348852158,0.23125270195305347
738,1.3674879589558055,1.0,0.8796361515175309,676.9287039519165,0.5067975798927384,0.11645220960926506,0.10908682354978974,0.1095238792546962,0.18518266594829694,0.17860701103759358,0.1787183139312051,6.324814345892254,5.9495052758686615,-0.40064940080226646,0.3138417192177436,0.3060355428104849,0.30644656875379206,0.2829354176306206,0.2783615066568045,0.2783084071856175,2.4872972359174446,2.356331236772508,-0.13430660358352403,0.12368168652583922,432,557,1.6970626907423139,0.003928385858199801,0.13360945880413055,5.7442847192287445
739,0.8679251919844106,0.8679251919844106,0.7909145246815619,299.0576218951552,0.3122249951288023,0.09332261087807825,0.09194253320210273,0.09192094051254901,0.14640456397372653,0.14557758319643546,0.14508976288625694,1.4788245452953817,1.5019622279540144,0.023484984371984527,0.2542155163793811,0.2492201285992048,0.24953573976258103,0.21215862154073983,0.2125244769892295,0.21125988426312395,1.9650208025545477,1.8408697798824236,-0.1266395154958722,0.03496005968987015,331,441,1.4943513041362166,0.004514656507964401,0.12380257248878479,0.7392130251973867
740,0.4568047645709709,0.4568047645709709,0.6235933202031528,522.7907124119025,0.4424578884832164,0.20746775796508019,0.20775099682599157,0.20687481799961846,0.20603971280117492,0.20797453576070576,0.20584918520395556,-0.13652186907956182,0.2857986085536845,0.42174470388076424,0.21455069786286388,0.21500614100818194,0.21405150873829737,0.214677212683662,0.21679763436037383,0.21464102860288775,-0.21227763407657255,0.2326672108452324,0.4440023272861969,-0.1323611447885389,339,373,1.5452098762616515,0.004558141227910477,0.16777870059013367,0.918537138029933
741,0.6483811026175335,0.6483811026175335,0.6853879757216224,1256.173759874731,0.6559847876152395,0.5880657635172419,0.5857279092180067,0.5847647107905382,0.3337320283746898,0.331876511158136,0.330866248443934,0.39754980552727426,0.5613407430760919,0.16444468708251414,0.19137975330654416,0.19144468504895365,0.19047195845170298,0.2213077161315993,0.22132012066777867,0.21997193711600302,-0.03392821930618769,0.47434215958420595,0.5080979902899577,-0.07056648927006937,263,261,1.170729455538094,0.004451442796722791,0.1953754872083664,0.6841382328420877
742,1.123815333501554,1.0,0.9583387733118734,3200.2092792302637,0.8292891255449184,1.4192466824760157,1.3942073033520217,1.3944491866226758,0.5832259899715604,0.5738441613335671,0.5736870027082339,1.7642725139445348,1.747229439358507,-0.01734916106611699,0.35741692300773736,0.3498026128566821,0.34993710504200876,0.23363704775891778,0.23225810012685089,0.2320677448044703,2.130372027988838,2.0927430919566965,-0.03844802193679779,0.20238430832018173,351,382,1.7930675353854895,0.005108454516767776,0.17050419747829437,1.675391304306686
743,1.1375707261779042,1.0,0.9663196024864772,4114.624014945695,0.86199133898362,1.8497893231414255,1.8168854020452236,1.8171537971062592,0.6245660121292156,0.6188728037662521,0.6185379065300877,1.778792897362086,1.7642834038928625,-0.014772261405891206,0.4853311167252342,0.48116219711180824,0.48094753321010514,0.31267599265751733,0.31644815728487813,0.31596862468152237,0.8589846127228982,0.9032150142581524,0.04461362571532675,0.21036513749478547,396,395,1.5340362302958965,0.003873828864383577,0.14428383111953735,2.018251641653478
744,0.4704702869463608,0.4704702869463608,0.5826477612120157,1017.7551330942656,0.6070623772087199,0.47599636704225223,0.476373323908587,0.4746639302558624,0.29232608854989905,0.2923134947948447,0.29025561149552753,-0.07919322340149387,0.27992583108760566,0.3588348815796877,0.12119087709114025,0.12045947693630603,0.11990296312467832,0.1562629822554851,0.15658709182788758,0.15504041426642906,0.6035109014717177,1.0627152780595561,0.4619925520031649,-0.17330670377967605,304,403,1.3506230842322111,0.004442839092869116,0.15698634088039398,1.241920631378889
745,1.162231844576902,1.0,0.9326951382314236,1729.9106204777831,0.724211869861561,1.1050164772803548,1.0906475993309246,1.090933660432249,0.5068569667994356,0.5014049378575731,0.5011991225304827,1.3003315556700663,1.2744440592203754,-0.026228554622037565,0.5274510640939786,0.5267226958510852,0.5263766073586785,0.32914759541869654,0.32866827338704907,0.3283295483985231,0.1380920984858558,0.2037073784552273,0.06570601478401818,0.17674067323973186,374,479,1.361578792333603,0.00364058500623958,0.20929054915905,2.8658230025321245
746,0.7956144684933963,0.7956144684933963,0.7866621240680489,2259.6622191219635,0.7742727273091996,1.2987134887851504,1.2903351418320053,1.2897443031235085,0.49376198923982206,0.49275912935926974,0.4910504616207538,0.6451266599981508,0.6906208135276894,0.04578955415086011,0.5978851188403927,0.5943712870698392,0.5934215802648156,0.28677242647889395,0.2879992899007879,0.28595691191544137,0.5877101904407092,0.7465545528602938,0.15978342589621197,0.030707659076357197,434,511,1.2569348253309727,0.0028961631920068494,0.13447882235050201,4.97685884963721
747,0.8777304849728372,0.8777304849728372,0.8464656131872054,1907.124383495496,0.7432592082540341,0.9976944522669178,0.9886589939802272,0.9884918820853588,0.40255011537052265,0.4021519066564911,0.4006545254340871,0.9056338106482038,0.9223836176145245,0.016902885209755282,0.26106432306490035,0.26091074304179157,0.2603750512201414,0.18152965250302533,0.18312530373101982,0.1821093027972414,0.058828422553394745,0.26402376114319687,0.2053161228261085,0.09051114819551365,319,382,2.3359468542039394,0.007322717411297616,0.26454776525497437,1.8712961385026574
748,-0.3618232772580573,0.0,0.1775254446713563,2146.461292840297,0.7651638387064656,1.8205339812270342,1.8437362477570263,1.8226875090841002,0.6008054723888189,0.5985272909822722,0.5986204272208248,-1.274475882859037,-0.11829100029291602,1.1416350195714104,0.4121492317307199,0.4036779297262576,0.4099223856442443,0.21414079950481166,0.21003095929791984,0.21256018426045117,2.055396771914172,0.5403009189473575,-1.5468905922652794,-0.5784290203203354,239,138,1.03171868622303,0.004316814586707239,0.1904272586107254,0.9411543915048242
749,0.1606303984400807,0.1606303984400807,0.3640345036723535,1269.3204187199242,0.6583304511600171,0.24783223408739846,0.2532352137777563,0.24795618503106823,0.21453903297564633,0.22329500670093766,0.21589591320591536,-2.1800956240633678,-0.050014052500553054,2.0846345450680723,0.19790204558393718,0.19869083442290852,0.19691666388231321,0.1982085871116537,0.2022095526369302,0.19792240494452834,-0.39857538442511775,0.4979138536524252,0.8929302379489896,-0.3919199613193382,368,425,2.0778949689120054,0.00564645371986958,0.1746625304222107,0.9680011365562677
750,0.6851427758826266,0.6851427758826266,0.7304815965806215,370.1188713610687,0.3597268859359723,0.07512159252458016,0.07426210984283306,0.07403677532267053,0.17667380769489316,0.1763215240137822,0.17555345478518403,1.1441220198651552,1.444081741950122,0.30343134694048624,0.12243421351311579,0.12060423756474599,0.12068253833170584,0.1909990060552278,0.18866240446151372,0.18852994215906316,1.4946605984231365,1.430707259962349,-0.06492372783983706,-0.025472868411070215,287,379,1.342812379822135,0.0046787887798680665,0.1742209494113922,0.544538227841258
751,0.639967673168799,0.639967673168799,0.7037996793508114,538.256480391428,0.4496614211083496,0.13950868615299974,0.13856374200378724,0.13813994215292347,0.24937294250002073,0.24815922014649427,0.24752577436325285,0.677337143134,0.9811174040985307,0.30585190955090363,0.17759444662569102,0.1767665403572873,0.17625504085898802,0.27585698053792745,0.27540444111645046,0.2745907594559307,0.4661780163366547,0.754193496560176,0.2893644336000619,-0.052154785640880275,403,380,1.9628976229578257,0.004870713704609989,0.21193675696849823,0.38026767410337925
752,0.971515205515807,0.971515205515807,0.8357398236804829,387.1112258565856,0.3701293588749083,0.10711724877491129,0.10482785446905582,0.10487063920023373,0.17660324843053798,0.17437766641821648,0.17404114708968516,2.137278852882265,2.097336890530507,-0.040814277268780286,0.16975262172482486,0.16891072655057335,0.1686955968368076,0.23100846899459226,0.23017903202770718,0.22968398168127813,0.4959541512214485,0.6226854568000347,0.12736296750303633,0.07978535868879122,451,445,1.4764720797538757,0.003273774012758039,0.1709187626838684,1.7083944138139486
753,0.8567174359167459,0.8567174359167459,0.7964807642671808,443.2100266204191,0.4021943666749554,0.07631822378475274,0.07433522227626603,0.07428824451345263,0.18217600810878945,0.1804838581123657,0.1800427655286038,2.598332888458659,2.6598879934960813,0.06319717810058742,0.15808759941153583,0.1551146249195211,0.15527230376650358,0.22664319952934653,0.22392424395784657,0.22377303778579377,1.8805867778885272,1.7808453386045977,-0.1016531143109735,0.04052629927548912,393,502,1.3122334983199835,0.0033390165351653523,0.16163799166679382,3.026584293693304
754,1.4883932541572522,1.0,0.8612775311503037,500.1615255967426,0.4315713711173874,0.11551232318113436,0.10931178788752582,0.10979717617729753,0.1673231790433179,0.1644954816405667,0.16424016047606016,5.367856106474027,4.947651338355413,-0.44404020751278944,0.2124192457605108,0.20943527409973012,0.2093238690173148,0.20252842291530002,0.2005661046704488,0.19998974693667734,1.4047557932415033,1.4572016448480514,0.05319308454327333,0.10532306615861198,358,258,1.7240933887660503,0.00481590332057556,0.15154290199279785,0.3812602013349533
755,0.9194017449040832,0.9194017449040832,0.8388976503670442,678.7288928022339,0.5074613992952988,0.20159128595339126,0.19802089560171968,0.19802083103237575,0.22231378678265784,0.22119335853194788,0.22046721309435569,1.7711035151078287,1.7711355449367086,3.2607338599784666e-05,0.39644804033262715,0.39092900161244,0.3910255197973076,0.32715725451298994,0.3245418383994615,0.3241580980336439,1.3921215793011839,1.3677758454222548,-0.024689440913697548,0.0829431853753525,265,301,0.6721218656748533,0.0025363089270749183,0.09742289036512375,0.6312596518546343
756,1.17810703646992,1.0,0.8487379994992118,404.0868050818426,0.3801894367965444,0.11244841870676966,0.10901155705376638,0.10920608375161779,0.15708420531629103,0.15347250686980768,0.15323292745288988,3.0563894917593735,2.8833975545773303,-0.17844594014510962,0.1981006487786949,0.19333859281724364,0.1936391582894428,0.23071815141781035,0.22809776086295863,0.22778270562178576,2.403856822685687,2.252133204387524,-0.15546067022598306,0.09278353450752008,434,392,1.4961101757362485,0.0034472584694383605,0.2054046392440796,0.3616414349526167
757,0.7454086591799429,0.7454086591799429,0.7512840578230429,523.6619302572134,0.442868686567859,0.11628401476613744,0.11467214475600296,0.11445939648766601,0.1673034836710919,0.16483312135636896,0.1642659802130589,1.3861492599616225,1.569104990175112,0.18552741713310586,0.14581994706663487,0.14410726069251203,0.1437126327946799,0.20280781383308208,0.20003704457239568,0.19942500596899723,1.1745213248090085,1.4451481531480634,0.2738431748238956,-0.00467040716864886,351,394,1.3792472509667277,0.0039294793474835546,0.08455181121826172,1.0967383030802011
758,0.5021248685961928,0.5021248685961928,0.6491256610096827,478.7428347131903,0.4208681946432918,0.07807485810279055,0.07806209890131637,0.07738275576483486,0.13002584077969306,0.12952145663052647,0.12798012103962095,0.016342266619796257,0.886459937006218,0.8702598905780251,0.11375649128432236,0.1137933143904016,0.11286130662296753,0.15686666824209936,0.15751131309548744,0.15548542841407778,-0.03237011414778292,0.7869306192975006,0.8190356106831944,-0.106828803982009,442,375,1.8778500938788056,0.004248529624160194,0.13675829768180847,1.5068030469119549
759,0.5947439461146579,0.5947439461146579,0.6953363657335105,396.98185473018094,0.3760182628307198,0.09566814010323163,0.09519639081247991,0.09481270931793644,0.18456956079959552,0.1855495414777068,0.1842124483479131,0.49311013075270005,0.8941647494893633,0.4030420599655477,0.16844812938665155,0.1649859438272127,0.16542104476759759,0.21811036178268198,0.21731424407976255,0.21646926693087162,2.055342242175823,1.7970425852018026,-0.2637200056512387,-0.06061809925818118,334,346,0.9712909441441298,0.0029080567189944005,0.1265401691198349,0.20707414112985134
760,0.627001342232466,0.627001342232466,0.7009284015713041,490.3414531369492,0.426713694426224,0.13585654552209142,0.13507546456307312,0.13466443954056245,0.16697105991179068,0.16739676395204567,0.16594143209452933,0.5749306785452516,0.8774740863222682,0.3042928809019511,0.12389043801461576,0.12235872434403329,0.12229413246519294,0.1684177970215563,0.16714898684326773,0.16644385265886488,1.2363453508831468,1.2884816415246652,0.05278894430015379,-0.05502606342038763,440,338,1.4385459059849381,0.0032694225136021323,0.10853281617164612,0.4552239887416363
761,1.3340440385997494,1.0,0.8909703479764653,815.7814610867374,0.553240537591385,0.3274036995716044,0.3188697132127395,0.31930318856601553,0.21012771904031996,0.20658400544518005,0.20623236212663187,2.6065638140409946,2.4741659963488845,-0.135941212136016,0.7872413437170462,0.7750424028654102,0.7755433637470717,0.25355998633511395,0.2495602637475611,0.2491795366553881,1.5495808177499228,1.4859458364751623,-0.06463657727750291,0.13501588298477363,382,352,1.6797685213387012,0.0043972997940803695,0.21139468252658844,1.1062525268644094
762,1.4331478322521658,1.0,0.9038144475887996,1012.685061999134,0.6058704683618743,0.5385498585118681,0.5266972487592261,0.5272851923287625,0.42675738147986375,0.4220498162786368,0.42215088226960956,2.200837966125066,2.0916663527184602,-0.11162837302101984,0.48790418503991634,0.4748265847387057,0.47560446426499825,0.4463498351045432,0.4432838636440808,0.44329621351525195,2.680362395362674,2.5209295497048925,-0.16382392041519936,0.14785998259710786,187,232,0.8085452876985073,0.004323771591970628,0.11478906869888306,2.6574815660715103
763,0.4848350706906943,0.4848350706906943,0.6027388715159209,856.068976722357,0.5651222180943299,0.250814702695212,0.2509775341410765,0.24962734432562278,0.20974730552819928,0.2143883311341468,0.21020442760340075,-0.0649210130485683,0.4734006247760077,0.5379723807051008,0.31377438238177574,0.31188895083652973,0.31099467508325673,0.2398044528487819,0.2408918236802283,0.23792510446303364,0.600887660405611,0.8858936403345001,0.2867288984987852,-0.15321559347577085,362,427,1.5819414276629686,0.004370003943820355,0.24339167773723602,6.45317836292088
764,0.9942929971598854,0.9942929971598854,0.8599896278347372,510.3014939622255,0.4365016512295573,0.08091388890821269,0.077750151514753,0.07780777173075433,0.15541528878178387,0.1531010581324927,0.15254740328787522,3.9100053602028497,3.8387935858352877,-0.07410945815379252,0.10647921399076694,0.10295379120103407,0.10298097905316003,0.17104976449942513,0.1689977525355407,0.16841162203924637,3.310902341971245,3.285368858855637,-0.026407820254891107,0.10403516284304548,373,369,1.5350355813279748,0.004115376893640683,0.14933374524116516,0.4507919158786535
765,0.9154273659611578,0.9154273659611578,0.8182048743558549,421.8024145097276,0.3903510187983733,0.08599625693538997,0.0837984310020186,0.0838045142576389,0.1562658356318649,0.1549108151676195,0.15423142186217684,2.5557227857284768,2.5486489247988353,-0.007259390835324961,0.17135248146082233,0.1656287525172058,0.16611167989188794,0.17125815171267428,0.16897413244495216,0.1683780112333373,3.340324514019478,3.0584917850358853,-0.2915721861951313,0.06225040936416315,332,329,1.50987587030977,0.004547818886475211,0.13685688376426697,0.9224908296018839
766,0.3849855157569293,0.3849855157569293,0.5669845082302891,684.0020077860962,0.5093956169410171,0.18391463933033023,0.1849013709446532,0.18342094867266825,0.18199287452816235,0.18315929658637686,0.18063727725542236,-0.5365160804576831,0.2684346713560146,0.8006551084080824,0.3585781788572316,0.36438774187449,0.3601216156796949,0.2533386730233284,0.2565163053810409,0.25304984615608805,-1.620166356963824,-0.4304324449921004,1.1707655622138171,-0.1889699567614026,366,436,1.478933485224843,0.004040801872199025,0.23811011016368866,7.401070211082697
767,1.581371131903956,1.0,0.8831244296777945,716.7940706629392,0.5210911344138026,0.2112331176408497,0.20151105744198824,0.2021833488579302,0.20390892391714027,0.19989679440816066,0.19966564901323403,4.602526491793511,4.284256599529252,-0.3336250747111029,0.16624117014896023,0.16227519406721097,0.16237772842664058,0.20884732335055317,0.20588674087163467,0.2056302015341205,2.3856762306205783,2.3239981521170785,-0.06318547946838064,0.12716996468610275,400,318,1.1400899775326252,0.002850224943831563,0.08390454202890396,0.9653019160032272
768,1.6932902650114503,1.0,0.8815242567342139,698.2152475123657,0.5145342722137787,0.2430104991924251,0.2325603002944336,0.23334108382393176,0.2499497885929604,0.24360663910414615,0.24363082760827257,4.3003075721912065,3.979011359849402,-0.3357337982921684,0.21581278711136218,0.2098825771397546,0.21019586011732283,0.2348620827427528,0.2305568118228182,0.23036988304418665,2.7478492127287617,2.602684979523914,-0.1492658332280783,0.12556979174252214,447,404,1.7129370607435703,0.003832073961395012,0.1317538470029831,0.31568015180528164
769,1.48870562324012,1.0,0.8904976380561814,809.415982426866,0.5513035633284966,0.24808568518454566,0.23804813083267592,0.23865228729221538,0.22916566396191032,0.22715842480490694,0.22661962550955594,4.046003034960687,3.8024756991976267,-0.25379592665825984,0.28006742137274143,0.27033806913694747,0.2710224997314596,0.2325230235124019,0.23147037585256808,0.230997755062484,3.473932165371416,3.229551511899689,-0.2531758093475921,0.1345431730644897,427,385,1.7032218929380178,0.003988810053719012,0.22747623920440674,0.876552227884531
770,1.8438067100893425,1.0,0.872549109532306,602.6557786786781,0.4777577452365392,0.2517081246972722,0.2415504275361428,0.24242473331968556,0.2273022766133183,0.2242641447898854,0.22389660911809822,4.035506272729975,3.6881572212862554,-0.3619558004764572,0.28256336040782365,0.27262550810908365,0.2735297604630767,0.22784935656123192,0.22582456779556678,0.22541691236681963,3.517035005669773,3.1970174518411576,-0.3316829596265216,0.1165946445406143,380,369,1.968417590484023,0.005180046290747429,0.19885918498039246,0.6468977872282267
771,1.4692233582476346,1.0,0.8809452773573001,691.616044513694,0.5121618486539949,0.24075668792831786,0.23234897137602117,0.2328950457403855,0.20150543512003918,0.20110655863964114,0.20042021558507708,3.4922047751379504,3.265388910098758,-0.2350233621136142,0.3021588740058461,0.2937291291906407,0.29428620319821097,0.21676653736761797,0.21679243116816124,0.2161122611956329,2.7898385718244114,2.6054739691288473,-0.18965569029713344,0.12499081236560838,323,297,0.9656301364302635,0.0029895669858522093,0.21692311763763428,0.49077680334448814
772,1.8830891245183927,1.0,0.8972771226963194,906.3130159635156,0.5790831522478642,0.3359835244806555,0.32026117253668845,0.3213523386066492,0.241448886710896,0.2350977103365942,0.23510557464086687,4.679500867868378,4.354733136579352,-0.34071132048819763,0.46980017077796404,0.45536879670061353,0.45610351911390556,0.30864332442724446,0.30356334449468236,0.3033037422099419,3.071811160360569,2.9154207503538268,-0.1613466751818489,0.1413226577046277,394,372,1.79973279312253,0.004567849728737386,0.12610569596290588,0.79283706843853
773,1.535676841095307,1.0,0.9120301776813968,1168.786558936879,0.639535210854776,0.3790991066695796,0.3639164208970229,0.36466395790653117,0.2529929493390266,0.24933692103103153,0.24906361255693846,4.0049384199129205,3.8077506670650103,-0.20541447612219116,0.5067756068577349,0.4993255858571136,0.49942041233791,0.2821512178435949,0.27919332562169735,0.27875815617638466,1.4700827940032883,1.451371064489635,-0.018990911638069038,0.1560757126897051,496,395,2.5852010007947683,0.005212098791924936,0.3622216582298279,1.2197512742131948
774,1.0286690647419172,1.0,0.9107486881726294,1142.5461139781848,0.6342841846119736,0.3688420555874723,0.3612659369653902,0.36135968240928135,0.1924221914111279,0.19850032395913228,0.19732357734073036,2.0540278710938287,2.0286117227802065,-0.02594915110972819,0.6393032055232897,0.6143392026851615,0.6159975140193288,0.2831732022027821,0.283698319969741,0.2830247061928657,3.904876844422256,3.645483285960447,-0.2699341547664718,0.15479422318093772,416,316,2.3680031932890415,0.005692315368483273,0.18578875064849854,1.342769419774413
775,0.4557385663770342,0.4557385663770342,0.5818074479864211,910.0007206706172,0.58007260044811,0.5063828933102172,0.5068880851687213,0.5052882839434749,0.35935865432691577,0.35848097556717806,0.3573573196921382,-0.09976479560785123,0.2161623903972906,0.3156123160231481,0.726942174964727,0.7226937191672114,0.7221596975494254,0.4503715428774574,0.44568080640256835,0.44557815794254835,0.5844283003282612,0.6578896616548126,0.07389321418225461,-0.17414701700527058,376,387,1.1409995630383492,0.0030345733059530563,0.11123411357402802,0.5690290853381157
776,0.1271753522948709,0.1271753522948709,0.4804208926089302,513.8441682776345,0.4382040796504891,0.08989311464341385,0.09229595644320117,0.09024310473371255,0.16094691393840346,0.16141592954111883,0.1600663668045155,-2.672998715551092,-0.3893402644763627,2.224205467497309,0.05969573257963582,0.05979240453371644,0.05925687124777724,0.13072015890079386,0.13016369018337517,0.1294244800944705,-0.16194114705210538,0.7351636589317794,0.8956543730185962,-0.27553357238276155,283,345,1.6383166816085577,0.005789104882009038,0.11545101553201675,1.456185732036829
777,1.007315260407628,1.0,0.8920560296973393,830.6122404831187,0.5576892226322196,0.13907344789782794,0.1337881997406127,0.13385712143539052,0.21088403677783768,0.20724324126316646,0.20685055544762718,3.800328701923107,3.7507709352756216,-0.05151552596674662,0.32446566877730193,0.3145929051271513,0.31473390521468025,0.31046318027370345,0.3064475920291347,0.3059896121162994,3.042776046955775,2.9993199586551955,-0.04481985614772264,0.1361015647056476,330,520,1.2872095815837383,0.003900635095708298,0.093208909034729,0.5661932835355401
778,0.8124396288373871,0.8124396288373871,0.7769717132314434,390.3676174412375,0.3720843989612218,0.05953895454240552,0.058009174371029405,0.05792613184744235,0.14383861066060055,0.1412583027914152,0.1407911133961245,2.5693769451167614,2.7088528969961456,0.14315412085666004,0.22692140416659515,0.22174681925280354,0.222236063254936,0.2411089648187047,0.23784946069688293,0.2377995587998402,2.280342364703802,2.0647417236231216,-0.22063180152076756,0.021017248239751707,278,304,1.6177775710821152,0.005819343780870918,0.16094480454921722,1.2603277266025543
779,0.9271305548786404,0.9271305548786404,0.8462995869423579,736.3097064659636,0.5277905460414106,0.14426854909994455,0.14032388256515957,0.1403295331166759,0.19631261202758357,0.19422119024042392,0.1937004891922857,2.7342525861629365,2.730335896384339,-0.004026792455450125,0.226236505758345,0.2213960229040366,0.22153890899710152,0.24833235206238108,0.24464154397344975,0.24436748214087872,2.1395675459551082,2.0764097047455423,-0.06453869007703862,0.09034512195066613,457,519,2.6887611662968993,0.005883503646163893,0.1691647320985794,7.12442781124264
780,1.7667555688192755,1.0,0.9000139571888222,949.152717997845,0.5902975942265284,0.3961984271155697,0.3811178470033918,0.38209004114539097,0.2631053750720675,0.25885954590960886,0.2585108714228074,3.806320035636824,3.5609394193943507,-0.25509016427418046,0.22715094474609376,0.22262791118067612,0.22279531951830545,0.22032368040344164,0.21891019725654054,0.21858349326235924,1.9912017405313565,1.9175025807869637,-0.07519647322812956,0.14405949219713043,389,348,1.603259501978755,0.004121489722310424,0.13423515856266022,0.5904214680194855
781,1.822603108110446,1.0,0.8669124778788027,549.2308556991843,0.4546611061060119,0.1803108590440359,0.1711997006452563,0.1720148832448099,0.18302165554009325,0.17856938112048493,0.17854920017517162,5.05302811327323,4.60092966292171,-0.47615889308284626,0.18387679024198708,0.1801897543049784,0.18027680291023204,0.2202726937548097,0.21804085306862211,0.21771654044604,2.0051665749420717,1.9578258501344044,-0.0483094089280448,0.11095801288711094,451,408,1.3058173721656203,0.00289538219992377,0.24871449172496796,0.7185812368988991
782,1.2682831672578854,1.0,0.8956627835490226,882.0975506055848,0.572468242668626,0.2230948682110075,0.21459470891929464,0.2149646288020329,0.20414629766153133,0.20125599189087615,0.20088314330165435,3.8101097348744206,3.644296919140627,-0.17238070994443214,0.15089343591268342,0.14732096919187557,0.1473901873541837,0.19353804790116666,0.19041065008752367,0.19020014144575992,2.3675428286192064,2.3216706129794384,-0.04698459607468996,0.1397083185573309,475,406,1.3169943019747734,0.0027726195831047863,0.20963048934936523,1.5619880855083466
783,0.8898525675335809,0.8898525675335809,0.8374063825452394,1023.106884715828,0.6083127094953865,0.35464859811316457,0.34964582812184725,0.349585631954937,0.3345148453593394,0.3298706745724131,0.3298153876319649,1.4106273133274854,1.4276007814958305,0.017216326370478704,0.3335757247298494,0.32583155742128816,0.32617277057002764,0.32755594619295914,0.32131780165349766,0.3213666124837143,2.3215620125933834,2.2192724503011005,-0.104720718717339,0.08145191755354764,347,259,2.1533459685742855,0.006205607978600246,0.21568559110164642,0.2653098087757826
784,0.7041298328546377,0.7041298328546377,0.7316963712979011,579.7063145048131,0.4680803836607724,0.21381610724456576,0.2123318689207066,0.2120163807959634,0.2257113414665465,0.22325808598491537,0.22279220614817868,0.6941658151887822,0.8417169650104048,0.1485825591546066,0.3605211822582376,0.35526804865153194,0.3551895956392831,0.22256470019910773,0.2187260263642078,0.21817361583468167,1.4570943026983878,1.4788553020819557,0.022082766110441392,-0.024258093693790617,253,237,1.0438635367900133,0.004125942833162108,0.09801212698221207,0.35132357850670815
785,1.998520402241151,1.0,0.8921142245741873,831.4156308891583,0.5579276817248886,0.33201241767120276,0.3163856204904181,0.31756969343877917,0.27407558380016966,0.26664579311170783,0.2667104091577199,4.706690578139809,4.3500554388078525,-0.37424992530498163,0.2871961837201449,0.2778579441882094,0.27836923807899666,0.26338770965213953,0.2583824001468171,0.2581584575041752,3.251519365951955,3.0734898795694092,-0.18401269478943394,0.1361597595824956,380,363,1.789376188069582,0.004708884705446268,0.10183260589838028,0.4995918534696102
786,2.057905358436267,1.0,0.8898556895443651,800.859030265977,0.5486731176954943,0.3041815961574491,0.2885326074131756,0.2897639918648026,0.24950266496271675,0.24297500079221293,0.2430122654666067,5.144620497084034,4.739801643089451,-0.42677479771417526,0.2908046976231803,0.2820436155462218,0.2825098875943869,0.26046949546320225,0.2561559091382503,0.2559957564133986,3.012703078239448,2.8523645238845727,-0.16531912883830527,0.1339012245526734,359,429,1.8063532384112477,0.005031624619529938,0.12178396433591843,1.0687322821468115
787,0.9993696558124088,0.9993696558124088,0.9429710778062624,2184.467709522122,0.7683029649218343,1.6442660328879353,1.6305838022006311,1.6306273721262297,0.48341185964623207,0.4764315205595357,0.4762282914091369,0.8321178211820807,0.8294680111922712,-0.002672044548689001,0.35111355012674644,0.349270457694383,0.34901548452343534,0.3007991956987873,0.29901474401674505,0.29867698358145106,0.5249277425203732,0.5975461791644717,0.073001642518172,0.18701661281457072,257,416,0.874350456520915,0.0034021418541669846,0.08319225162267685,0.8827731944620609
788,1.3876607950280129,1.0,0.947588782828896,2408.6995752136686,0.7852400078972165,0.7590899879357756,0.7322724560784883,0.7329277802468354,0.45946458831810305,0.4509895238551037,0.45105515921652106,3.5328527952546587,3.4465225605312284,-0.08949185004942682,0.24937341875280733,0.24577918464592177,0.24571840407058235,0.23561899398591815,0.23148363944903122,0.2313494435112476,1.4413060240587874,1.4656793416494942,0.024729748952087998,0.1916343178372043,326,330,0.7353423926979303,0.0022556515113433444,0.11328431218862534,0.43714570440351963
789,0.6927658457593829,0.6927658457593829,0.7164001278196908,1102.5169972832284,0.6259724876497466,0.5152423711706166,0.5125767126636254,0.5119279201979253,0.3809858325415712,0.37726567573529673,0.3768080620142668,0.5173601116955664,0.6432799703877008,0.12657470573108312,0.30704579736697196,0.30273187832945125,0.30307331986860375,0.27149989782083156,0.26920684828523833,0.2686387088089298,1.4049757640437075,1.2937736104625537,-0.11278678051239811,-0.039554337172000964,292,218,1.658782385289669,0.005680761593457771,0.24001088738441467,0.7345140408724546
790,0.8109127192093032,0.8109127192093032,0.7679322740319963,183.58621670018252,0.2179437686080329,0.08764037736247916,0.08692445209351968,0.08688541436962077,0.15499493460084196,0.15438970599720603,0.15405011493170315,0.816889760753118,0.8614328413213879,0.04490994531309231,0.04252329993107455,0.04207866269112225,0.04204800104541259,0.12256892203555676,0.12218777307898708,0.12190259129463683,1.0456320197938669,1.1177375378495202,0.07286744337559381,0.011977809040304543,118,38,0.23135586827993393,0.001960642951524864,0.1213221624493599,0.07461937889456749
791,1.614052175243695,1.0,0.8715103313162681,592.4577503715972,0.4735012518079563,0.20426046958540184,0.19598196209065138,0.19662960352656433,0.23283824426549246,0.22941301619675494,0.22916678311881544,4.052917097250277,3.7358506392971056,-0.33045971629439175,0.20562963177817312,0.20100849894303555,0.20123703244838756,0.22553746207510464,0.2226780306662583,0.22234953400052265,2.2473088120503495,2.1361704010267144,-0.1136934540348854,0.11555586632457637,438,424,1.8619464803487062,0.004251019361526727,0.23384737968444824,0.5773317124694586
792,1.1137253689065223,1.0,0.8815787586762663,698.8397833859515,0.5147575991517233,0.2561484030873404,0.25076891653474787,0.250948423681173,0.24026607130113956,0.2377831689041114,0.23745453452453524,2.1001444817745916,2.030065127673012,-0.07158269410166072,0.15865791898629514,0.15798345926603902,0.15765813510211757,0.21328880659433452,0.2140221722172138,0.213335184363255,0.42510309259406126,0.6301506351308754,0.2059229272689949,0.12562429368457462,400,447,1.4326321901753545,0.003581580475438386,0.12473313510417938,1.6516745295375586
793,1.7430013324575366,1.0,0.8499679213863975,412.7998113608635,0.3852291597611291,0.14597096318838407,0.1395351976410259,0.14017063869983218,0.19092777572584557,0.18864720088713505,0.18845373665865756,4.408935453178066,3.973615273789919,-0.4553984009404151,0.21654811409003502,0.21088358756747103,0.21133815885639431,0.23373115156725122,0.23087894682641913,0.23077317650311188,2.615828148107923,2.405911155372401,-0.215555555634623,0.09401345639470582,351,287,2.039190271869302,0.005809658894214535,0.24684086441993713,0.6429291199892759
794,0.1335158574678719,0.1335158574678719,0.225965004587328,3776.5733206307054,0.8514726657344787,0.7011290227047794,0.7184887236269278,0.7009092427118414,0.3438661252349849,0.3574388043051085,0.3444350107682563,-2.475963818353873,0.031346583270812155,2.4467302460009797,0.5397162634120933,0.5555946744015642,0.5401720262829085,0.3118239576620621,0.3225420671553654,0.3119910000317365,-2.941992314459328,-0.08444490220358185,2.775881200673413,-0.5299894604043638,449,458,2.3564985431730747,0.005248326376777449,0.23624452948570251,0.6073771547526121
795,0.3559531471038816,0.3559531471038816,0.4369503724605745,2594.536049802373,0.7975076037639194,0.6287612797363575,0.6334489020610059,0.6268064270504985,0.34703554316522156,0.347837807135724,0.34412884350361866,-0.7455329193639131,0.31090538633020176,1.0486204947068782,0.9657206162692249,0.9520034367479899,0.9549489141362584,0.4561626421149365,0.4509261786166833,0.4504714208487693,1.420408686544067,1.115405630934938,-0.30939776838727534,-0.3190040925311172,233,251,1.6847109086811543,0.007230518921378344,0.32465627789497375,1.3429423850029707
796,0.5596981098081075,0.5596981098081075,0.6280189735343483,1233.591278490495,0.6518794835340166,0.6967673628672563,0.6958436840141351,0.6943800011167557,0.29938616329940504,0.2983559186993394,0.2973189060050983,0.13256632017322856,0.34263398054070565,0.21034650899406337,0.6847134349138507,0.6743214116642396,0.6769917718193175,0.3157301003324927,0.30966642797010635,0.31064974729921063,1.5177186133230445,1.1277218615558178,-0.3960070240817827,-0.1279354914573434,322,285,1.3961821738630533,0.004335969484046749,0.1357288658618927,0.6256990572437644
797,1.428201599062434,1.0,0.8706502286311865,584.1377970119414,0.4699768985144107,0.2540890938937757,0.24728850141360198,0.24775559962295843,0.21070097984529745,0.20964483782853835,0.20920490368075492,2.6764598102021564,2.4926273590731354,-0.18888796150501297,0.2695654582521313,0.26070794976668443,0.26138333278947556,0.2278515003898481,0.2243235222997747,0.22400407181410323,3.2858469860638504,3.0353018950235033,-0.2590573181199702,0.11469576363949474,396,421,2.5399114917963743,0.0064139179085767025,0.22672836482524872,5.964996205642819
798,0.8804700157668484,0.8804700157668484,0.8218719116979633,741.0549432889115,0.5293912792089857,0.3319154574473664,0.3283790689018462,0.32832862757182035,0.33709175437786576,0.33367951289147674,0.3332815551180257,1.0654485852262454,1.0806456267903164,0.015360701945631399,0.4299894235598707,0.4254458190403753,0.4255014274299969,0.3827724631077142,0.3779874843441368,0.3779511478534073,1.0566782042867455,1.0437457025611874,-0.01307061607680771,0.06591744670627153,305,405,1.3793928399682045,0.004522599475305589,0.12472899258136749,0.7317558499053121
799,1.184675698407072,1.0,0.8747800585518873,625.1296421700157,0.4868992729416269,0.18083385056388726,0.1754654596052815,0.17570825009310692,0.22377693997279488,0.21722134081422695,0.2174731983186744,2.9686869697601987,2.8344253328662616,-0.1383693909739166,0.23544283308868788,0.23170239556932878,0.2317469315662088,0.2782174882299685,0.2760086389271147,0.27576277544789196,1.5886818342651052,1.569765991172429,-0.019221206915265403,0.11882559356019562,457,500,0.8656099596992135,0.0018941136973724584,0.15320296585559845,2.3554062079638243
800,0.2401647512801991,0.2401647512801991,0.543451307513424,461.578768614352,0.4119957258339811,0.008885427720259718,0.010389722750195118,0.00898472675014974,0.062480753123325135,0.06706366075681743,0.06268582646893014,-16.929911280527875,-1.1175492392291853,13.522940253809884,0.01135307550969881,0.013102480582036885,0.011266240569087854,0.06780252633109832,0.07263156698722621,0.06751629873035257,-15.409085149161367,0.764858302376076,14.014445596404569,-0.21250315747826776,300,261,0.950183030217886,0.003167276767392953,0.1208512932062149,0.24910568818449974
801,1.4918456248727794,1.0,0.8817780771745513,701.1286708550598,0.5155743258264323,0.14807904598329963,0.13935674761057665,0.13992954661542936,0.20781935947397653,0.20133415219560982,0.20140771691107898,5.89029887031193,5.503479113979008,-0.4110306925742583,0.20716007119544913,0.20151260678284905,0.20167639551185992,0.24289912745976713,0.23752239599040414,0.23747009866448612,2.726135582021439,2.6470717315092673,-0.08127964380282024,0.12582361218285953,418,385,2.137629793956876,0.005113946875494918,0.2668299674987793,0.34676118195056915
802,0.6151478583781728,0.6151478583781728,0.6926547513649478,538.0157805428533,0.4495507359287961,0.1044729232412871,0.1036958892644763,0.10321642085253652,0.15248931128602694,0.15194733187116072,0.15062406201912498,0.7437658990513591,1.2027062608831236,0.4623793819993199,0.15955939567785468,0.15758378799410055,0.15748444468947412,0.19705918393928326,0.19527144258590282,0.19464181661671726,1.2381644310954998,1.300425449448194,0.06304157673259893,-0.06329971362674391,415,381,1.6750922994688153,0.0040363669866718445,0.20263326168060303,1.245339198037982
803,1.5655513869715816,1.0,0.8916607473116209,825.1781395395143,0.5560695151226973,0.31657699859854327,0.305548630759328,0.30624352530404647,0.27544556288838073,0.26994883552281695,0.26982773324096343,3.483628907986633,3.264126370596132,-0.22742518694703062,0.26693934137503134,0.26263900996826217,0.2626809678983715,0.2565057621951243,0.254184700945142,0.25381933161933645,1.6109770049696406,1.5952588534625698,-0.015975513353623495,0.1357062823199292,378,339,2.3210716266185045,0.006140401128620383,0.11794506013393402,0.3389344634488225
804,0.9152949024847647,0.9152949024847647,0.8394636955242166,725.4710895188581,0.5240931419945123,0.2603184670269457,0.25653956318667315,0.2565330818202615,0.3117764724720703,0.310465781961241,0.3099700196149543,1.4516464711208588,1.454136254686984,0.0025264588163774445,0.37134523000628783,0.36309220370800377,0.36373506511677944,0.36068600079352114,0.3559136358743835,0.35591639034077455,2.2224672976529996,2.0493503819557684,-0.17705183482613668,0.0835092305325249,477,401,1.4892080780118704,0.00312202951365172,0.13980068266391754,1.5139658320695162
805,0.9125582206979206,0.9125582206979206,0.8249665115964081,519.033635846243,0.4406793840511412,0.09129906528791913,0.0886132887315387,0.08861337415236065,0.1597802885472857,0.15635241690746896,0.15598478465035778,2.94173499795492,2.9416414364034686,-9.63973047004456e-05,0.1306915241116642,0.12866501461953084,0.12852493409047666,0.15442405708933632,0.15146574718795192,0.15104502021082933,1.550605141311154,1.657789237606863,0.10887227539545358,0.06901204660471638,556,487,1.5806930968537927,0.0028429731957802028,0.13494643568992615,0.7665197961032391
806,0.7534812515284096,0.7534812515284096,0.7549861831275173,423.8562906045199,0.3915075987373143,0.053842163101461754,0.052494586051860324,0.05233305296569768,0.13403787979818613,0.13318523141873154,0.13217331661792026,2.502828586329297,2.8028408385455523,0.3077138011966863,0.05186819959224507,0.050721867030269756,0.05057314698489603,0.13529332214858972,0.13420933942127833,0.1334996145488694,2.210087435050867,2.496814266795301,0.29320696196961876,-0.000968281864174414,354,354,1.5525582833215594,0.004385757862490281,0.20511077344417572,1.6475235633552074
807,0.7682269237843025,0.7682269237843025,0.7664269875549905,3832.9025953513137,0.8533353210038356,2.8620635376503967,2.8491685989548827,2.847877419240584,0.654038693136994,0.6528155209778299,0.6506712856275241,0.45054690526192903,0.49566049890907415,0.045317771464009914,0.8441200453130098,0.852036379153297,0.8485708990926304,0.3507686389218223,0.35134906412040584,0.34964405266392573,-0.9378208566711332,-0.5272773469051067,0.40672911925549365,0.01047252256329878,219,426,0.7253502868115902,0.003312101766262969,0.1160154715180397,2.406765160150826
808,0.7299546704652274,0.7299546704652274,0.7405599602278651,956.2617398737456,0.5921010163429222,0.17170701590336537,0.1689489277377125,0.16851227225097196,0.2049612193866369,0.2042415382469231,0.20269234258834307,1.6062757547455666,1.8605784018699503,0.258454133203164,0.20127218640213052,0.20084522332896898,0.19968391230303234,0.22072835230241314,0.2200605739647089,0.218546354447088,0.21213217821785202,0.7891175266138821,0.5782119219407583,-0.015394504763826644,518,414,2.461057419888675,0.004751076100171188,0.2061036378145218,1.736262023448944
809,1.2875797464631915,1.0,0.8713784377608651,591.1746930803857,0.4729608053072716,0.17264402204159102,0.16680420146548594,0.1671398048417791,0.18921471641433496,0.1854231435931226,0.18516920342080728,3.3825790821174375,3.188188698758375,-0.2011959970700103,0.24074550029697572,0.23749194776987861,0.23746746761313256,0.20013053776994802,0.19734054084453112,0.19696208253478226,1.3514489463286472,1.3616174257876013,0.010307783895803653,0.11542397276917338,341,275,1.3006477588787675,0.0038142163016972653,0.15305477380752563,0.620971143245697
810,1.621941595503069,1.0,0.8848184997027738,737.0256295190534,0.5280327489158735,0.37365044101161,0.36327893149538915,0.36400247489419,0.229561223525558,0.2304691813423372,0.22948352425858184,2.7757252174362037,2.582083428377431,-0.1991702067120999,0.4604428079883577,0.44556276392636995,0.44672336607151636,0.2875903426906206,0.2855740689159621,0.2849648023381851,3.2316812867590654,2.9796191142132513,-0.26048005783046024,0.1288640347110821,377,475,2.1263365522027016,0.00564015000584271,0.14670583605766296,1.6926421392709017
811,0.9027530191459988,0.9027530191459988,0.8208190605444445,521.5276914333707,0.4418612698635334,0.19305389414502272,0.1904193510448191,0.19041037697941435,0.21117199406685752,0.20737585268319586,0.2071344157624277,1.3646671629553015,1.369315639715899,0.004712790667292862,0.14819794304978015,0.14538411506460577,0.1454383738648005,0.18492243071844458,0.18132867435632108,0.18115900246927835,1.8986957087718848,1.8620833246334008,-0.037320996293581314,0.06486459555275281,491,229,1.2395901726558805,0.0025246235695639114,0.14689044654369354,0.23330488055944443
812,1.6627585275774497,1.0,0.8772455503581575,650.9164323533643,0.4970018622235257,0.23101951142197436,0.22152650228516965,0.22225222647519316,0.20576866311505396,0.20187301289690576,0.20163292683449638,4.109180682780085,3.795040900578781,-0.3276015206023917,0.25391775621150037,0.24957370578710014,0.2497692096225966,0.2522747212603015,0.2501247565540483,0.24983258109659867,1.7108100233769614,1.633815078866811,-0.0783351094138253,0.12129108536646582,412,430,1.436637595295906,0.0034869844546017137,0.22813792526721954,1.3731824327260256
813,2.1034242716966234,1.0,0.904337202207192,1021.818818290298,0.6080125055778982,0.30271778229873075,0.28216779867286496,0.2835792889385648,0.26001846849373966,0.25290510306104763,0.2528294479059812,6.788495697152826,6.322223033888213,-0.5002308102974913,0.3939259144332125,0.38332470971243776,0.3838256206682289,0.29683491952810986,0.29332410815865545,0.2930024524549791,2.691167128729763,2.5640084581681033,-0.13067536297540197,0.14838273721550033,458,355,1.7967622764408588,0.00392306173895384,0.16527557373046875,0.084922319278121
814,0.2465302725749894,0.2465302725749894,0.4726412853759206,825.4269787517713,0.5561439441494461,0.24922087526266018,0.2518450568715486,0.24917091675658895,0.24249851508892126,0.24607076457493382,0.24232206200489895,-1.0529541741327855,0.020045875378046394,1.0618195759639604,0.23890194315157975,0.23630107809197298,0.23655556177636997,0.24220591732212746,0.24247610850515353,0.2407302332164935,1.0886747195507578,0.982152486604533,-0.10769467767638932,-0.2833131796157711,535,478,1.4105955306440592,0.0026366271600823535,0.2437821924686432,1.8993229577317834
815,1.5543003450677686,1.0,0.8833249088293986,719.1576587189909,0.5219126169768714,0.2489754548662643,0.23946551898745685,0.24011027476528943,0.24566681882088764,0.2408943444021822,0.2408502416563501,3.8196278761356806,3.560664285456069,-0.26924785687677444,0.30809475090569743,0.30042122578383623,0.30083201055642567,0.27335948738872085,0.2690670794130641,0.2689795269904969,2.4906380583582024,2.3573073958325144,-0.13673626805750685,0.1273704438377069,360,410,1.584871425293386,0.004402420625814961,0.18928620219230652,1.517283471301198
816,1.1151491006754684,1.0,0.8699597071006185,577.5378859527494,0.4671474202756695,0.1760691537388028,0.17161310428127413,0.17178282240104323,0.20469009820711265,0.2043622606061851,0.20356859723723625,2.5308518629783303,2.4344589876988407,-0.09889578099521376,0.25925876160991407,0.25314370981778556,0.25347657847042343,0.25297783838165255,0.25061939623433904,0.2501387740471502,2.3586673615796028,2.230274920540825,-0.13149394582131838,0.11400524210892682,447,488,1.671841349452734,0.003740137247097839,0.2080780565738678,0.9656657986342907
817,0.9137366591703618,0.9137366591703618,0.8968943477635067,5512.718413647054,0.893255943774092,2.0518767667117657,2.0232693301849585,2.023021873912115,0.8086873554621253,0.8058037029816949,0.8045257870551308,1.3942083165477832,1.4062683133691303,0.012230515688228832,1.3693134720256137,1.335910428438424,1.3373792872045662,0.5830357706041952,0.5804537321399723,0.579413464409346,2.439400785108531,2.332131062276596,-0.10995189010233306,0.14093988277181502,344,327,1.6596899572759867,0.004824680108360426,0.17163078486919403,0.24500036984682083
818,0.7844753945156934,0.7844753945156934,0.7677286979748944,463.1664263522224,0.4128278138092997,0.0970114847420483,0.0953588727128619,0.09522476310960994,0.16057096135820043,0.15928524665845112,0.1585842871464714,1.703522045436852,1.8417630007305108,0.14063673304506352,0.423304088437014,0.4143924805101649,0.415330359094156,0.28520710610970423,0.28179957092224894,0.2814194359207542,2.10524967045649,1.883688242251519,-0.2263261589197864,0.011774232983202682,406,440,1.5737109752371907,0.0038761354069881543,0.1037161722779274,0.8458169884979725
819,1.1267771489618996,1.0,0.8711366718013551,588.8296194060606,0.4719701460866394,0.13301287663178937,0.12838382598364,0.128565802785145,0.1707518884833463,0.16764339223496877,0.16711084398524248,3.4801522719966833,3.3433408548518937,-0.1417443358699958,0.19603936742850264,0.19278303971276214,0.19268521905538685,0.19304875253012033,0.19090182209663514,0.19015401139833077,1.6610580611713668,1.7109565375123332,0.05074131911242806,0.1151822068096634,422,332,2.315462571568787,0.0054868781316795906,0.22376574575901031,0.5476690949872136
820,1.682240322780717,1.0,0.9129562133711644,1188.229443485368,0.6433297309624115,0.3672990535646586,0.3496794875300949,0.3506209902309501,0.2347760239681856,0.23062868447848728,0.23013328589107032,4.797062737724138,4.540731366402091,-0.2692473348966918,0.20625044220071836,0.19993902260584145,0.20018292709963428,0.1917848159914262,0.19114920458155368,0.19066709263069767,3.06007566700622,2.941819196285315,-0.1219894398872105,0.15700174837947267,466,366,1.4783282987773418,0.0031723783235565275,0.23079697787761688,0.3401920720934868
821,0.92947856420305,0.92947856420305,0.8215610635640277,400.48775322560704,0.3780834988944382,0.06241517020034562,0.06025782390749695,0.06027458351735966,0.1498847122824115,0.14707911936855111,0.14679386743860434,3.4564454217201304,3.4295936005860734,-0.027813168109824295,0.13768355795278703,0.13653844845476634,0.13634926959190533,0.20743894124318082,0.20616840368643755,0.20569159738002096,0.8316966201682224,0.9690978216434836,0.13855354663978753,0.06560659857233597,504,604,1.7909746607765555,0.0035535211523344355,0.11619669944047928,3.146818161010742
822,0.3342681899552966,0.3342681899552966,0.7269222950202361,48.70829775423911,0.068847794415291,0.008446730475887865,0.008547981157593244,0.00845969504739014,0.04577860809346472,0.04598350723615828,0.045469948889040844,-1.1986967264364587,-0.15348626950136346,1.0328299580384335,0.007718923141844234,0.007804360995449877,0.007724065763298841,0.04563112447380048,0.04603907511438233,0.04549766530335257,-1.1068623438220875,-0.06662356082714337,1.028850820686659,-0.029032169971455635,259,270,1.1577208582311869,0.0044699647035953164,0.22763781249523163,0.28623347729444504
823,0.7287411926961752,0.7287411926961752,0.7444575764098046,481.9048483397529,0.422473580429401,0.0939395022645815,0.09255690782128298,0.09233527820569742,0.1641248613331028,0.16424641741058646,0.16311660325786645,1.4717923876203147,1.7077204160245252,0.23945226866642702,0.14329950361075203,0.14143648796211564,0.1413451532497606,0.158519919195842,0.15804589829534185,0.15711619469236512,1.3000852073409448,1.363822142957365,0.06457648494460562,-0.011496888581887132,311,266,1.3798039928078651,0.0044366687871635535,0.18455006182193756,0.29413874074816704
824,1.8327379542953632,1.0,0.9086196791190048,1100.5784607905791,0.625560365700261,0.353326310406795,0.3349289758897423,0.3360370506056011,0.2325284504842148,0.22883888330210556,0.22831583513271522,5.20689628119438,4.893283996113483,-0.3308387137646612,0.21860069379179983,0.20744579637780158,0.20808660559514996,0.18225817318766432,0.18032874626227283,0.17982224114426346,5.102864597777727,4.809723159736959,-0.30890441191748025,0.15266521412731304,420,390,2.1600594222545624,0.005142998624415624,0.25257816910743713,0.11559784412384033
825,-0.0261189577622555,0.0,0.2009400962781191,1819.580262552213,0.7341902117340791,0.25694713514878265,0.2689544057600954,0.2575276628432014,0.3004098331312845,0.32581803097403234,0.30278942472869114,-4.673050977727402,-0.225932736740806,4.248579934803721,0.6127124743091641,0.605442829161183,0.6095173049559188,0.39847699872551806,0.4089928550705028,0.398924203896521,1.186469258060671,0.5214794030181662,-0.6729744904867201,-0.5550143687135727,325,323,1.293231587857008,0.003979174116483101,0.21077245473861694,0.9160765679553151
826,0.5484024691895006,0.5484024691895006,0.6239500331674666,1151.069757381972,0.6360065645913273,0.4261128978575538,0.42541408917720763,0.42398309949462415,0.47087051544522607,0.4719585332432022,0.4702183261031072,0.16399613432489193,0.49982020578068065,0.3363757146245807,0.4526453919294428,0.44633643500282216,0.4475598915771138,0.42860265843033557,0.4255056198315608,0.42565883015936146,1.3937967864265963,1.1235064894069957,-0.27411084517083845,-0.13200443182422517,364,392,1.0612318105995655,0.0029154720071416637,0.15974590182304382,0.4680220000445843
827,0.7761971885129317,0.7761971885129317,0.7657327963344015,615.5797692610029,0.4830541370804038,0.1653050665917385,0.16317254851057092,0.16297960772627598,0.1868108237040917,0.1856026583254918,0.18456943735830245,1.290050042104487,1.4067680521891093,0.1182434092352475,0.20211734816046836,0.19683951367983327,0.19742889364945962,0.21578912584287904,0.2128989503935169,0.21246723971876127,2.6112723765031935,2.319669515595667,-0.29942157375220946,0.009778331342709778,501,452,1.122563749551773,0.0022406462066901656,0.09392273426055908,0.37726674042642117
828,0.175407695226611,0.175407695226611,0.5097007420122014,485.2762737920248,0.4241755114392202,0.0893357857158931,0.09131146482689544,0.08958224621170485,0.14288463786102418,0.14276480718337486,0.14129207807155897,-2.211520383651656,-0.27588104121628676,1.8937584874678837,0.08035313484926293,0.0805001561197954,0.07976470152147065,0.13836518890096736,0.13760435598461365,0.13656388765723346,-0.18296892934951525,0.7323091113945213,0.9136064248500201,-0.24625372297949033,424,408,1.4947650600224733,0.0035253892925058332,0.13422362506389618,0.23486576601862907
829,1.526014895395238,1.0,0.8983335694720309,922.57626578848,0.5834120442953074,0.18336417797508772,0.17149159882049841,0.17217022476382085,0.19030867931000114,0.18790178189897738,0.18737994057947577,6.474862912538098,6.104765573561324,-0.3957196434052488,0.1481767826323626,0.14419584235004215,0.14419916587668158,0.17814928922599121,0.17807915694458076,0.1774523643356969,2.6866154141013197,2.6843724671427047,-0.002304869949965698,0.1423791044803392,383,318,0.758706858381629,0.001980957854782321,0.11313258111476898,0.1877094004303217
830,1.0322135705172255,1.0,0.8344598794740254,312.4136065333265,0.3216834697658411,0.1318433274814522,0.12975785235337592,0.12983243853178789,0.14042855681840152,0.14043989186698255,0.13949720435480076,1.5817828387027482,1.5252110122502796,-0.0574810518663973,0.16903278760892462,0.16543512371300645,0.1656354829507714,0.16563862079108566,0.163745475440331,0.16313301349325596,2.1283822782605664,2.0098495127544385,-0.12111045905374779,0.07850541448233372,340,314,1.20716717466712,0.0035504916901974116,0.1444241851568222,0.2897487226873636
831,0.6876345443872247,0.6876345443872247,0.7236663034892361,590.3253702864228,0.472602444745003,0.1145377963316632,0.1131485048419242,0.11279208727294603,0.21224860498913795,0.2106214835404547,0.20990931222665077,1.212954617806751,1.5241336175721225,0.31499980443940145,0.13881716589704451,0.13837411385990664,0.13783181380611018,0.2156099808692039,0.21578261982881394,0.2148010626875143,0.3191622839112495,0.7098200604852695,0.3919086010158669,-0.032288161502455615,273,285,0.8193722413852811,0.003001363521557806,0.1282062977552414,0.17079802975058556
832,0.8940503953682796,0.8940503953682796,0.8205449934392508,578.872845614756,0.467722171619544,0.2417339218855681,0.23887288092527242,0.23885174433166168,0.2412730065538076,0.23931325639993434,0.23882596663338831,1.1835496391979459,1.1922933825029316,0.008848469331837241,0.39913858822705306,0.39320299152020466,0.3935162086053711,0.249332886043377,0.24735354123103434,0.24671736266157607,1.4871016939790074,1.4086284281998824,-0.07965785915196098,0.06459052844755908,228,387,0.9947747699916363,0.004363047236805423,0.13951562345027924,2.219105502590537
833,0.6560958502572134,0.6560958502572134,0.6781840768716082,2319.46067463699,0.7788049967133343,1.5784212258118073,1.5738800585161818,1.5721667888880562,0.5196785627793139,0.5143041580273169,0.5127474040032399,0.2877031315446158,0.3962463771693392,0.10885642897978587,1.20345896821155,1.1970583491142481,1.1961736433896282,0.4393592111738336,0.43381595507088017,0.4325664397166499,0.5318518758320223,0.6053654519479338,0.07390665002040964,-0.07777038812008352,355,271,0.7293468862771988,0.0020544982712033767,0.15745782852172852,0.6384098250418901
834,1.078436674415992,1.0,0.9059431358499476,1050.5133066634407,0.6145929727956283,0.33042069938703234,0.32279909313156185,0.3229545837328296,0.35337981745977676,0.35124899220471284,0.350921672968411,2.3066370447158486,2.2595786729019185,-0.048169466574172044,0.4572305300760009,0.4540562504434461,0.4537676646071252,0.40068094830397316,0.40015019273499997,0.39968541298276594,0.6942405250207503,0.7573565720338272,0.06355728745922272,0.14998867085825585,381,472,0.9126098863780499,0.00239530153905,0.10715439170598984,1.7947295801714063
835,1.0408931665645884,1.0,0.928744539495548,1597.475614464471,0.7080239124144341,0.3967345173566757,0.38589687382344523,0.3860061238547162,0.3010924983238018,0.29433798972088104,0.2941337295156435,2.7317117767918124,2.704174462418742,-0.028310680568242912,0.42629583691253004,0.41651932470168607,0.4165238738052146,0.3334293470668333,0.328088070565098,0.32782929979078823,2.2933632853773265,2.2922961617662945,-0.0010921710611620557,0.1727900745038563,439,573,1.2695381296798587,0.0028918864001819104,0.09690496325492859,1.6581995598971844
836,1.7843138338998314,1.0,0.967406811972326,4273.849890327162,0.8664462841880542,1.5009677002004544,1.432121566619298,1.4335203693747847,0.5060601096131288,0.5025168484581698,0.5022381965682643,4.586783151427052,4.493589756572522,-0.09767346488530369,0.409499376492084,0.3934130151036038,0.3937647584147175,0.3033527038218903,0.2982985744703364,0.2983004310246333,3.928299360619698,3.8424034273641197,-0.08940815316468878,0.2114523469806343,290,347,1.1219946667551994,0.003868947126742067,0.12397313117980957,0.2860815804451704
837,0.9183157655068934,0.9183157655068934,0.8538090873071094,999.3330792885996,0.6026967140870841,0.2704904743265725,0.2652471873752007,0.2652314493166811,0.26999187193533075,0.26831247497087335,0.26758737526392645,1.93843682089944,1.9442551620291242,0.005933355476964574,0.1861801660817705,0.18358432508081587,0.183561382827963,0.2106089558735015,0.20980418191114147,0.20931726400133577,1.3942629097314896,1.4065855181680935,0.012496847344007234,0.09785462231541764,336,388,1.9036646075546741,0.005665668474865102,0.1560598909854889,0.5217470703646541
838,0.6746522543275072,0.6746522543275072,0.7199117701036728,524.6152958197943,0.4433175259759143,0.1593700804702377,0.15822085756147766,0.15787934328246508,0.22966991797385788,0.22847102948275755,0.22787011344133526,0.7211032995460284,0.9353933833590661,0.2158465604826346,0.0936301433520022,0.09266794980075399,0.0926726296870197,0.1411679212292921,0.13986009055856305,0.1396421942052554,1.0276536132502228,1.022655344425499,-0.005050167048876555,-0.03604269488801892,514,696,1.2367279632017016,0.0024060855315208205,0.12907162308692932,23.261141046881676
839,0.5926732761312427,0.5926732761312427,0.6678703106969455,771.6683203075642,0.5394629651430868,0.36082451352569533,0.35992755096135665,0.35915198952380073,0.3416134266122517,0.33802434629013434,0.3377181197083083,0.24858692542096722,0.46352837437567807,0.21547709684474353,0.28502395090999083,0.2813714602934389,0.2816747210511057,0.29516766868557404,0.2920504274741085,0.29180216451192015,1.2814679625661942,1.1750696207080538,-0.10777950164189469,-0.08808415429474625,262,161,1.3212252724915743,0.005042844551494559,0.21029798686504364,0.2862409083172679
840,0.0374918442365661,0.0374918442365661,0.0413541124648527,121886.1589588506,0.9946242600286884,52.11591458510703,52.822985408320285,52.114851535277694,3.2381163499770396,3.301502009988128,3.2390953237426583,-1.3567272662145977,0.0020397796676825284,1.3405790444609198,50.76354951573012,52.305066001214854,50.77138354807975,3.9539842504655187,4.142408738238377,3.9579761771595243,-3.0366601630310828,-0.015432396718437168,2.932187205536621,-0.7146003525268391,412,315,0.8868134403601289,0.002152459806699342,0.09065595269203186,1.2565446235239506
841,0.9432817908914382,0.9432817908914382,0.8393480916155902,528.5792035413441,0.4451759839273476,0.06963319930411557,0.06669433797592751,0.06671948227874336,0.16936861506962292,0.16638116038672035,0.16600322363022418,4.220488728879019,4.184379081373048,-0.03770080576393469,0.06458274611854489,0.06313991800903726,0.06299062426368995,0.15615996462670445,0.15490949668877915,0.1543765818857839,2.234076740650279,2.4652433514247267,0.23644906432399534,0.08339362662389849,584,605,1.2568954201415181,0.0021522181851738324,0.1688893586397171,2.963265147060156
842,1.0464180995230428,1.0,0.8539219043027276,441.8046214739504,0.401430984212437,0.1459899144674665,0.14296199401760834,0.14305869182417766,0.17054498514747082,0.16690228615209354,0.16671592594857199,2.0740613904071656,2.007825440532103,-0.06763882053674207,0.05785125683037842,0.057109433225198895,0.056944752858533565,0.15037230331062842,0.1495163070036736,0.14901797384494692,1.2822947085740517,1.5669564007965353,0.28835930837546303,0.09796743931103591,429,506,1.1191362962126732,0.0026087093151810565,0.1623779833316803,7.351456664502621
843,1.1805278692447676,1.0,0.8986791679355335,927.9701291720048,0.5848281671655365,0.7772602670602101,0.7693394671564345,0.7696121059795468,0.31248831560375034,0.30661063138971667,0.30656197980842237,1.0190666163515607,0.9839897142292608,-0.03543803935081358,1.3195013430703622,1.3133696949750098,1.3132020017509662,0.3010447894236665,0.2957659942358933,0.29533956835677244,0.46469434287081385,0.4774031760163204,0.012768166091019868,0.14272470294384176,219,211,1.132632214576006,0.00517183659623747,0.26618334650993347,0.33280941285192966
844,1.0976803846707492,1.0,0.8779937296236704,658.9478227394885,0.50006759856444,0.3071110717175976,0.3021712740533782,0.3023312866357375,0.2960039238668713,0.291615487134982,0.29172432243548047,1.6084726729623706,1.5563701611693561,-0.05295426670208518,0.12178579982815235,0.1204659017848323,0.12030451633802554,0.20724489409173286,0.2052259653818136,0.20499571796557928,1.0837864883939814,1.2163023047161499,0.13396774059352792,0.12203926463197867,379,463,1.3676252514123917,0.00360850989818573,0.16603197157382965,3.850554160773754
845,0.9317148692993458,0.9317148692993458,0.8064656382179626,265.6721217906362,0.287386532963677,0.1064399638841589,0.10500139016682843,0.10501975827576779,0.1263756637005706,0.1255793155766791,0.12505774077337045,1.3515353301849151,1.3342785515567743,-0.01749320548059279,0.2546985903854276,0.24770989537577964,0.24839937373410023,0.20118057090262073,0.19728816189086956,0.1968549077842862,2.743908004780144,2.473204363555738,-0.2783410639589669,0.050511173226270856,342,381,2.4315158426761627,0.007109695446421528,0.1704699993133545,0.996556444093585
846,0.7682395219330098,0.7682395219330098,0.7613358859684468,513.5144647255315,0.4380460752001747,0.07554533304379714,0.0738176479830448,0.0736448235879016,0.12214086631502945,0.1199580467175925,0.11890292566124396,2.2869514120094236,2.5157205340450677,0.23412341068208245,0.13351068565012092,0.13075337422693847,0.13077667068163518,0.16980011878573176,0.16741943945400198,0.16659334949873533,2.0652365087902225,2.047787377596519,-0.017817096372801128,0.005381420976755091,318,218,1.18579070456326,0.0037289015866769186,0.17431610822677612,0.16100197285413742
847,0.7003755116286157,0.7003755116286157,0.7322988860339444,488.1557247748651,0.4256211664011453,0.06060607334252587,0.059379221382032686,0.059107506182985735,0.1290896882854473,0.12843846102843548,0.12728138052180937,2.024305309402602,2.472635293612773,0.4575930649187806,0.11607689340964188,0.11674802125510687,0.11587533085375266,0.16687182415884425,0.1666121188605437,0.16536892613593043,-0.5781752300145985,0.17364571877185447,0.7474990941793246,-0.02365557895774728,530,604,1.9716826677322388,0.0037201559768532807,0.3629749119281769,3.804459072649479
848,0.8615869748404574,0.8615869748404574,0.812565251869708,760.7539513777255,0.5359220088499844,0.40414658949109794,0.4006963747625635,0.40061643760119714,0.2770735309654711,0.2761177328068714,0.2753993778057794,0.8537037842825739,0.8734830335562089,0.019949559417328556,0.35970150844409904,0.35361759931453,0.35399215227284325,0.2933320310372242,0.29010537726954877,0.2898884861579915,1.6913771520962406,1.5872483259666599,-0.10592033853498431,0.05661078687801624,387,293,1.4976434540003538,0.0038698797260991054,0.21717631816864014,1.005804779008031
849,1.1612688123153616,1.0,0.8561674665486343,458.98716022895854,0.410632391014779,0.10932865893277789,0.10552179190597923,0.10571487646939522,0.1641318862749876,0.1623391208099633,0.1617982801378366,3.482039443234519,3.3054301577088356,-0.1829807473209235,0.18349404669813837,0.17934060736005644,0.1793837983353832,0.20534670478594969,0.20248946616049035,0.20188895606161322,2.263528115936456,2.239990036034706,-0.024083210134361346,0.10021300155694257,526,455,2.3897320926189423,0.004543216906119662,0.2945123016834259,2.7441733814775944
850,0.9645096689716358,0.9645096689716358,0.8429992659459471,471.914119855341,0.4173705536622628,0.08262892399865812,0.07987946745143448,0.07991943647981345,0.15593792560676784,0.15413127067513896,0.153740332107936,3.3274747076075797,3.2791029916941357,-0.05003667357104906,0.48340058465561747,0.49137223870771723,0.4885248440613615,0.2899870372341332,0.29264367504559663,0.29072687392828317,-1.6490782810655682,-1.0600441059446837,0.5794781271820008,0.08704480095425537,160,414,0.6659839358180761,0.0041623995988629755,0.12351509928703308,2.58215762861073
851,0.1296297071756494,0.1296297071756494,0.6907097123463325,76.60451958051911,0.1041708024968769,0.008713678010538038,0.009069538415272957,0.008856844001568002,0.05370189812017437,0.05504541033041202,0.054121368526385,-4.083928787643435,-1.643002998926783,2.345151472612775,0.009514599314947553,0.009870746171837814,0.009669159317591177,0.05616293589232179,0.05731142232448027,0.05648195401051866,-3.7431619041566013,-1.6244509887117264,2.0422656072525065,-0.06524475264535923,307,347,1.6819810885936022,0.005478765760891212,0.19749002158641815,0.4396489216014743
852,0.3560218621031389,0.3560218621031389,0.6829445984226021,147.11942745108746,0.182555425693651,0.05654914690005777,0.05681482497065856,0.056530811323245514,0.09488444277680874,0.09507673297257262,0.0944945331490633,-0.46981799932425866,0.03242414398339971,0.4998935534162472,0.06600383828808327,0.06594733549562422,0.06575061283879673,0.11680158789955597,0.11679655761207879,0.11635116926957959,0.08560531315230799,0.38365261150618124,0.2983026612812047,-0.07300986656908959,546,566,1.057109635323286,0.0019360982331928316,0.133932426571846,1.455687215551734
853,1.0809851656819074,1.0,0.8410779941817902,352.85735943378666,0.3488018299011312,0.041502764916870105,0.0389314613418059,0.039044311376914956,0.12485719437027132,0.1215905409512567,0.12142277998650695,6.1954994569988795,5.923589777402598,-0.2898684796809234,0.0976746834782161,0.09607638849541954,0.09596306372896649,0.16435209590945996,0.16336258610302998,0.16279134630886996,1.6363451878019406,1.7523678483497234,0.11795277510712694,0.08512352919009847,449,673,1.1623913245275617,0.0025888448207740796,0.08187442272901535,2.1903973817825317
854,1.1902081852141912,1.0,0.9113385596877042,1154.530409152503,0.6367012397531576,0.5281743332540975,0.5181795216637435,0.5184806448398597,0.39165446668118387,0.3874007397126268,0.38720615180613377,1.892331936839046,1.8353198563274917,-0.05811174767180321,0.795654827337957,0.7788397474636226,0.7796876382229336,0.5160527497176165,0.5112697999755415,0.5112921700794502,2.113363646720154,2.006798496836274,-0.10886588185467812,0.15538409469601244,396,366,1.4162208307534456,0.0035763152291753675,0.1748458296060562,0.3132149213925004
855,0.0766908675222628,0.0766908675222628,0.4094562168642686,685.9564477284001,0.5101086668243218,0.5307294395734872,0.5343714678296257,0.5311804945193112,0.24869085706910082,0.2515833463416465,0.2483932574030361,-0.6862306826366059,-0.08498773804341146,0.5971451513447897,1.0268063539865853,0.9828805506014177,1.005501687721733,0.2815316527197766,0.2786188408300953,0.2784357293996463,4.277905294861612,2.0748475291506137,-2.301514370843306,-0.34649824812742314,246,325,0.7407401613891125,0.0030111388674354165,0.11222676932811737,0.5557394064962864
856,0.8906351207304134,0.8906351207304134,0.8224340353757368,642.1411696043717,0.4936089003978,0.43947367291750167,0.43632743955764847,0.4362980045082156,0.17241139334557318,0.16844764134686874,0.16816087019959824,0.7159094056684971,0.7226072015199437,0.0067460917568489915,0.0679610519622408,0.06563971276811646,0.06561033317081048,0.1656483662694128,0.1632231649382728,0.1629092677604474,3.415690497866441,3.458920548693644,0.04475887548406399,0.06647957038404506,250,356,1.962679773569107,0.007850719094276428,0.19771799445152283,0.5948791764676571
857,2.0765171742648856,1.0,0.9376328798297144,1919.0276746022048,0.7444447399205142,0.6744001139151906,0.636453845516385,0.6381166780094764,0.1945572179382632,0.18931406766934383,0.18910881557341386,5.626669927220328,5.380105245693522,-0.26126521267889735,0.059273266476783666,0.05717460145415538,0.05707908469331959,0.15550974663306644,0.15381019279349378,0.15346493008569767,3.5406603134488956,3.7018067568850768,0.16706152453441378,0.18167841483802272,501,541,1.3177512111142278,0.002630241938351752,0.10043137520551682,0.9334808066487312
858,0.7578001958342868,0.7578001958342868,0.7567623982671206,512.8571842700753,0.4377308201085563,0.09189793821703163,0.09023961639107529,0.0900509497230338,0.1574157494378607,0.15622208735183582,0.15520273728957315,1.8045256053949155,2.0098258239873292,0.2090729943086797,0.13900426490461348,0.13927321199076567,0.13848604513572055,0.20572189332758856,0.2057465127457464,0.20453467931938488,-0.19348117580186697,0.37280853882328346,0.5651961664367415,0.0008079332754288293,263,440,0.7733449526131153,0.002940475104992834,0.07524828612804413,1.6710083922371268
859,2.123615434273846,1.0,0.8878751255521918,775.0762763307762,0.5405575666688963,0.26125228824168967,0.24546830011969806,0.24675417578342987,0.13411940951525175,0.1297190948252683,0.12956908051857402,6.04166502357657,5.549468123642733,-0.5238459153808366,0.06474863787465361,0.06377323849773019,0.06364767131553661,0.13686959219682396,0.1353311996906716,0.13487950522616032,1.5064399946323086,1.7003702243873458,0.19689635519770876,0.1319206605605001,372,331,0.7490622419863939,0.0020136081773827795,0.11399495601654053,0.879601638764143
860,0.8190812852441269,0.8190812852441269,0.7924554070229951,903.0956041240312,0.5782160717954952,0.28630435706220936,0.2826900571166166,0.28250869354929536,0.3306642400235909,0.3290051724385851,0.3284015479362611,1.2623978142279646,1.3257442366094543,0.06415633049535185,0.2989777106371908,0.29515359342910447,0.2948621893336843,0.38810835362411056,0.3860112691752305,0.3855107721108446,1.279064315509093,1.3765311449925075,0.09872964514327073,0.036500942031303385,278,568,0.8350340221077204,0.0030037195039846055,0.07982487976551056,10.896861831657588
861,1.067714900826993,1.0,0.8719180694565181,596.4409284803505,0.4751719979670122,0.0712208176387014,0.06697377265373525,0.06710001771369119,0.158944239723134,0.1548500107639512,0.1545655065350194,5.963207283734286,5.785948633607054,-0.1884992512048657,0.11321266129849052,0.1084761108968161,0.10855923624411776,0.17884828509879203,0.17609166160065934,0.17558024080018092,4.1837638541031055,4.110339780904703,-0.07663009543247076,0.11596360446482634,427,499,1.251486605964601,0.0029308819811817355,0.18233340978622437,3.5715941451489925
