target_index,alpha_raw,alpha_clipped,alpha_shrunk,denominator,reliability,val_baseline_mean_mse,val_static_mean_mse,val_adaptive_alpha_mse,val_baseline_mean_mae,val_static_mean_mae,val_adaptive_alpha_mae,val_static_mse_gain_vs_baseline_pct,val_adaptive_mse_gain_vs_baseline_pct,val_adaptive_mse_gain_vs_static_pct,test_baseline_mean_mse,test_static_mean_mse,test_adaptive_alpha_mse,test_baseline_mean_mae,test_static_mean_mae,test_adaptive_alpha_mae,test_static_mse_gain_vs_baseline_pct,test_adaptive_mse_gain_vs_baseline_pct,test_adaptive_mse_gain_vs_static_pct,alpha_minus_global,parent_count,child_count,parent_abs_strength_sum,parent_abs_strength_mean,parent_abs_strength_max,child_abs_strength_sum
0,1.0405876355059882,1.0,0.7556624119929146,426.5099070280002,0.3499599767186596,0.14117431137495845,0.1382824041132669,0.13849514290579992,0.13660946048130532,0.13778400402694235,0.13637696500066515,2.048465640473826,1.8977733576774216,-0.15384371851011158,0.43993657876477676,0.43458609825876304,0.4346724893588421,0.25820623087156575,0.2590181863461066,0.2571081868060277,1.2161935979582392,1.1965564265455693,-0.019878937781308365,0.13154324895075675,417,412,1.3849780354648829,0.0033212902529133883,0.1742548793554306,3.3369519766420126
1,0.6617678505377602,0.6617678505377602,0.6395067075094496,547.611680053437,0.4087139682914338,0.2808075010237646,0.2796963987207893,0.2793052190659896,0.20052546350689207,0.20080714965213708,0.1988295455677208,0.39568113348984574,0.5349864060959977,0.1398586669648824,0.2744350616157047,0.2689006649820737,0.26996502023577984,0.21378868213868948,0.21205603387824726,0.21093548330527703,2.0166507154908917,1.6288157036524407,-0.39581726351516605,0.015387544467291736,507,379,1.8147889431566,0.003579465371117554,0.15045283734798431,1.4602398425340652
2,0.7172751648206115,0.7172751648206115,0.6709180509023395,799.7789772301261,0.5023711512595839,0.3077435116882866,0.30556394981419305,0.3051738090341627,0.3559017438696336,0.3556605246108592,0.35428857341749936,0.7082397487883514,0.8350144053489519,0.1276789294900767,0.3244532073755121,0.32396646435085974,0.3228476967443365,0.37468536396780155,0.3752843109181747,0.3735137216322516,0.15001948311424954,0.4948358021061016,0.34533438785552867,0.046798887860181604,373,339,1.5396404210478067,0.00412772230843916,0.20505917072296143,0.7652578139677644
3,0.9106619300180866,0.9106619300180866,0.7626703817955354,741.6931677726777,0.4835271893811811,0.18421784426292184,0.1803975408844506,0.1804622892969834,0.20022835694650198,0.19812334158269737,0.19735547456979038,2.073796593243588,2.038648851290639,-0.035892070487972945,0.6287715412257046,0.6163154357996173,0.6172360045550307,0.3436778649679455,0.3378350044731199,0.33744291310702357,1.9810224555974232,1.834614945865219,-0.1493664935097712,0.1385512187533775,338,297,1.5374575294554234,0.004548690915548589,0.13113251328468323,0.585312457755208
4,0.4062839321655368,0.4062839321655368,0.5183336128900499,747.9396681266536,0.4856218607357573,0.18702199789214105,0.1879011616072003,0.18630663188127133,0.15547724817644895,0.15677330702303302,0.15365477898173205,-0.47008572519168557,0.3825036727937648,0.8486002493493181,0.24678202140702762,0.24724058873425184,0.24563448557629122,0.17250106632816933,0.17130041850279934,0.16945021291680673,-0.18581877424039706,0.46499976951065003,0.6496114437289845,-0.105785550152108,427,326,1.9131083115935326,0.004480347333942699,0.21868517994880676,0.9429383352398872
5,0.9316829999221002,0.9316829999221002,0.7829967706253816,846.530841604087,0.5165679073162354,0.12426294294741995,0.1196794468954654,0.11977203558132095,0.15507509130994568,0.15333424868115633,0.1517376949180469,3.6885461934488255,3.61403589805471,-0.07736389852838776,0.24178404947020354,0.23366032545886325,0.23440097490858194,0.2178614560344343,0.21399441466275604,0.2129573370235347,3.3599089886785203,3.0535821439831823,-0.316976982833606,0.15887760758322378,485,457,2.255961885675788,0.004651467805517088,0.1754429042339325,1.2672644816339016
6,0.6381520290028708,0.6381520290028708,0.6321412540033078,1057.32366421628,0.5716644756394668,0.14129601513853657,0.13946389330525052,0.13859593369477297,0.18949884748243392,0.18990654406393548,0.18727860395527215,1.2966549916426886,1.9109395555962794,0.622354352734022,0.14187103478688837,0.13834067129015926,0.13845107879318092,0.1930635528978473,0.19229530067045228,0.1904389187044979,2.488431484292934,2.4106090428146523,-0.07980841931154678,0.00802209096114992,503,414,2.6817217748612165,0.005331454820797647,0.21770596504211426,1.0715342573821545
7,0.1887364661000996,0.1887364661000996,0.4297053052963425,639.1711647004819,0.4465355631064235,0.08643252716159024,0.08892789485539401,0.08652249489559045,0.14611221874550906,0.14798470345340392,0.14500144193313408,-2.887070152581045,-0.10409013476144065,2.7048880036067295,0.10532597759552474,0.10400893112913119,0.10380126132307321,0.164185453776869,0.16396231981152684,0.16222360381891843,1.2504478918309245,1.4476165398689957,0.19966535931433393,-0.19441385774581538,378,340,2.134314076974988,0.005646333536970868,0.1497594267129898,0.9162370897829533
8,0.7037797407920425,0.7037797407920425,0.6527733199926844,445.0549416653165,0.3597031023361863,0.09095301415695022,0.08981548178876367,0.08957783561544634,0.16408306437035453,0.16222195344482007,0.161292942776225,1.250681331158086,1.51196588068081,0.26459377446334365,0.4014604992697138,0.39450703877307225,0.39519642304084873,0.3213160834293429,0.3171726262538032,0.3164848113547762,1.7320410125754302,1.5603219346012525,-0.17474574596196984,0.028654156950526533,341,410,1.6644883221015334,0.0048811974255176934,0.17589126527309418,0.9379679299890995
9,0.9781797265964032,0.9781797265964032,0.8430698454160932,1283.8374281814058,0.6183989546194971,0.4282754500080535,0.4205754571523188,0.4207185986783623,0.3433701848687472,0.3418963815493423,0.341192704106577,1.7979066639448746,1.764483892212148,-0.034034683576806675,0.28332717690074144,0.29299744676395323,0.2898871453903463,0.247742415779594,0.2547039100919326,0.25218662270112596,-3.413110584375601,-2.315333305249094,1.061545555416614,0.21895068237393533,523,497,2.5195546206086874,0.004817504054701123,0.31542402505874634,0.8922214992344379
10,1.1663400235017731,1.0,0.8545730537640173,1255.422771135616,0.613103590454404,0.33300645529985146,0.32251405063871397,0.32306146869338725,0.3020086212028223,0.2969609414676369,0.29679512000184355,3.1508111912394416,2.9864245717126905,-0.16973463747987685,0.3024550310779801,0.2975804979098823,0.2973985741154235,0.28603471985249507,0.2817093867765378,0.2813218822880545,1.6116555081674462,1.6718045471205791,0.06113431348377461,0.2304538907218594,307,279,1.7135505769401789,0.005581597970489182,0.15872344374656677,0.8329113889485598
11,0.7992137165740383,0.7992137165740383,0.6764366025692833,337.58248209214275,0.2987953564049591,0.05971006175910586,0.05844313785386455,0.05838970060668887,0.1034512279675149,0.10296881195760293,0.10177270151984907,2.121792990857371,2.2112875343252143,0.09143459632386187,0.14896611455491207,0.1442529231267542,0.14514029837484618,0.1618679327919423,0.15942275166831119,0.15871198794826233,3.1639352628885904,2.56824593398092,-0.6151523510634552,0.05231743952712542,449,437,1.8417397234588861,0.004101870208148967,0.12274955958127975,1.5181422708556056
12,0.6129493638381719,0.6129493638381719,0.6178692028089376,1006.415246613488,0.5595409656952421,0.29965852811948807,0.29823275597090754,0.2972873861424077,0.23796641843882424,0.23651268372072712,0.23523282936027848,0.4757989560744307,0.7912813267690133,0.31699060870163903,0.959180328923168,0.9346006761474995,0.9391112631247762,0.4216415539392999,0.4139067243736342,0.41398116169093363,2.5625684800336748,2.0923141554542144,-0.48262183972193295,-0.00624996023322022,474,266,1.838994089514017,0.0038797343660633274,0.13712649047374725,0.6160430274903774
13,0.614612732356637,0.614612732356637,0.6190666555811232,898.7006973632058,0.5314831221280663,0.1605058550781848,0.15921393075428839,0.15837695875720934,0.16733918308083787,0.16616724259157337,0.16439178799355106,0.804907910223645,1.326366767080517,0.5256901786884038,0.2480420758893882,0.2453497335711946,0.2448296691021242,0.2656278441197165,0.26430742149201886,0.26290489489958213,1.0854377462129525,1.295105588737511,0.2119686300451995,-0.005052507461034694,337,460,1.8594370055943727,0.005517617227283006,0.17012827098369598,0.7802235390990973
14,0.8008920996272396,0.8008920996272396,0.7097963195020067,745.1052553329781,0.4846734919664127,0.22661153965848987,0.22379952525049732,0.22365305407453595,0.2864901007545464,0.2851059266752001,0.28418718172052576,1.2408963869317269,1.3055317431815021,0.06544749181099535,0.2510238211043062,0.24846969384794143,0.24822024660135492,0.3058843629094239,0.3046969881378372,0.30367115029522584,1.0174840161099614,1.1168559583778883,0.10039342936493968,0.08567715645984886,380,375,1.7769869044423103,0.004676281327479764,0.14887206256389618,2.4821270257234573
15,1.1751597329809895,1.0,0.8439861008618674,1116.4710814289435,0.5849378744582535,0.3644120053311194,0.3549574057272341,0.3555105092829904,0.28226276340179757,0.28139225238097176,0.2805886238146168,2.594480825431219,2.4427010959863282,-0.15582251471076625,0.5492412027190036,0.5453715919324867,0.5445005641638729,0.3721736543240433,0.37185589802139024,0.3707962373024886,0.7045375997577051,0.8631250772269498,0.15971271358806588,0.21986693781970956,330,377,1.191485424991697,0.0036105618939142334,0.14775346219539642,1.9584440579637885
16,0.3632887537339176,0.3632887537339176,0.5011847746093172,706.272818507736,0.4713192329026373,0.24547856880059907,0.24668962937181685,0.24497822398350003,0.25174078791121135,0.2519406701286086,0.25016602135285615,-0.49334676225911983,0.20382423587676546,0.6937484128030972,0.2158891472076429,0.21644829394705253,0.2149145377397867,0.24906276176510173,0.25009585144213514,0.24764191063686591,-0.2589971504551074,0.4514397691880411,0.7086016615317039,-0.12293438843284066,397,522,1.04831425298471,0.0026405900578959952,0.10890597850084305,4.000289253890514
17,-0.1906689388036372,0.0,0.1586479825207692,2324.390463663955,0.7458049809791645,0.11387768689861474,0.1340134521868959,0.11512646467376438,0.19178450452816825,0.21852424012018673,0.19421361436782147,-17.6819233307821,-1.096595662556281,14.093351976928123,0.13327023594402598,0.14828689950832633,0.1341466603076852,0.20895837015702207,0.22799457550260085,0.21066206471472193,-11.267829953124265,-0.6576294830207474,9.535730565225782,-0.4654711805213887,423,381,2.577192271128297,0.006092653123234744,0.14968976378440857,0.7512472569942474
18,0.6856403484533603,0.6856403484533603,0.6543480207583126,765.3052781297997,0.4913568799773199,0.17021699343047486,0.16843504055939806,0.1679654464611308,0.1627787420007016,0.16034620794829607,0.15880976799697472,1.0468713112387549,1.3227509921115572,0.2787983407179887,0.13529861977200217,0.13185106749016867,0.1319521646917888,0.17316069642956242,0.17098362919016719,0.16969562501453403,2.5481060247644214,2.4733844926523454,-0.07667530005221224,0.03022885771615469,271,263,0.9765692446380854,0.00360357654848002,0.1379437893629074,0.5775429680943489
19,0.7641831329855473,0.7641831329855473,0.6988837134210772,907.0625711127186,0.5337885996601226,0.3248216535739076,0.32181605162916443,0.32152397322302184,0.21020721786050767,0.21415038358385086,0.2105990775880536,0.9253083689690867,1.0152279919156941,0.09075942752512581,0.3022548848698995,0.30111713753727876,0.3002116320900535,0.22029209442073808,0.22312165530349926,0.22006814612014727,0.3764198329203034,0.6760032284425923,0.3007153477317866,0.07476455037891938,343,321,1.616478057578206,0.004712764016262991,0.21710403263568878,2.0245183799415827
20,0.4747792292002731,0.4747792292002731,0.5732404391712085,409.37553335638745,0.3406906817356552,0.012207083100517607,0.012336582981334854,0.011653257723454834,0.07252069056702046,0.07290175247054875,0.07045495773726032,-1.0608585175581882,4.536918217909806,5.539015616511356,0.01708120480300086,0.01692668309846711,0.016317474703503317,0.07982230842690251,0.08001125407902138,0.0776814250678869,0.9046300089242058,4.4711723107691395,3.5991008481689155,-0.05087872387094938,461,441,1.514547273516655,0.003285352003289924,0.11361270397901535,0.5391985569149256
21,1.141201504139082,1.0,0.8360907973134937,1024.531350153986,0.5639330698178423,0.21463385259615222,0.20639419974199333,0.20686423073289864,0.23811210421752685,0.23448071007003565,0.23364699897844604,3.8389344245999943,3.6199424132187765,-0.22773459307135707,0.4555715438674103,0.44088142178796147,0.4419225815762514,0.3410044531836745,0.3369013324262692,0.3359288996530799,3.22454777459152,2.9960085248720585,-0.2361541532114467,0.2119716342713358,492,372,3.0263544470071793,0.00615112692481134,0.44966593384742737,0.5000433847308159
22,0.3496345126224617,0.3496345126224617,0.5159138906744125,515.5382260684313,0.3942124712704188,0.14313506233784026,0.14410735759953666,0.1428292251408614,0.1532558679600564,0.1534582476794517,0.15124064212448377,-0.67928517710182,0.21367035580491708,0.8869307438327225,0.21058160934924308,0.20674375287528468,0.20743193311257976,0.20835946447777903,0.2058688717207714,0.20515507100296712,1.8225031548664037,1.4957033742864398,-0.3328662790165264,-0.10820527236774535,295,274,1.7799407206475735,0.006033697358127367,0.20641018450260162,1.8391902018338442
23,0.7250206051676128,0.7250206051676128,0.6799453442374008,981.184125324264,0.5532743637680808,0.3274910874874161,0.3247218389716962,0.32426906591302623,0.34732253652000705,0.3467671049044174,0.34492672092216686,0.8455950777061443,0.983850155773688,0.13943412617512319,0.2898324134644687,0.28885094280556206,0.28776809352166005,0.3448334631906271,0.3461882686283009,0.34394961858779693,0.33863384953213893,0.7122460590701722,0.37488168582192305,0.05582618119524296,343,346,1.9062158409506083,0.005557480585861831,0.1579635590314865,0.6754039339721203
24,1.146057140007015,1.0,0.8382122887054586,1048.3541845488653,0.5695771228883181,0.2719365858660872,0.2634414937255089,0.2639243020916196,0.2609903773571976,0.25804320130753716,0.25741561216529624,3.1239239521678934,2.946379483639318,-0.18326967376436057,0.1754310766086547,0.1704190891548241,0.1707510568342504,0.1867151883538296,0.1850094164595196,0.1843570248953942,2.8569553073034877,2.66772561901579,-0.19479489127225644,0.21409312566330074,351,238,1.6765056978911161,0.004776369509661299,0.17729036509990692,0.5072377901524305
25,0.8800411098312391,0.8800411098312391,0.7692604884204421,1037.9540536316863,0.5671312179330323,0.27008245999277314,0.26513482289544194,0.2651210374754066,0.2608324454661305,0.25619919945112746,0.2556576935373422,1.831898708810484,1.837002861088902,0.005199400020254837,0.3424054011802392,0.33742250542195096,0.33725876579335906,0.3271877560619096,0.3214691613621718,0.32135501534254196,1.455262020141236,1.5030824190098,0.048526587871528734,0.14514132537828428,322,255,1.6487125689163804,0.005120225369305529,0.16921421885490417,0.44106372632086277
26,0.608857138637049,0.608857138637049,0.6175599562865132,597.0934108037276,0.4297730485510875,0.08754585303394581,0.08673060769731214,0.08615800000315833,0.15746758123313723,0.15638987873773813,0.15482696201609658,0.9312209640787451,1.5852870041135354,0.6602140920679289,0.1352800476639115,0.13342037995126324,0.13311740153484053,0.1829969026892426,0.18124610144668177,0.18006134611976346,1.3746799655691995,1.5986438254692403,0.22708555959245905,-0.006559206755644698,449,365,1.2589489743113518,0.0028038952657268414,0.15892045199871063,1.875908937305212
27,1.065993723813968,1.0,0.7711128946481466,508.7780072573703,0.3910647129437863,0.4187454295603585,0.41513358480165075,0.41539713603335837,0.22771420838718984,0.22487109080137585,0.22420035328868138,0.8625395058042353,0.7996012112933367,-0.06348588535267505,0.09267768387096632,0.08989286221865049,0.09034295947347748,0.11194822298652114,0.110668568359424,0.1103479621005935,3.0048459737007414,2.519187251959645,-0.5007041090005537,0.14699373160598872,269,311,1.2539151152595878,0.004661394480518914,0.3673474192619324,1.24892339669168
28,0.8949914016198757,0.8949914016198757,0.7345963547540488,545.6730624242268,0.4078571960418646,0.1095319051241593,0.10682851148888495,0.1068788154345627,0.18262113296181332,0.18089956747715064,0.18016365008979465,2.468133492437607,2.4222071976098816,-0.04708850191456604,0.29411131016345515,0.29313053166281144,0.2919298271005768,0.2861602313940943,0.2844270075347117,0.2831772328507776,0.3334718750185539,0.7417202220703356,0.40961429552340767,0.11047719171189097,380,437,0.9272044766694307,0.0024400117807090284,0.14086796343326569,0.6243650764226913
29,1.787345934845748,1.0,0.868669697452502,1475.212260497654,0.6506065496437434,0.5614108584905471,0.5375910146892946,0.5396638426752226,0.33459072909368653,0.3321200067934226,0.3311290504354578,4.242854130982851,3.873636479671087,-0.3855771263450179,0.670412730868583,0.6537703171667899,0.6548304310264069,0.3878129073928044,0.38570670960973946,0.384853146381371,2.482413136789821,2.324284597338677,-0.1621538683816631,0.24455053441034413,320,428,2.0456491112709045,0.006392653472721577,0.12664437294006348,1.8814922841265798
30,0.74687900313539,0.74687900313539,0.68354705634303,743.3927792925764,0.4840988164837833,0.1299680393521023,0.12766611194529667,0.12738611211711398,0.1817578479353615,0.1807538226454427,0.17890183589640027,1.7711488288050343,1.986586277564365,0.2193219672129347,0.1554222279074835,0.15410971386291847,0.15343414010014533,0.19802676969858718,0.19753863826302276,0.19564731941638228,0.8444828402191731,1.2791528175246565,0.4383719532268174,0.05942789330087217,468,457,2.015188505873084,0.004305958345882658,0.20509113371372223,0.5370648615062237
31,0.6632325725961762,0.6632325725961762,0.6425813771309352,708.2546378899312,0.4720175075322904,0.16232561439105686,0.16087555636130638,0.16037370797115844,0.19572676462127075,0.19794928560619032,0.1951791905048416,0.8933020430510523,1.202463595915373,0.3119481924406541,0.19882207474953092,0.19754250216975222,0.19690996229000196,0.2299393498791122,0.231665495863938,0.22931798837978812,0.6435767162125556,0.9617204035003539,0.3202044485630267,0.01846221408877735,407,314,1.1652334928512573,0.002862981554917094,0.16818548738956451,0.15160399302840233
32,0.1913965077809451,0.1913965077809451,0.3994954359511623,855.138830259629,0.5190939840101545,0.10585198174222736,0.1091619710728294,0.10588776558643366,0.17410294735008672,0.17427975924106803,0.1724227916626937,-3.1269979797474083,-0.03380554961497188,2.9994012147429063,0.11033691764463882,0.10943705663884609,0.10888900817335863,0.18126340859404658,0.17988984182337506,0.17903618548268546,0.8155574987973689,1.3122620263359743,0.5007887477238003,-0.22462372709099554,315,470,1.7044830415397882,0.005411057274729487,0.21199622750282288,3.665662696585059
33,0.5954505339492614,0.5954505339492614,0.6090779680663849,874.4180051145139,0.5246569316947162,0.28843015399205213,0.287383298866086,0.28648684403389857,0.2495467639378808,0.24859222290661212,0.24727571609166402,0.3629492656981303,0.6737540895974108,0.31193699693911175,0.27853182325924297,0.2778891930990139,0.27677761900569037,0.26749706136226936,0.26667014778527676,0.2654282969682347,0.23072055203938344,0.6298038884841832,0.4000062330338474,-0.015041194975772942,312,315,1.7182332444936037,0.005507157834915397,0.1451488733291626,0.3002932723611593
34,1.2324499493020982,1.0,0.7633438286046732,466.0678983205768,0.3703957527851584,0.17034243682546177,0.16606073643794117,0.16654601213948575,0.12838689502822034,0.12623624739562347,0.12540884313579548,2.5135840882138862,2.2287016416619396,-0.2922278390147528,0.2801104774527376,0.2749023439531067,0.2754217023371619,0.19235939813671651,0.18880412586821474,0.18837776806433243,1.8593140631484064,1.673902082569125,-0.18892468379381838,0.13922466556251534,249,174,1.8584362529218197,0.007463599409324577,0.3560624122619629,0.020597299560904503
35,0.8720178864007418,0.8720178864007418,0.7344167780789389,635.031153471648,0.4449301454337715,0.12977259316109713,0.12680948173834544,0.12681965556860836,0.20154443784728088,0.19954341935042713,0.1986375670474464,2.2833106363786206,2.275470899177495,-0.008022925512706166,0.1964636255262977,0.193030423269666,0.1931436502446967,0.24068568101248505,0.2384137035659979,0.23784134993665876,1.7475002038848966,1.6898676651758109,-0.05865758003987658,0.11029761503678104,344,362,0.9973875787109137,0.002899382496252656,0.11797056347131729,0.46772734448313713
36,0.6317584809744571,0.6317584809744571,0.6274879901026803,624.9593368129703,0.4409853196813482,0.08872068320396334,0.08768787549664243,0.08715647985291765,0.17404162978314455,0.17404844658441698,0.17241998178697107,1.164111535239811,1.7630650425106469,0.6060081176731587,0.0913218855359324,0.08875439426827215,0.08881076996625278,0.17974736070862543,0.17820476942427518,0.17726979371911897,2.811474218466521,2.749741264038585,-0.06351876822033832,0.003368827060522439,424,464,1.508839188143611,0.0035585829909047426,0.14349167048931122,0.4820479154586792
37,1.3658981085625983,1.0,0.8410134404958903,1080.7830479646766,0.5770293564554844,0.5257385918688375,0.5140005826750896,0.5149604912720521,0.32894725122391244,0.3264221682738331,0.3260319437493023,2.232670261474038,2.050087393902854,-0.18675243361917876,0.3827299384014853,0.3801171306087214,0.37977355609222485,0.3115414608785537,0.31167962920211073,0.31090156719210965,0.6826766162262067,0.772446054679729,0.09038648585669462,0.21689427745373246,318,262,1.0502105709165335,0.0033025489651463315,0.19183005392551422,1.0255587790161371
38,1.12121942375818,1.0,0.8395512877947097,1063.714479014223,0.5731394196526016,0.4428622016658204,0.43457402065417516,0.4350052460192631,0.2973122205073099,0.2949195624513778,0.294193993285805,1.8715033661643194,1.774131008924101,-0.09922943954146293,0.47973700294558014,0.4707491603679535,0.4712426499878722,0.29902198954656134,0.2959618651226194,0.2954786335327974,1.8734937106042224,1.7706270113734637,-0.1048306957218909,0.2154321247525518,263,238,1.1113873766735196,0.004225807515868896,0.206940159201622,0.2646913081407547
39,0.4042445533769544,0.4042445533769544,0.5210065804103227,699.6178482776708,0.4689608444960593,0.014729153175399507,0.015569412802221733,0.014071987795673608,0.0796607757561254,0.08206693746471522,0.07780670572133046,-5.704738193812929,4.4616643733700245,9.61773591316459,0.02061035901401878,0.02194280909092935,0.020291180756433592,0.08768142393467465,0.0918716106707282,0.08709065884339959,-6.464953259689766,1.5486302658196784,7.526968528284305,-0.1031125826318352,538,624,1.204848153050989,0.0022394947082732134,0.06420847028493881,0.8486721776425838
40,0.9284291066572634,0.9284291066572634,0.7817720486434423,851.6277362012237,0.5180668226887962,0.1479590089945017,0.14338267307455843,0.14347018741600764,0.1808081583521796,0.17855976342795135,0.1773718357723376,3.09297551466659,3.03382782096146,-0.06103550699163342,0.21260907427255216,0.20806429903807241,0.20819986792251718,0.22217204306786903,0.2198785546051794,0.2188721927039476,2.137620536672678,2.073856144250284,-0.06515720624419237,0.15765288560128443,544,464,1.1744987266138196,0.0021590050121577564,0.09286411106586456,1.2694303393363953
41,1.1331599766287097,1.0,0.7816038481069608,571.2736413052189,0.4189750303298012,0.0865823746746166,0.08204560458910824,0.08242486346395994,0.13779648675142414,0.1342399338709224,0.13357246769162598,5.239830973171965,4.801798548816565,-0.4622537389431901,0.20265022298087104,0.1963345864079552,0.19692770186328867,0.19375838116508498,0.19027715647386315,0.18940918024213424,3.1165209097805913,2.8238415104643333,-0.30209422913447426,0.15748468506480295,357,347,1.7531423000618815,0.004910762745271377,0.16586677730083466,0.8027503341436386
42,0.6059363434159414,0.6059363434159414,0.6150847460264746,782.3583203679445,0.4968655687843504,0.10936347848250144,0.10832394181156002,0.10756245309088516,0.16608582788174997,0.16683757280792197,0.16429154181641203,0.9505336565421616,1.6468252625161786,0.7029736067023309,0.45432515319793015,0.4494492688663415,0.4491808167265272,0.3368296844247934,0.33871675824107406,0.33508615414383736,1.073214700367784,1.1323028089448033,0.05972913038470966,-0.009034417015683305,484,469,1.4455150114372373,0.002986601263300077,0.14180037379264832,0.2578583173453808
43,1.7168506566565969,1.0,0.7991498294182328,690.3872829669972,0.4656546680928718,0.2546680431086532,0.24413098939319874,0.24555241039076772,0.23204574229810304,0.22926845436724602,0.22882908422387485,4.137564174457046,3.579417584795409,-0.5822370200120844,0.2517798878520707,0.24273038548910691,0.2439153249668488,0.2402226591471647,0.23694250701052302,0.23672691284728345,3.5942117697187568,3.1235866185795644,-0.48817105256691257,0.1750306663760749,387,414,2.1589237740263343,0.005578614403168822,0.18409787118434906,9.52614887431264
44,0.610964903434944,0.610964903434944,0.6229538973008517,77.0004178869765,0.0885846696128093,0.00899345963616658,0.008886290963488492,0.008813275115191145,0.06674204207526921,0.06600480101021022,0.06571121764099463,1.1916289949989505,2.0035061952225246,0.8216684395925142,0.011124129481127154,0.011008516118042783,0.010930759741722576,0.07167297160879268,0.07125774026026203,0.07085656300772127,1.039302565477293,1.7382909802752926,0.7063293134736495,-0.001165265741306154,445,355,1.835018651559949,0.00412363741923584,0.3726680874824524,0.9472735300660133
45,0.4735252552065112,0.4735252552065112,0.5388481250363546,1034.1585694394253,0.5662316572518017,0.5931225913234952,0.5934659974568725,0.5916960374287216,0.4240836449463171,0.4220954726298482,0.4213513601658027,-0.057898002605324295,0.24051585888684923,0.29824118580264736,0.3547950201469823,0.3527829467582659,0.3526952008973848,0.2943189956276214,0.2908660795095928,0.2910832892866239,0.5671086893730488,0.5918401134062018,0.024872478017251308,-0.08527103800580327,240,248,1.5676080863922834,0.006531700359967848,0.3529249429702759,1.338679478969425
46,0.5026726219376491,0.5026726219376491,0.6080437020544905,120.86285410781991,0.1323665609696847,0.013105963990431305,0.013101912456273476,0.012922856114360748,0.055841741418795,0.05607966278782487,0.054913063813682016,0.030913667707211937,1.3971339781205254,1.3666427898241043,0.01383104309470308,0.013610618704007756,0.013524521129201425,0.058798119663703616,0.05853493774183021,0.0576486021042696,1.5936931812448787,2.2161883482168068,0.6325764954460089,-0.016075460987667323,500,421,2.0588268134742975,0.004117653626948595,0.19991572201251984,0.8335963729768991
47,0.6661911238406358,0.6661911238406358,0.6437860699581978,695.4099675093848,0.4674587669028107,0.1586122916617512,0.1571627260884223,0.15667896059907752,0.16149313300490736,0.16130332786923723,0.15925602429027733,0.9139049427645688,1.2189036816872991,0.3078118466032523,0.4031581396530159,0.3904995767670509,0.3928863086558176,0.2619836407088839,0.25732324522465266,0.25626921983183276,3.139850505526142,2.5478416499388827,-0.611199609619676,0.019666906916039895,411,447,1.9174006078392267,0.004665208291579627,0.13444183766841888,1.6546528935432434
48,0.8297169780278847,0.8297169780278847,0.7210480266420297,706.6404377392811,0.47144889942824,0.17463719031728167,0.1717148625317647,0.1716386955123906,0.24958178713232973,0.24712828474155185,0.2466640280376889,1.6733708210763472,1.716985253509508,0.044356684244505486,0.24496157218886472,0.24054518533985855,0.24066803273626508,0.28207138239503976,0.27949904823401445,0.2788704450695191,1.8028896571586106,1.752739996822575,-0.05107040335601016,0.09692886359987185,458,407,1.3871092107146978,0.0030286227308181177,0.1196998804807663,0.6769327186048031
49,1.2062820458617638,1.0,0.8046954527877876,732.4858039378372,0.4804083421945842,0.19517678562083315,0.18868795394099777,0.18923331037290841,0.26571568435782866,0.26172163812299293,0.26155667262428317,3.3245919381217464,3.045175290196158,-0.2890255686810693,0.20567634093818668,0.1992447697810052,0.19972057374871774,0.26292149360413963,0.2597157453214423,0.25943560160575996,3.1270349948098364,2.89569872854694,-0.23880374287140066,0.18057628974562978,307,393,1.2023222343996167,0.003916359069705592,0.21074959635734558,3.9104886120185256
50,1.2455679039387446,1.0,0.8119713533297466,791.4857215998242,0.4997652761655889,0.3588764251525978,0.35147493069079494,0.35210880213524265,0.22520412963593334,0.22359793583367887,0.22272071420580644,2.0624075428347495,1.8857808825078195,-0.18034613256822812,0.5895725661843643,0.5844790510440888,0.5846577583163847,0.2470753415048699,0.2466956480342318,0.24552895629639396,0.8639335397235336,0.8336222120692598,-0.030575479476401685,0.1878521902875887,170,225,0.7057115063071251,0.0041512441547477946,0.12423573434352875,0.1573774954304099
51,0.7800899993110626,0.7800899993110626,0.7071509963959178,901.8527768643396,0.532354864152983,0.32434964286567397,0.32118137144721853,0.3209379436469341,0.19686017505109007,0.19567921971986765,0.19433184054465616,0.9768074323940427,1.051858478584103,0.07579138204297019,0.3147037165947788,0.30880672434596473,0.3096255667784242,0.1822412702356275,0.1810259593688307,0.17996470864598726,1.8738235164877954,1.613628803403486,-0.2651634073687047,0.08303183335375997,300,341,1.4960634652525187,0.004986878217508395,0.16405723989009857,0.6783862374722958
52,0.582622540698454,0.582622540698454,0.601805587047508,921.5150700637907,0.5377202946744286,0.2198374175548978,0.21888244669923124,0.21787782817390236,0.26216256993346343,0.26125033478740317,0.25918719952117664,0.4343986871243561,0.8913811865107506,0.45897628634850457,0.2928253946042731,0.2890422901792896,0.28903154527990943,0.30351088356843725,0.3003615954398046,0.29949424911047684,1.291931811479669,1.2956011993053762,0.00371741428339897,-0.022313575994649892,352,439,1.749130891636014,0.004969121851238676,0.17439714074134827,1.2346048671752214
53,-0.1853857713086196,0.0,0.1007617889550432,4114.843477451001,0.8385536049495774,2.2453024497684066,2.2806759091629356,2.24652853516949,0.5549685050951395,0.5666774164285053,0.5540440463204401,-1.5754429608437643,-0.05460669235050953,1.497247980576881,0.39285313941509087,0.3907081465109763,0.3920992361321694,0.23997264431426577,0.24021114345701522,0.23925857601626482,0.5460037578694672,0.19190460945378515,-0.35604315743491377,-0.5233573740871147,158,162,0.7918284274637699,0.005011572325720063,0.1584661602973938,0.681245569139719
54,0.6910370601075104,0.6910370601075104,0.6559794847622491,719.9778282567858,0.4761106238735534,0.19149782630401527,0.18977268021164162,0.18934721589975193,0.22110936631391043,0.2195443163057387,0.2184542705775856,0.9008698039396361,1.1230469012473845,0.2241968187492537,0.4495060446048472,0.44212719627981145,0.44276653506295643,0.33219395425780857,0.32952825235209726,0.32852349366163747,1.6415459621955437,1.49931455266978,-0.14460516985260521,0.031860321720091234,430,435,1.7634951770305634,0.004101151574489682,0.11255157738924026,1.7502104956656694
55,0.6283409667834361,0.6283409667834361,0.6264231203057473,951.7248771395118,0.5457281779971783,0.3646440388336452,0.363112013813026,0.3622875940822964,0.3771910618426555,0.37639562380254016,0.3750221540705216,0.4201426206005107,0.6462315300384951,0.227042813062671,0.33301434635702826,0.3294007981852318,0.32939718319267,0.3639322092037046,0.36233661152998825,0.36128074066949867,1.0851028525726962,1.08618838915735,0.001097444991562632,0.002303957263589451,415,349,1.1299458034336567,0.002722760972129293,0.15487413108348846,1.6729708686470985
56,0.8201843190111978,0.8201843190111978,0.7303586271933077,936.9925600631136,0.5418579534240434,0.5542640934486122,0.5505011704508903,0.5503585847397043,0.5895831816896417,0.5880566665746451,0.5879171865233398,0.6789043422078948,0.7046295719082003,0.0259010732110136,0.25775719040301037,0.259014299529215,0.2577032664370429,0.2848560907652032,0.28676855499607923,0.28521384110515746,-0.4877105947031437,0.020920450709123715,0.5061624375777928,0.10623946415114982,148,118,0.6209990419447422,0.00419593947259961,0.09780372679233551,0.011005212552845478
57,0.5725960530856367,0.5725960530856367,0.5962568718863923,932.9060257737827,0.5407726975191851,0.14195284771959474,0.14110339338271205,0.14003792373983037,0.18664150496007215,0.1858794672459439,0.1838460433186252,0.5984059851766058,1.3489859559189636,0.7550985255130079,0.5780160105961796,0.5668865846891641,0.568708291682875,0.3351833775034175,0.3313972064832929,0.3300981080284606,1.9254528772544435,1.6102873869712389,-0.3213529906885608,-0.02786229115576555,369,386,1.7543450854718685,0.004754322724856012,0.1718822419643402,1.2613606918603182
58,1.5543193853560977,1.0,0.7746734973410998,529.3364843369777,0.4005374030701856,0.15540646731531488,0.14840654612310236,0.1494043559183967,0.20557882777290193,0.2025633569775631,0.2022311709692399,4.504266336618986,3.8622018121936152,-0.6723489100451601,0.2929300141503272,0.28446065971321266,0.2855977261356702,0.28441444718821723,0.2812672532077676,0.2810010076843368,2.891255258250255,2.503085262848552,-0.39972712697914015,0.15055433429894194,399,295,2.046420868486166,0.005128874357108185,0.16012312471866608,0.9399574752897024
59,0.8042841757242007,0.8042841757242007,0.6899557965013274,456.20958979270966,0.3654240769563774,0.06355880740759917,0.061817670554955795,0.061745475977957244,0.13612287486977429,0.13418408539306745,0.13316731599199436,2.739410828585189,2.852997882753104,0.11678631101825473,0.19806666774758683,0.1945527267663252,0.1947551130134925,0.20040140849967258,0.1983252547708032,0.19737713825099373,1.7741203107126202,1.671939439257155,-0.10402642539694086,0.06583663345916957,321,353,1.4038330251350999,0.004373311604782243,0.2908766269683838,1.7636112701147795
60,1.3997196042220217,1.0,0.80535152350476,737.6249187110357,0.482153764287081,0.2102205581902208,0.20189656160273595,0.20279165925250972,0.2412738253539569,0.23817869966418342,0.23785386198430833,3.9596491699697562,3.533859391139546,-0.44334467247392895,0.2892124604218507,0.28173156233698704,0.28254938268854746,0.27543094757819764,0.2718918522729389,0.27171087533039034,2.5866444599074003,2.303869523320115,-0.2902835396845592,0.18123236046260216,293,316,1.3351216772571206,0.0045567292739150875,0.1869611293077469,0.7918604612350464
61,0.9144824105921092,0.9144824105921092,0.7315711081598232,465.3980733906664,0.3700604192311918,0.11732490515329749,0.11490543752155095,0.11498174092280444,0.1397608724848835,0.13988800791706288,0.1385169352743358,2.0621944067078055,1.9971584272166734,-0.06640538768165567,0.324409808889521,0.31645947591927953,0.3175310103753227,0.25689019406824193,0.2545886680713924,0.253681255135308,2.4507067148974415,2.120403984622074,-0.3386008438933611,0.10745194511766532,402,382,1.679522069171071,0.004177915594952913,0.2599174678325653,0.994663193821907
62,0.642353993090695,0.642353993090695,0.6340067608755112,938.424072680804,0.5422369063509067,0.2774793224034095,0.27580377035195275,0.27505140567162994,0.3173489938429029,0.31574948403429437,0.31463032793190787,0.6038475360772195,0.8749901472837541,0.2727898459700939,0.2433762697656297,0.24015237030974404,0.24004192249763964,0.2759043732096183,0.27387216025366595,0.27288412654875704,1.3246564502735891,1.3700379544813568,0.04599072329036092,0.009887597833353357,383,359,0.8778253179043531,0.002291972109410844,0.20056650042533875,1.169873958453536
63,0.5784840772472782,0.5784840772472782,0.5992493702966678,948.8224311043386,0.5449708773918982,0.14297240104575007,0.14203838221953163,0.14098371175012211,0.2036846711544872,0.20350357520917534,0.20141612408188883,0.6532861023433165,1.3909602700115453,0.7425249801701075,0.10672100878468702,0.10624031842763082,0.10541033421247971,0.1763827102475547,0.17576125945270185,0.1744498723746846,0.4504177411085046,1.2281317306994672,0.781232800724786,-0.02486979274549006,510,437,2.0976579692214727,0.004113054841610731,0.13356183469295502,1.1466538244858384
64,0.5559497834050943,0.5559497834050943,0.5877190120307885,907.7104954611405,0.5339662940335551,0.13157595263435462,0.13093895928677807,0.12982224522223174,0.15326747541255256,0.1521554081835106,0.14975286628317094,0.48412596285488235,1.3328479688050456,0.852850878477308,0.18791893514438557,0.1855281436598145,0.18476808256070051,0.18664784528290992,0.18523839068081002,0.18311155436827836,1.2722461856939222,1.6767084068798759,0.40967428667190564,-0.0364001510113694,394,302,1.9849642310291529,0.00503798028179988,0.15777605772018433,0.8495742920786142
65,0.9615613832367864,0.9615613832367864,0.8277407110375028,1205.4560178862462,0.6034264114250463,0.4155842955733594,0.40860566890460204,0.4087298798396632,0.2186573548767865,0.21661281060991247,0.215660298177059,1.6792325270928086,1.649344262212687,-0.030398730246239652,0.5967611426268874,0.575948101731735,0.5778010840480272,0.3187129691942566,0.3154637773889737,0.3146002207749553,3.4876669086621934,3.17716037867341,-0.321727306804328,0.20362154799534493,414,553,1.5504733733832836,0.003745104766626289,0.21081967651844025,1.0789622478187084
66,0.924524250053361,0.924524250053361,0.7292343514234603,426.4189875380495,0.3499114792865753,0.062181940408204704,0.05991140557862032,0.05999816114332713,0.1007941153702964,0.101711415924332,0.09996590976605398,3.651437724006431,3.5119188152408194,-0.14480642520223078,0.12907943905559824,0.1298751150909838,0.12871785114824377,0.15488594212517506,0.1579050804624136,0.15556282602236043,-0.6164235305073105,0.280128198572911,0.8910590315391038,0.1051151883813024,403,512,1.6827819291502237,0.004175637541315691,0.14139573276042938,1.37599575240165
67,1.4334086828760808,1.0,0.8423558927582135,1096.7330860857787,0.5806008401022386,0.3549216345360735,0.34208172653198526,0.3431925203442039,0.2612559590814791,0.2593949352620665,0.2583921023689365,3.617674087653628,3.3047053350808047,-0.32471591612911344,0.34057727333905896,0.32583432350109204,0.3273866615284192,0.2599256452598812,0.2557048256467273,0.2552048123540454,4.328811988370609,3.8730158596072655,-0.4764194301715362,0.21823672971605568,438,335,2.7926379293203354,0.006375885683379761,0.22478947043418884,1.3830436747521162
68,0.8626611369942477,0.8626611369942477,0.701010598327068,376.8353648368899,0.3223392261370045,0.10334241897339376,0.1016282966842182,0.10164547503532803,0.17646267743802693,0.17504800530286035,0.17454067421866115,1.6586821812414416,1.6420594320543425,-0.01690311819670197,0.31187561016013166,0.3094828277079838,0.3091678703768707,0.36554304489427075,0.36462560867874877,0.3639767905456467,0.7672233333409078,0.8682114583665781,0.10176891992542725,0.07689143528491016,412,445,1.4777436265721917,0.0035867563751752225,0.12590782344341278,0.3630319517105818
69,0.2939400870096074,0.2939400870096074,0.3773639851531234,2343.293226124892,0.7473374171799676,1.0978360674211851,1.1038923939098249,1.096668635080122,0.5561632293999497,0.553573989704518,0.5526661638659663,-0.5516603679150422,0.10633940491729214,0.6543897638534619,0.7195975808354238,0.7174032662212487,0.7163569049392889,0.41466328519667406,0.40734420671917376,0.4096943744294025,0.30493635229117416,0.450345579590827,0.14585398913378858,-0.24675517788903445,279,227,0.8888842966407537,0.003185965220934601,0.09842551499605179,2.041412123478949
70,0.6687915100402395,0.6687915100402395,0.6409347438237113,478.22471160998793,0.3764203564741186,0.08967257989277422,0.0886601341872353,0.08833346287314793,0.15161475785147238,0.15028401307817932,0.14939734762301382,1.1290471476894601,1.493340574373497,0.3684534397359392,0.24061294913969353,0.23551958392717237,0.23616864284679054,0.2432886339244861,0.2401452401277378,0.23980515315571463,2.116829219180586,1.8470769377930452,-0.2755859656320003,0.01681558078155343,433,364,2.054230749607086,0.004744181869762324,0.345580130815506,2.474323181435466
71,0.4978017828058451,0.4978017828058451,0.5537836684811056,995.3546832945636,0.5568156529962036,0.131467304844924,0.13149474822465385,0.12994001166358882,0.19184349956015023,0.19472296770387199,0.19084544164672548,-0.020874680409869513,1.161728524926212,1.1823563922179003,0.20917511280718437,0.20523405461892366,0.20543283875755952,0.24468303385917733,0.24487603876469116,0.24272629576572372,1.8840951657062281,1.7890627615315031,-0.096857287648953,-0.07033549456105226,645,507,1.6527464259415865,0.0025623975595993587,0.1278044581413269,1.0066181905567646
72,0.8491740536114731,0.8491740536114731,0.73205157429947,730.0665726823994,0.4795826075331154,0.1120821619893681,0.10888478710739755,0.10884343978529645,0.18456423788329795,0.18275788966657264,0.18176246896031542,2.852706287262599,2.8895964768942153,0.03797346093932329,0.18742278836291726,0.18355865092743145,0.18345228684233753,0.2294711984137727,0.22931676088829256,0.22779537570534006,2.0617223066831434,2.118473188485185,0.057945558303313,0.10793241125731212,350,461,0.9901922941207886,0.0028291208403451104,0.16083231568336487,0.6087299138307571
73,0.0088866459875853,0.0088866459875853,0.0974237783069804,4712.863954461608,0.8560915916095155,0.22545596994499822,0.25448655422755706,0.22568531925508678,0.2411287919025226,0.26100322236271456,0.2409699967012393,-12.876387478069923,-0.10172687383017949,11.317389659304656,0.3731634218744044,0.38234907956146963,0.3715458676682346,0.30612026783152424,0.3160967736110997,0.30527671857802485,-2.4615643304280956,0.4334707292705096,2.8254839545123596,-0.5266953847351774,477,382,1.6604086169973016,0.0034809404968496886,0.2150648683309555,0.431085666641593
74,0.7133681337901632,0.7133681337901632,0.6703643950298674,851.945060315156,0.5181598353473805,0.2834623817537521,0.28118240574016595,0.28075333167403466,0.19830238478703685,0.19957019444053567,0.19727293133808044,0.804331071897504,0.9557000343244264,0.15259634222199295,0.5547426150809359,0.5544204249265049,0.5516793293840917,0.25777301032616584,0.2546336484365148,0.252464972900757,0.05807921469743523,0.5521994549485426,0.4944073881795682,0.04624523198770958,534,320,2.384062072262168,0.004464535715846756,0.2974679470062256,0.13797763548791409
75,0.7746546758285524,0.7746546758285524,0.6906769853266913,627.8935454505266,0.4421403365395716,0.0943909683422777,0.09222794031974414,0.0920557505378901,0.1595646147576652,0.16005355994394307,0.15842963646194894,2.291562487938516,2.473984370961957,0.18670023558704654,0.14229172440288546,0.139298044233664,0.13930998023856767,0.18052082107887113,0.1796365220999439,0.17853577606824853,2.103903218394591,2.09551481425249,-0.008568680895229814,0.06655782228453344,506,462,2.3643341716378927,0.004672597177149985,0.26413199305534363,0.871770117431879
76,0.6360413617382534,0.6360413617382534,0.6297594773148585,711.3186621484009,0.4730934634186054,0.14499738900661988,0.1437836528106975,0.14319291060089182,0.19273217191488984,0.1918062934108974,0.1902644124999482,0.8370745185397575,1.2444902753701839,0.4108549186627194,0.18478389757504785,0.18007660558437527,0.18075667025586517,0.20819157189551094,0.2053840466368709,0.2045548741347178,2.5474578967362467,2.179425465115034,-0.37765298234214756,0.0056403142727006195,413,371,2.0077477265149355,0.004861374640471999,0.2038193792104721,1.3491766806691885
77,0.673179927399344,0.673179927399344,0.6461990359785725,648.3225347299224,0.4500515478247035,0.11429297711776285,0.11288473347066413,0.11245341540690598,0.18579067636258725,0.18457037872717963,0.18292286686961945,1.232134889309703,1.6095142127249455,0.38208715252912395,0.2529513879998483,0.24863158481904923,0.24890641626299484,0.2532330277277141,0.25111234582810305,0.24976750471108247,1.707760220237117,1.599110314767624,-0.11053762302389068,0.02207987293641467,434,566,1.743030701763928,0.004016199773649603,0.12949170172214508,16.341594614088535
78,0.9852192996177396,0.9852192996177396,0.8250041159033169,993.3323445142488,0.556313699480177,0.1432756723867316,0.13723031787523188,0.13738886155655913,0.16368916767549874,0.1618793497455216,0.1607105822390464,4.2193865928488075,4.1087302066764835,-0.11553108947208121,0.19347021337532283,0.1898686334185646,0.18974040745093373,0.2222556948003277,0.221131682210768,0.2201204152137747,1.8615681938445643,1.9278450461795136,0.06753404462979427,0.20088495286115904,254,151,0.890365494415164,0.003505375962264425,0.16938544809818268,0.38097178749740124
79,0.9935933243510772,0.9935933243510772,0.8313870138389691,1012.3135260716848,0.5609806381656917,0.3339071571031625,0.327639958645666,0.3278067339069134,0.36484704059457357,0.3619826263067706,0.3616305140408489,1.8769284587572432,1.8269818620163132,-0.05090199069026973,0.3181044726132318,0.31313550062709106,0.31308644496065874,0.3576282270539688,0.35590929040679986,0.3553626973530103,1.562056624140053,1.5774778679941006,0.015665954940937227,0.2072678507968112,408,321,1.1944585517048836,0.002927594489472754,0.10980812460184097,0.4462016224861145
80,0.3605014342312945,0.3605014342312945,0.4931747304243151,781.9056670855556,0.4967208890256043,0.13053208919558326,0.13190017467527496,0.12998112716318272,0.2227351793023074,0.22406108255865884,0.22158141523580893,-1.048083646038805,0.4220893389479169,1.4549241627744163,0.1797636897348735,0.17920098096069942,0.1783028104548316,0.26599215996572345,0.26569058213330815,0.26444008207548825,0.31302693831218,0.8126664968862727,0.5012084761214568,-0.13094443261784278,491,562,1.432286411523819,0.002917080267869285,0.11892381310462952,1.83409577421844
81,0.6476380172027288,0.6476380172027288,0.6379622023987793,1133.4301160817624,0.5885932733844272,0.15578442690796876,0.15368557361958612,0.1528037040192931,0.18251487802240368,0.181266146422427,0.1795977565386729,1.3472805530315004,1.9133638373471982,0.5738141710528314,0.213925550776025,0.21145566509238087,0.21094115804134392,0.2171222991205792,0.21381210981324364,0.21292387882674968,1.1545538504795207,1.395061377126315,0.24331674954755728,0.013843039356621456,367,347,2.2470660097897053,0.006122795667001922,0.22728455066680908,0.98141217418015
82,0.8043797105824531,0.8043797105824531,0.7057248010367482,655.3183112748374,0.4527093649060856,0.12126946678387081,0.11876764060078311,0.11865037198384353,0.21140820134978494,0.20960720109215342,0.2087728946628479,2.063030579285475,2.159731438990404,0.09873785178049013,0.18436808824844753,0.18051704649849054,0.1806251116790453,0.2611349647336119,0.25809272439373204,0.25759603693129624,2.088778913174749,2.030165092539406,-0.05986425251847877,0.08160563799459031,472,534,2.1939552500844,0.004648210275602542,0.17737427353858948,2.3743995744735003
83,1.3564621229734186,1.0,0.8075561882893711,755.1511537997308,0.4880190933164998,0.1920518032779144,0.18393974276781577,0.18476487232276487,0.19948660368170656,0.19590505254233725,0.19544564708398554,4.223891872735936,3.794252816571977,-0.44858688097147253,0.26293602856340614,0.25587779907419805,0.2563418503292186,0.21712304945851757,0.214409228427415,0.21361849879543238,2.6843903925117747,2.507902119848669,-0.1813565915837671,0.18343702524721328,371,312,1.446872103959322,0.0038999248085156927,0.22837714850902557,0.4909573905169964
84,0.5383160232068854,0.5383160232068854,0.5771636229867475,957.576524930319,0.547247340197073,0.18717301505919234,0.1867128188376441,0.1854418454741539,0.20598312580188757,0.20439211480364936,0.20287769686795923,0.24586675670246255,0.9249034026037177,0.6807102862044863,0.22889304992921303,0.22492611516697236,0.2249416449063801,0.19906156489592297,0.19600055179717937,0.19459333153325994,1.73309533140804,1.7263106171440872,-0.006904373641191112,-0.04695554005541036,428,372,1.8082445673644543,0.004224870484496389,0.127101868391037,2.0796207673847675
85,0.9404799036758972,0.9404799036758972,0.7800440889989615,769.9545047876004,0.4928706565942795,0.2700507765392086,0.2657969449354601,0.2659041261446409,0.3169552382303218,0.31410866751822647,0.31366178888544805,1.5751969530555763,1.5355076729304238,-0.04032446994709474,0.5200222664124928,0.5118164357543568,0.5121861088968928,0.40611214874994944,0.4032534126131492,0.4028524332075963,1.5779767883298732,1.5068888433681538,-0.07222768100269063,0.15592492595680363,381,464,1.0632967855781317,0.002790805211491159,0.0820126086473465,0.25259703025221825
86,0.7410986088788984,0.7410986088788984,0.6825477957012951,790.5760138958296,0.4994777692884752,0.18516025070066086,0.18276953756144618,0.18245420289711045,0.23596950210344572,0.2354744844397543,0.23425642600412308,1.291158944842664,1.4614625943260033,0.1725313028325149,0.22663873495267198,0.22434383686991527,0.2239465213307179,0.23819112557222935,0.23674093770038632,0.23552467436714467,1.0125798148475995,1.1878876850050695,0.17710116076321908,0.058428632659137225,377,397,1.5881043504923582,0.0042124783832688546,0.10802782326936722,0.42839913070201874
87,0.9531966707708168,0.9531966707708168,0.769554808264974,627.4079464119378,0.4419495158652266,0.2508497126217963,0.247283347072315,0.24740742233715837,0.26738013306593766,0.26472852762129584,0.2641708445411581,1.4217140263813086,1.3722520343596403,-0.0501753418951768,0.26971951543351647,0.2659799724779416,0.26605902869469705,0.28024399925583304,0.27815497489199725,0.27751357982529185,1.386456204166156,1.3571456751788846,-0.02972262009765605,0.14543564522281616,278,311,1.730183420702815,0.006223681369434586,0.24313855171203613,0.5043434603139758
88,1.8261088487066024,1.0,0.8121203805983834,792.7419340019745,0.5001617509362716,0.46035441919108,0.44716881195872993,0.448887556889021,0.2666682709974781,0.26308258060791107,0.26268888895194115,2.864229533305968,2.490876990430159,-0.3843615396079293,0.5314552383922831,0.5206704053998773,0.521573043591247,0.32162463396668256,0.31896580539230146,0.3183038810570844,2.0293022277908634,1.8594594778914928,-0.1733607637400629,0.18800121755622556,369,377,1.947148960083723,0.0052768264500913905,0.17589643597602844,0.5321959145367146
89,0.8273024118358276,0.8273024118358276,0.7151144985605685,642.5751144530195,0.4478486098566883,0.12608135486431496,0.12344343111423775,0.12337396416864246,0.1511254692021639,0.15037545412637862,0.14870023308881802,2.0922393742643903,2.147336296144747,0.056274315261862946,0.32199148230474095,0.313098850017693,0.31396059533550696,0.23862414948743244,0.23496752983957667,0.23375745331327352,2.761760101042592,2.494130252064665,-0.2752310708791393,0.09099533551841066,399,482,1.9886199617758393,0.0049840099292627555,0.12304070591926575,5.143172949552536
90,0.6961946692906035,0.6961946692906035,0.6636257405894214,960.9853713845524,0.548127645626013,0.23550937846839184,0.23314458558343423,0.23259473253074034,0.22985347046259977,0.2280803289366745,0.2264964232110803,1.004118349908938,1.2375923016767187,0.2358420854243346,0.09190567202736911,0.09347676841080542,0.09203083460327433,0.13128592216556997,0.13345104826320908,0.1304874376232062,-1.709466182858049,-0.13618591012308537,1.5468376069405836,0.0395065775472635,377,309,1.0528676956892014,0.00279275250845942,0.07982424646615982,0.4860839620232582
91,0.5275189434431606,0.5275189434431606,0.5742358362573105,845.9258597071138,0.5163893725285614,0.3556149259894328,0.35532294593361313,0.35415022815597813,0.37802814446836097,0.37820989273742894,0.37651552252722437,0.08210568074646225,0.4118774906254012,0.33004279376151147,0.5227983358160382,0.5154519106793684,0.5166744481718545,0.47872094149437805,0.47726974951782747,0.4764297452531238,1.405212035574437,1.1713670883486837,-0.23717779819165286,-0.049883326784847415,451,342,1.5723551753908396,0.0034863751117313515,0.348611444234848,0.5845779869705439
92,0.5968573499781782,0.5968573499781782,0.6127977510426743,562.6679689087282,0.4152846317636238,0.0677114023021391,0.06702784660795257,0.06645524930850448,0.1754952374562172,0.17360669922765054,0.17291967380231732,1.009513421589462,1.8551572570147936,0.8542677833546114,0.08506269420649283,0.08515381862394539,0.08424836241214771,0.18168412667895326,0.1815937372555236,0.1802076362117468,-0.10712618299080526,0.957331297746458,1.0633183883348007,-0.011321411999483555,376,456,1.1920343721285462,0.0031703041811929423,0.0850086435675621,5.255236918106675
93,0.8382789918373014,0.8382789918373014,0.7307059328098766,784.9655977771607,0.4976973056402433,0.13134855076078905,0.12801800978342828,0.12794622728733723,0.17947826611852866,0.17753379290558308,0.17656991687960183,2.5356511039290592,2.5903014945692875,0.05607218563426043,0.15820973480796566,0.1532869729867057,0.15363512174213018,0.195027451444487,0.19172756364950574,0.19106487327476745,3.111541667922758,2.8914864634519035,-0.2271222065652375,0.10658676976771875,314,342,2.398285297676921,0.007637851266487009,0.23182615637779236,0.38840228132903576
94,0.7190108167646353,0.7190108167646353,0.6657294307118173,618.6939044443824,0.4385029245180399,0.1915674893274419,0.18986795268611556,0.18957262034046313,0.16504164651117675,0.16549311024270708,0.16341800295307762,0.8871738348156498,1.0413400488686135,0.15554617905459162,0.7027752422962702,0.6978405829267594,0.6962880963011496,0.30414469693004387,0.30136201893867504,0.2990025239497937,0.7021675028544119,0.9230754876799959,0.22247009755417796,0.04161026766965947,552,328,2.1786132752895355,0.003946763179872347,0.3148932158946991,0.5465502217411995
95,0.8880423031028862,0.8880423031028862,0.7379538274642616,600.8665484310844,0.431317482794084,0.11636177685532713,0.11343731318747294,0.11347496541346802,0.17665449228270277,0.17570718045158615,0.17441891722370376,2.5132511266910122,2.4808932278924267,-0.03319209961616129,0.14924354771394194,0.14665731133693768,0.14670335670883303,0.19411898854721643,0.19279002365068643,0.19183567062977921,1.7328966086770756,1.702044104431064,-0.03139657441936565,0.11383466442210377,453,558,2.1398756792768836,0.004723787371472149,0.23743203282356262,5.0042917765676975
96,0.8065856653867949,0.8065856653867949,0.7126885533337769,747.2781116473204,0.4854008223620788,0.13792197330953612,0.13504839367517452,0.13491439744759617,0.1724510490153562,0.16990210819416268,0.16879168431381514,2.083482106156121,2.1806357535141214,0.09922089699240492,0.28501863253938226,0.2779892542074256,0.2784439488314948,0.2612169318121768,0.25580843574308704,0.25548465249460933,2.466287298247205,2.3067557546361424,-0.16356553974202961,0.08856939029161903,418,439,1.7322837635874748,0.0041442195301135765,0.22227980196475983,0.734035724774003
97,1.91183248197873,1.0,0.7967958600541709,673.2122698805778,0.459392126530196,0.20650365161954207,0.19458233226016983,0.19632121145649384,0.18875572030119928,0.18514324076246957,0.18447770202611496,5.772933924352982,4.930876564743824,-0.8936470110755027,0.2635052476642497,0.2531944227861321,0.25458021560706434,0.21440025689545697,0.21123212629890076,0.21069147846557695,3.9129485919215417,3.3870414863833638,-0.5473235965007069,0.17267669701201305,401,368,2.3726952020078897,0.005916945640917431,0.23792479932308197,3.874219225719571
98,0.7141578473846241,0.7141578473846241,0.661632384764403,565.8030959577954,0.4166344943420308,0.09967946014757438,0.09815965314032628,0.09787952350808295,0.16848684604123626,0.16744589973141624,0.1659567307082019,1.5246942599789814,1.8057247068018296,0.2853816443736467,0.1174866024987481,0.11546976188882473,0.11536963464201568,0.17392948388536392,0.17330695858809603,0.1716747106667239,1.7166558288591744,1.8018802243898204,0.08671295858863397,0.03751322172224514,486,393,2.4437111485749483,0.005028212239866148,0.17562127113342285,1.4488302171230316
99,0.5819742980449047,0.5819742980449047,0.6054396720237782,630.6499997025787,0.4432210429336322,0.07447435641337131,0.07382593815331664,0.0731369958071357,0.1632936820722917,0.16281556807435774,0.1611386136638599,0.8706597697274647,1.7957330155531226,0.9331982273631183,0.1442050963025956,0.14235085060402233,0.14214831544083853,0.19607695915664675,0.1953860517763148,0.1940324310920167,1.2858392290674432,1.4262886087196087,0.14227885701027246,-0.018679491018379624,301,301,1.2598552908748388,0.004185565750414747,0.1694590151309967,0.07433897815644741
100,1.0636262077036744,1.0,0.8572132958093166,1293.285517811942,0.6201277369011021,0.298828043526845,0.28968533818013587,0.2899980670688596,0.23854305000545217,0.23686669047059422,0.23589184094555504,3.0595205318766565,2.954868744503276,-0.10795468306693537,0.5946565793036708,0.5874634483068678,0.5869704880187899,0.33104920993224013,0.33187782312316655,0.33031912227254706,1.2096277493853607,1.2925260650241328,0.0839133548646551,0.23309413276715873,356,389,1.250565368682146,0.003512824069331871,0.1365387737751007,0.2572352532297373
101,1.0423166207346577,1.0,0.7958710047951961,666.5727366668427,0.4569316253073618,0.06270303803462557,0.05816895372267726,0.058415360004893106,0.13402608684348696,0.1291770192627092,0.128772693842455,7.231044067505179,6.838070632821238,-0.42360445984742484,0.17282764679828377,0.16700053879501195,0.16744610371764296,0.1949544669823208,0.1934265135612276,0.19247588029257,3.371629546095104,3.113820722746921,-0.2668044820968668,0.17175184175303826,399,479,1.129123019054532,0.002829882253269504,0.18596290051937103,3.481744948774576
102,0.6286181809604791,0.6286181809604791,0.6262745859772921,728.6194860694395,0.4790874306938829,0.16630759721242933,0.16513217938041783,0.16450197139830733,0.16474047223087576,0.16270723262878167,0.16147622386459382,0.7067733836056241,1.0857145701020627,0.3816385058775715,0.35290502173270455,0.34911652029148316,0.34925475947150114,0.20292106793888212,0.20185762687647485,0.20021444215012127,1.073518711244313,1.0343469308771043,-0.03959686006911583,0.0021554229351342657,278,355,1.3159142043441534,0.004733504332173214,0.1374530792236328,0.8017911333590746
103,1.1963529485595787,1.0,0.8709518833588046,1515.311434843918,0.6566781172308896,0.5949013303198354,0.5816664368615821,0.5823062873480275,0.3028328321698333,0.30054323023223495,0.2996696088494597,2.224720770272575,2.117165037273739,-0.11000299241910524,0.1698028373669873,0.1687925995874255,0.16824595659946442,0.23581698904000745,0.2363770198697059,0.23535081970173655,0.594947525746239,0.9168755903401496,0.323854830897344,0.24683272031664671,273,345,1.417816168628633,0.005193465819152502,0.1369805485010147,5.942793315276504
104,0.6623005375969566,0.6623005375969566,0.6393003152922832,522.9059021563406,0.3976062262592703,0.1250470176454945,0.12398254959120249,0.12361030865202367,0.14902198352603718,0.14681783260145473,0.14591706011716435,0.8512542516685663,1.1489350330160342,0.3002365578108964,0.18622853235456735,0.1826487830576404,0.18289838611725195,0.19389149486260956,0.1915098182916165,0.19042280496712097,1.9222346069459066,1.7882040926870475,-0.13665738990047524,0.015181152250125285,331,231,1.559304429218173,0.004710889514254299,0.14347079396247864,0.8636266887187958
105,0.2595726567410619,0.2595726567410619,0.4294618161032483,907.7285062299794,0.5339712315830918,0.12644453219625762,0.12918187357134892,0.12622527583564067,0.17258340799345903,0.17284865051885148,0.17034881147825615,-2.1648554726293754,0.17340121933990857,2.2887094403962798,0.21091363229417012,0.21102853088628323,0.20923210611452978,0.2225857251827866,0.2222172308501836,0.2200978037567704,-0.054476607729583265,0.7972581768897004,0.8512710410335442,-0.19465734693890957,431,373,1.6044644378125668,0.003722655308149807,0.21407009661197662,0.7462409418076277
106,0.1843564752519486,0.1843564752519486,0.284196016684938,2697.298445212608,0.7729695033139823,0.8636522505221118,0.8743308676772436,0.863245947683955,0.49533711366377164,0.4944663719139836,0.4930595355816088,-1.2364487151716559,0.047044726382773294,1.267817528018523,0.2622813297562754,0.26599497681896167,0.2620009484583708,0.25374420624530114,0.2563226643609546,0.2531331187867439,-1.4159021788311006,0.10690097467674504,1.5015427766176357,-0.3399231463572199,343,346,1.8371714316308498,0.005356184931868367,0.19613495469093323,2.4598389146849513
107,0.566068602546706,0.566068602546706,0.5933008418785253,896.5540220074412,0.5308875728434543,0.26358167025986334,0.2628387183315363,0.2617841762219679,0.2514648202963266,0.2502608513894281,0.2485997941801951,0.2818678277569707,0.6819495589823384,0.40121262052352424,0.28691988659044276,0.28595399098777624,0.2849719280520124,0.2676715612954159,0.26565339756868916,0.26445524998522796,0.3366429612616109,0.678920712530098,0.34343389731036894,-0.03081832116363259,462,540,1.78630137629807,0.003866453195450368,0.17251230776309967,1.705120655708015
108,0.7172093808091752,0.7172093808091752,0.6945679312010847,2465.017554247351,0.7567794968021606,0.6877102106510798,0.6809945657503949,0.6797662324420755,0.413931020359539,0.411983397545138,0.41049743532399197,0.9765224940207083,1.1551345444592918,0.18037343763028166,0.6589392494657204,0.6528012220081003,0.6523958028642597,0.4526552333526273,0.44973439562985346,0.44904969071569056,0.9315012670131374,0.9930272945140557,0.06210453200340262,0.07044876815892687,353,395,1.9696632400155067,0.005579782549618999,0.3295801877975464,1.0352751780301332
109,0.5303623652028062,0.5303623652028062,0.5710739666115353,1032.2353260486357,0.5657744041292161,0.20148779941566955,0.2010946990501176,0.19967764071903218,0.23079873750318514,0.23254322484868611,0.22927146108771573,0.19509884305252184,0.8983961817474644,0.7046721458989047,0.0814420683999915,0.08080641829429377,0.0803137178622201,0.14209658918944454,0.1437511209324202,0.14132691426792976,0.7804935682328473,1.3854639990596416,0.6097293290234516,-0.053045196430622554,522,470,1.0568475304171443,0.0020246121272359087,0.09855851531028748,0.1889934167265892
110,1.550187913875153,1.0,0.780079651927178,561.8236480272362,0.4149200319635137,0.2181960145101527,0.21079559803303735,0.2118186458416939,0.20040479361828092,0.19904864729385507,0.19828041516870976,3.391636870054287,2.9227704652515745,-0.48532693196762977,0.23326856785467073,0.2276284079317387,0.22821989370315868,0.23077055933919616,0.22890910123281477,0.2284288635440551,2.417882518336518,2.164318235390138,-0.2598470800697957,0.15596048888502012,247,335,1.26460313051939,0.0051198507308477335,0.13873223960399628,0.3538801595568657
111,-0.0252994191132678,0.0,0.2631508884663309,1086.7134307893398,0.5783643508338236,0.3655070294806549,0.37266699754628085,0.3660697106300309,0.2095122143813773,0.21734711911456459,0.2098470656936376,-1.95891391632043,-0.15394537012749895,1.7702900873133096,0.4929724393534089,0.48778415682319604,0.4900545455086201,0.2658448073377072,0.2698702346394271,0.26524233748341686,1.0524488016039806,0.5918979666725301,-0.46544945211227845,-0.360968274575827,353,449,2.3448902182281017,0.006642748493564028,0.1409951150417328,1.2062194179743528
112,1.2879881612521833,1.0,0.8348623324989888,1011.016405700277,0.5606648403852186,0.5747637605079948,0.56477142458431,0.5655474009519565,0.2744813239536723,0.27312021092843053,0.271951991409237,1.738511821770621,1.6035039418443087,-0.13739653492875195,0.36631760955882214,0.35848067676292455,0.35900128224259203,0.2543009649492778,0.25082657649079737,0.2504435213547989,2.1393819438099273,1.9972633379655411,-0.14522553471181204,0.21074316945683091,304,502,1.3361353129148483,0.004395181950377791,0.19393613934516907,0.28895470686256886
113,0.4556904426237223,0.4556904426237223,0.5374193547543484,840.4139655308924,0.5147566761322945,0.12422482976581309,0.12469189743119434,0.12316559402372795,0.19772712983596213,0.19758891797842593,0.19556499465593757,-0.3759857560374694,0.8526763482646678,1.224059813757032,1.598258419304957,1.5897521416620795,1.589316707256125,0.4335172881600533,0.43383862411216806,0.43009913874969286,0.53222166954557,0.5594659750155119,0.027390081418557463,-0.08669980828780943,339,507,2.051411220803857,0.006051360533344711,0.19160369038581848,2.949840994551778
114,1.2371364620689005,1.0,0.8904180750117276,1925.2241837838585,0.7084663164124997,0.27275874944356937,0.25495881788221175,0.25573129257401095,0.21202064900002413,0.206185451099462,0.205605914173665,6.525888389527251,6.24268035555032,-0.3029801825313104,0.3462458976385593,0.337502900881254,0.33768252557587114,0.23927133562207334,0.23666000341867674,0.23589395564026625,2.525083132228748,2.473205349461589,-0.05322167428727658,0.2662989119695698,365,336,2.181816905736923,0.005977580563662804,0.19508390128612518,0.3510470353066921
115,0.9617767928860208,0.9617767928860208,0.8829524706124794,2601.421698671599,0.7665554831087608,0.9682318922822657,0.9531647117565196,0.95324224181405,0.4344055017276781,0.4328156250573631,0.431450597055798,1.5561541244247283,1.5481467391951769,-0.008133962218087423,0.8838023814276201,0.8691610802858503,0.8688916126544121,0.4210978489747521,0.4174317019923662,0.41649648398495825,1.6566261247361136,1.6871157044318514,0.0310031865841922,0.2588333075703215,449,451,1.0610017273575068,0.0023630328003507945,0.0908033475279808,1.0190840847790241
116,1.053267965114079,1.0,0.8438491525726239,1114.7971024429123,0.5845735348171273,0.2901344805833404,0.2823984088847695,0.2826851813992566,0.26810886144706386,0.2644527131202797,0.26362760802750507,2.666374462978974,2.567533224284947,-0.10154891297708057,0.49479571380393533,0.4800976704276077,0.4810770281856235,0.3592456351673617,0.3529089142289497,0.35241613575160996,2.9705276271151746,2.772595888683857,-0.20399135808001162,0.21972998953046607,316,331,1.7382278870791197,0.0055007211616427834,0.12064215540885925,0.3085917290300131
117,0.5454509078991276,0.5454509078991276,0.6001863311836241,346.3988570607765,0.3042247703984335,0.03377574739553031,0.033578274204824,0.033135936770694374,0.11691309101507966,0.116412750354873,0.11520756861496351,0.5846597216452446,1.8942900577252848,1.3173322471292492,0.0886779801879712,0.08703452048028593,0.08716937018374438,0.16792552663232319,0.1665300457643962,0.1660318943816912,1.8532895135879515,1.7012227849901542,-0.15493818167125448,-0.023932831858533787,393,396,1.3299255957826972,0.003384034594866914,0.1439678966999054,0.684470403008163
118,0.7396751149607687,0.7396751149607687,0.6738982508827821,599.5489011949552,0.4307790902513184,0.07024223098557054,0.06843989113233825,0.06820134977208651,0.18113987324540692,0.17973146685639282,0.1789236331834063,2.565892096454816,2.905490308107208,0.34854140809558914,0.7840212462380854,0.77287167741733,0.7747892442166953,0.2879135093801705,0.28557022699019846,0.28472976314385656,1.4221003415728415,1.1775193677068647,-0.2481093376035105,0.049779087840624237,309,330,0.8945418214425445,0.0028949573509467457,0.14902138710021973,0.9220857229083776
119,0.851392011391936,0.851392011391936,0.7846352513850054,1904.9086728898224,0.7062704124507192,0.3911699218685704,0.3827742554767796,0.38256366772178846,0.3224812604253606,0.31589752018901346,0.3156583606602811,2.146296512698555,2.200131877643082,0.055016175194138664,0.4603109914913047,0.4586170281006781,0.4568409806157386,0.39031764484529974,0.38670106682349026,0.38598519541861454,0.3680041150306979,0.7538405425262784,0.3872615659943721,0.16051608834284758,232,327,1.918604544363916,0.008269847173982397,0.12068776041269302,0.6979774292558432
120,0.8758453581159334,0.8758453581159334,0.7459922292323972,743.5431220731689,0.4841493200758105,0.2247360862926673,0.22123095345363675,0.22123770295765177,0.2630476503642299,0.2612081938177297,0.26044061510628563,1.5596662275527609,1.556662925267682,-0.003050885922452524,0.1791459649376394,0.17483342177370387,0.17518093566493778,0.21811786068804795,0.21630864267334146,0.21539492160159246,2.407278983613573,2.213295328243561,-0.19876856936639914,0.1218730661902393,356,323,1.9552419781684875,0.005492252747664291,0.14519208669662476,0.8068620152771473
121,0.9462410285147614,0.9462410285147614,0.8018611667811568,975.291169220381,0.5517849695742432,0.2700224384818216,0.26456369206332037,0.2646735145699467,0.2383915034323846,0.23549437796959766,0.23486349592359876,2.021589927560313,1.9809183051411534,-0.04151080058258669,0.22090144547695795,0.21615042402529455,0.21620118489711457,0.22316688348160488,0.21973691791883135,0.21923541296748938,2.1507425817903805,2.1277636140835754,-0.023484049151842372,0.17774200373899895,315,370,2.084478849545121,0.006617393173159115,0.15857316553592682,3.2630335092544556
122,0.5652059264504049,0.5652059264504049,0.5916453126856869,973.0457442731156,0.5512148412673838,0.1443240612088919,0.1435282510890601,0.14237890521171995,0.19901173136969771,0.1998036531392146,0.1971436022244215,0.5514050208717302,1.3477697210561295,0.8007802426485121,0.2336380278210116,0.2267327444425862,0.22814514428713142,0.23782197148460274,0.2355262773956976,0.23437010960000368,2.9555477089181195,2.3510228985874786,-0.6229359804282135,-0.03247385035647099,418,573,2.2121972739696503,0.005292337976003948,0.1412745714187622,1.73589807190001
123,1.1416420210636749,1.0,0.8276230595184323,935.2859332681728,0.5414053510237845,0.1757451078610746,0.16821803134473637,0.1686787380653359,0.20557890418927535,0.20138175168817904,0.20067772297982733,4.282950807534483,4.020805973913444,-0.27387475463637057,0.20752804383996068,0.20404315507000745,0.20394063338733315,0.22879283187721747,0.2263579821997848,0.2256651155079122,1.6792375167573361,1.7286388799549586,0.05024509772901962,0.20350389647627443,433,515,1.5237582474946976,0.003519072165114775,0.15131531655788422,0.5178017728030682
124,0.66702752605101,0.66702752605101,0.6420359700369346,567.9605358052125,0.4175597887777834,0.10457100722172656,0.10338114866274917,0.10298846711642232,0.17633790478519817,0.17519876703821996,0.17400870854649614,1.1378474689972948,1.5133641219967544,0.3798386373204845,0.32455948183090466,0.32160791295897206,0.32112385560026946,0.301223013954277,0.2996049201361867,0.2984900485509554,0.909407685544175,1.0585505656017662,0.15051164452049945,0.017916806994776713,422,537,1.262186873704195,0.0029909641556971444,0.13517828285694122,0.4686353988945484
125,0.6491658165342039,0.6491658165342039,0.638235424473187,1023.1393656769944,0.5635987033362353,0.14813975000598836,0.14622552390086221,0.1454365257671589,0.21427361587377966,0.213547391934122,0.21166546354024754,1.2921758711276135,1.8247798033412272,0.53957620575067,0.30309765214954226,0.2989245538005412,0.298539605219694,0.2828177482829072,0.2813659154136084,0.2795799684876971,1.3768164548309052,1.5038212594267764,0.12877783907442358,0.014116261431029176,347,287,1.349381472915411,0.0038887074147418185,0.1037665605545044,0.25480950251221657
126,0.7681568550823071,0.7681568550823071,0.683028935549909,548.2342547849347,0.4089885895375945,0.07535405108736433,0.07351012205852225,0.07335023249918497,0.16424232799461247,0.16306153946945803,0.16189636546096026,2.4470204351777354,2.6592048592797757,0.21750686144962636,0.5561899347312832,0.5540511197632993,0.5534545847871732,0.25096435471375333,0.2479703919005458,0.24739644430702318,0.3845475860718682,0.49180141050763676,0.10766785858693992,0.05890977250775109,345,290,1.516176525503397,0.004394714566676513,0.18026912212371826,0.06769633665680885
127,0.5710535532548836,0.5710535532548836,0.5854681131574478,2124.275056671612,0.7283634361246706,0.8148890854025,0.8129959325469507,0.8105475159100897,0.600190384000955,0.602662579359569,0.5991050840883492,0.23232031075913517,0.5327804200820703,0.30115976462399097,0.38912669978559955,0.3870793758675737,0.3858671623325058,0.3467791524186412,0.3468007883527964,0.3444586136838056,0.526132984232102,0.8376545363989927,0.31316923882883774,-0.03865104988471002,392,346,1.502175947651267,0.003832081499110375,0.11728599667549133,0.6526480289176106
128,1.525262819144519,1.0,0.7928885852383372,645.5658819299641,0.4489971437812567,0.3071555248813373,0.2988538655389352,0.29990839584154955,0.18063706429209198,0.17961883630496656,0.17837516297830922,2.7027543605504833,2.359433073062096,-0.3528581772608641,0.40103777918998745,0.3943928513839134,0.39472596103673313,0.23921053242375215,0.23857789463031875,0.23707774610315882,1.6569331247284058,1.5738712113364675,-0.08446138200803296,0.1687694221961793,238,321,1.3124468475580215,0.005514482552764796,0.1876247525215149,2.4093409115448594
129,0.9033916502556854,0.9033916502556854,0.7538039636493721,686.8218049493395,0.4643665471710402,0.15074040867275468,0.1472653662619316,0.1473215474324932,0.16178346733996615,0.15912905527481824,0.15804574553153408,2.3053157686251997,2.2680456225135663,-0.03814961520666236,0.1517920409607612,0.14501418605348704,0.14580919105470116,0.1829919604196159,0.17973033477555925,0.1789367799935625,4.465224174056842,3.9414780038477994,-0.5482256756045217,0.1296848006072142,247,253,1.2352039916440845,0.005000825877101557,0.1757817566394806,0.6819816157221794
130,0.5379239858464774,0.5379239858464774,0.5777949032285324,920.4561462931078,0.5374344751152377,0.17935166893676166,0.17891383823908555,0.17769050856081658,0.2519035076546314,0.2526268467970895,0.25003776634282626,0.24411855226754986,0.9262029095089106,0.6837535264512118,0.12027935251035615,0.11970563309037062,0.11921573014560431,0.19393724738895513,0.19408209047772892,0.19283655400808083,0.47698911576376757,0.8842933908047611,0.4092563834455975,-0.046324259813625424,411,343,1.454425853677094,0.003538749035710691,0.11768046766519547,0.9606950357556343
131,0.9311990815175016,0.9311990815175016,0.8221995048894402,1439.6847602578507,0.645044921305027,0.41278267562130255,0.40499631767556293,0.4050608490721632,0.26457102705346125,0.26524325111803765,0.2635395631290797,1.8863092870891278,1.8706760252272638,-0.015933823045764624,0.42147677789291166,0.4167624033613428,0.41668341836332673,0.26779700571591275,0.26657125508859786,0.2656101054526277,1.1185371956048047,1.1372772548818384,0.018952044949117206,0.1980803418472823,470,381,1.8122553564608097,0.0038558624605549143,0.3210241198539734,0.19493714720010757
132,0.8549417642486763,0.8549417642486763,0.7480659680104456,918.7700182417432,0.5369786334631579,0.21822417702340807,0.21413389693092474,0.21407847055808588,0.2726533895318965,0.2673089217583406,0.26729350470934143,1.8743478143783214,1.8997466375494694,0.025883978965155444,0.20545393749889176,0.20115242205856287,0.2011992116843497,0.2753763861118611,0.27096444999512487,0.2708136452893446,2.0936641529939495,2.0708903739384454,-0.023260781703741237,0.1239468049682877,302,281,1.3340412136167288,0.004417355011975923,0.08777879923582077,1.1672013811767101
133,1.1482624477354575,1.0,0.8618414515558201,1363.147911426919,0.6324405639767283,0.25100927496786096,0.2399256205216552,0.2404390171095046,0.20892186640702023,0.20720210010377177,0.20585806215670133,4.415635417306754,4.2111025019731905,-0.21398156092424037,0.29125039548142495,0.2820294715426723,0.2825452005236174,0.2257567489091381,0.22441758038535148,0.22343174827373538,3.165978169235037,2.9889040814582235,-0.18286350647118946,0.23772228851366228,434,422,2.6170327477157116,0.006030029372616847,0.2920283377170563,7.16568442620337
134,0.7621483974583341,0.7621483974583341,0.672575674131402,428.5753658469349,0.3510597685642546,0.19696779103653334,0.195558620540009,0.19542813073692095,0.1430399769320858,0.14378501532135457,0.14212888449089975,0.7154319440293493,0.7816812543360526,0.06672669439358989,0.6669968754574312,0.6616436168128552,0.6616914439233332,0.2634590036606631,0.26400842490648624,0.26150694074179187,0.8025912626509274,0.7954207477298169,-0.007228530475121886,0.04845651108924409,344,322,1.6269330978393555,0.004729456679765568,0.3347821533679962,0.4291998194530606
135,0.7864019914142877,0.7864019914142877,0.7039583039942998,767.2012275978622,0.4919752863134926,0.20849077629480953,0.20573480650503032,0.20554799487447745,0.2788777592119645,0.27784733264782957,0.2767945190649879,1.3218665299045282,1.4114683980891973,0.0908021514328939,0.23080048143678453,0.22800512845914364,0.22773696424935871,0.2915850064759327,0.2909828468808297,0.28968947234208864,1.211155609485383,1.3273443661619482,0.11761323598165438,0.07983914095214195,404,383,1.7958174431696534,0.004445092681113003,0.14951856434345245,1.5842858292162418
136,0.6276944731074467,0.6276944731074467,0.6261962456467387,1098.314854396781,0.5809517403109614,0.5115635223968913,0.5098044322825239,0.5088497080945443,0.2936747208680826,0.29398191876221136,0.29194944129740097,0.3438654316330623,0.5304940996636341,0.1872726338813987,0.26735738313872076,0.26708737858818166,0.2656353586477324,0.2788998742611482,0.27967034524237794,0.277671218547541,0.10099012317120504,0.6440908684743005,0.5436497778834,0.0020770826045808377,275,340,1.0075595676898956,0.003663852973417802,0.1352849155664444,1.1578632649034262
137,0.6305523344026235,0.6305523344026235,0.627081234533382,676.0507029842435,0.4604372128849756,0.13928559785694916,0.13817858404186376,0.1375999474174771,0.1603723707271121,0.16015880043064654,0.15809994784825387,0.7947798136475999,1.2102115835430958,0.4187599897617552,0.16200575131942993,0.15836561432577223,0.1585434182655859,0.17910520429099686,0.1766720759597388,0.17534567796471628,2.2469183742004133,2.1371667521958986,-0.11227433465949047,0.002962071491224183,396,447,1.911958808079362,0.004828178808281217,0.3854908347129822,1.1016425620764494
138,0.7583623998484009,0.7583623998484009,0.7016465942665389,1082.9343537380205,0.5775146150288265,0.4164863805171392,0.41297707991371224,0.4126023827854542,0.3755930856162969,0.37482069360227016,0.3732182410788044,0.8425967252685598,0.9325629632504115,0.0907307321598428,0.389155422652353,0.3836803800154078,0.38408252821650746,0.3765827754010649,0.3758509484224267,0.3748134146312315,1.40690385338309,1.303565141472364,-0.10481333475627139,0.077527431224381,407,383,1.3286936730146408,0.003264603619200592,0.17293283343315125,2.5703994911164045
139,0.7255229041737379,0.7255229041737379,0.6662021224274609,562.018030884792,0.4150040118411093,0.09591785962392972,0.09432810522744237,0.09407497322770987,0.156393507115833,0.1568040091473876,0.15502169144163752,1.657412292893514,1.9213172640062588,0.2683526814432954,0.23399094099751427,0.2324047829758561,0.23178749028304482,0.23164231957190273,0.23105118764234547,0.22947232563168518,0.6778715513072061,0.941682060457571,0.26561101062855536,0.04208295938530304,451,429,2.0749417077749968,0.004600757666906866,0.24416816234588623,2.170309491455555
140,0.8937677319037364,0.8937677319037364,0.8241071007317552,2274.4020517028025,0.7416614096411512,1.022447398986868,1.0112143800056292,1.011122627257686,0.6879378361996149,0.6890338533404868,0.6872722056178031,1.0986402813846,1.1076141169123805,0.009073520883142661,0.2449238060962927,0.24408735279738328,0.2433884513499959,0.29901651564057197,0.2999396666611891,0.298765810631006,0.3415157196195773,0.6268703605288416,0.2863325114462348,0.19998793768959733,321,395,0.5459283366799355,0.0017007113292209827,0.15773126482963562,0.6108884755522013
141,0.4818328806457956,0.4818328806457956,0.5786664848826281,371.864073594115,0.3194452577860863,0.055024669014786115,0.05510940334912945,0.054505113929512516,0.1292683880043925,0.1296894281837,0.1278875067146575,-0.1539933558174864,0.944222099971169,1.0965268772529329,0.1915051826857441,0.1901715988533409,0.18993824317601815,0.21091571227098826,0.21062713674712039,0.2092532171584361,0.6963695779406575,0.8182230307036962,0.12270795362177424,-0.0454526781595298,365,381,1.2995487162843347,0.0035604074418748894,0.09774588793516159,0.16160494647920132
142,0.9419095022217876,0.9419095022217876,0.8718124596234706,2799.4028443612306,0.7794236200531737,1.5494515844280605,1.533935295075889,1.5339623152656654,0.4388483194252502,0.4345314886707991,0.43329475432154596,1.0014052396415376,0.9996613845867655,-0.0017614947555501497,0.44542772920874674,0.4277386308991582,0.4292543547601344,0.2847543681402316,0.28262995317356715,0.2820347546008265,3.9712611383694654,3.6309761130818123,-0.3543574864374464,0.24769329658131278,251,274,0.9848344773054123,0.003923643335878137,0.19564059376716614,0.3781649246811867
143,0.6977682882003057,0.6977682882003057,0.6564689418724164,620.553143114949,0.4392418614721285,0.08028691105376931,0.07874760575511434,0.07839876110049832,0.19539015336280513,0.19406725384333698,0.19323679469390817,1.917255600510115,2.351753141936765,0.44299080749305564,0.322775635589662,0.31452044072342134,0.31616433549559353,0.25442745814979134,0.2519998146354486,0.2515518993555816,2.55756443672078,2.0482649137970474,-0.5226670700292512,0.03234977883025858,262,296,1.484351996332407,0.005665465634856515,0.1716202199459076,0.5069633312523365
144,0.6493140493525327,0.6493140493525327,0.6344436583905974,550.0438177898582,0.4097853517278222,0.10666881406929199,0.10563869579521598,0.10521523660804155,0.1843992651921621,0.1842205679332196,0.18293651301196498,0.9657164402398289,1.3627014361537715,0.4008561294578258,0.1613799701626688,0.17111059284842342,0.16482161075837187,0.21576738704841555,0.22585444160258408,0.2187002418282864,-6.029634703703489,-2.1326318205623283,3.6753902755877768,0.010324495348439489,493,436,1.8917502611875534,0.003837221625126883,0.2504250407218933,1.1129560060799122
145,0.7502170114682055,0.7502170114682055,0.6684276842720039,429.18196315733945,0.3513820559423076,0.08278057357569467,0.08143363613593341,0.08128371193101636,0.1643336989060862,0.16393719445784397,0.16275162881720712,1.627117790540096,1.8082281627459136,0.18410599358082172,0.15171222021180966,0.14873907206055123,0.14896659807523607,0.2062938456238296,0.20562241302067288,0.20454606949604923,1.95972885184037,1.8097567438801891,-0.15296990328957893,0.044308521229846076,361,384,1.5321831293404102,0.004244274596510831,0.1845899373292923,0.32841459661722183
146,1.3504930202394532,1.0,0.8186034365392688,849.3883019606089,0.5174093871641662,0.21103314274434215,0.20197235077300787,0.20282496269796055,0.20016749239727993,0.19874361873592303,0.19760172636897827,4.2935397983012775,3.88952177825711,-0.42214289316803777,0.18640481916784152,0.18276770175090826,0.18271512819329164,0.16795706452280346,0.16709937776698433,0.1659469195805993,1.9511928034748658,1.9793967725843133,0.028765234290833056,0.19448427349711095,545,445,2.489668233320117,0.004568198593247921,0.20262524485588074,0.8166628628969193
147,0.8012638612756472,0.8012638612756472,0.7015855387425758,615.6917846976542,0.4373056403771776,0.12334198312966739,0.12101550203878701,0.12090136381547316,0.14169833900470982,0.14256661376459598,0.14078133054951475,1.886203733593765,1.9787417489699743,0.09431702665437897,0.3893902814303937,0.3756940849337596,0.37796071540556897,0.2464918928267305,0.2402783640521401,0.23963625013116333,3.5173442044629994,2.935246864107437,-0.6033181151119271,0.07746637570041792,423,312,2.170552706345916,0.005131330275049447,0.27657508850097656,0.3845548667013645
148,0.6020695750360453,0.6020695750360453,0.6147282145501508,587.7237862614458,0.4259013134124659,0.1007724085676428,0.10001999138544482,0.09943693979261219,0.1590049076072518,0.15798991201845367,0.1564446821685663,0.7466499936765223,1.3252325651561567,0.5829350560386857,0.2008818882954624,0.19800769885157524,0.19800231773221877,0.2113622454701772,0.20889012111790287,0.2080896041408994,1.4307857558864352,1.4334645037825886,0.002717631378819032,-0.009390948492007056,300,324,1.6556742284446955,0.005518914094815652,0.13348877429962158,0.3403524663299322
149,0.6440179968883265,0.6440179968883265,0.6334417868304562,698.3271586762964,0.4685010116858348,0.15121959092911816,0.1499581560685262,0.14940366999990073,0.2169277934577936,0.21706407530573865,0.2156108272459521,0.8341742315539278,1.2008503118280545,0.3697605273114165,0.18773466137685066,0.1842009720561939,0.18427245988907323,0.21830311056570886,0.2161272503318272,0.21503716654149313,1.8822785812383247,1.844199394179826,-0.03880969360874021,0.00932262378829829,414,391,1.5193367209285498,0.003669895461180072,0.12221423536539078,0.252120153978467
150,0.9129205726091496,0.9129205726091496,0.789758035235246,1065.453447323811,0.5735390019094274,0.4007916678732418,0.39527356071443503,0.39532425009475575,0.38112057574795555,0.38017219432311494,0.37920066290075416,1.3768018651904583,1.3641545512905238,-0.012823873225695585,0.4388467385403448,0.4337859913588858,0.433737496005776,0.39038278365009116,0.3895121842742748,0.3885786401534849,1.1531923874589165,1.1642430228746203,0.011179557218499264,0.16563887219308815,443,395,1.5029117856174707,0.003392577394170363,0.15188854932785034,2.5364480884745717
151,0.4921670170901683,0.4921670170901683,0.561113022718756,723.9767298984707,0.477492350494448,0.20196180221158158,0.20203293026386446,0.20088359728762278,0.22703831370524544,0.22651683083423133,0.22504198165063893,-0.035218566829959316,0.5338657667697162,0.5688839808147074,0.25779521929315036,0.25487291683559715,0.2547556799138275,0.2711512611291704,0.26954501128358604,0.2684279262538801,1.1335751165463335,1.1790518798823946,0.04599818734183043,-0.0630061403234019,377,483,1.5753543209284544,0.004178658676202797,0.15031537413597107,4.238755200989544
152,0.6271590395454697,0.6271590395454697,0.6253054154338796,506.998031026396,0.3902304552271822,0.08117470870863065,0.08036609212879972,0.07992411285015709,0.15745139517507,0.15721716877101166,0.15588739181541844,0.9961434943159305,1.5406225391734574,0.5499574098169266,0.2243146141113268,0.22403650764481473,0.2224429420136657,0.23976725173151353,0.24252557219046342,0.2396069802563286,0.12398053850118547,0.8343959688387427,0.7112973005611373,0.0011862523917217649,516,525,1.727368414402008,0.0033476132062054418,0.14484336972236633,1.2985356766730547
153,0.4587683119510928,0.4587683119510928,0.5330957896346487,970.184592491553,0.5504862709014978,0.2773101942825757,0.2778119295382884,0.27606324648824276,0.23658398112001083,0.23581407223275438,0.23437844316192216,-0.18092925036916235,0.4496581157280884,0.6294485096273221,0.7569768057436708,0.7371343049178407,0.7419290851486405,0.3994955448083525,0.3923364827561108,0.39260768620944353,2.621282538021273,1.9878707618058415,-0.6504622290417263,-0.09102337340750921,540,323,1.8241991382092237,0.003378146552239303,0.23955297470092773,0.7198526030406356
154,1.046494568092819,1.0,0.794595420151756,657.513418999639,0.4535380374517959,0.11883219717909733,0.11432527976073188,0.11457801369081376,0.16608045818395725,0.16519462160338638,0.16411442774593812,3.7926736401018277,3.579992282623458,-0.22106565635423525,0.29820764944680694,0.29626605552778457,0.2950395424496362,0.2392758900769449,0.23911798829536057,0.2372451643520857,0.651087898859788,1.0623828741642836,0.4139904168107898,0.17047625710959813,361,286,2.0488508250564337,0.005675487050017822,0.2404136210680008,0.4726887810975313
155,0.7140116209538375,0.7140116209538375,0.653269842333024,380.19991595098014,0.3242839273513578,0.04557118774155701,0.044550627834131995,0.04436441011062313,0.13306037945346605,0.1319557890308855,0.13086945478916645,2.239484986024078,2.648115378905086,0.41799124403404614,0.16636903867783664,0.164368920411194,0.16418859431275132,0.277447733152484,0.27583996134267086,0.2751731176206422,1.2022178420563894,1.3106070591100922,0.10970814798294336,0.02915067929086612,297,432,1.7886104248464108,0.0060222573227151875,0.22940674424171448,1.8346427138894796
156,0.7313997005063755,0.7313997005063755,0.6803160761178536,871.528510768718,0.523831390147907,0.15639478617545502,0.15386529294378423,0.15348523126107416,0.1974358025133446,0.19643025008840004,0.1948296806615977,1.6173769557976303,1.8603912480283757,0.24700936477528315,0.6625809248496611,0.645745767624781,0.648230537896368,0.30123873556233705,0.2959444159690766,0.29528499074899467,2.5408454414379706,2.165831586013323,-0.38479079479322403,0.05619691307569574,385,239,1.6487869787961245,0.004282563581288635,0.16235071420669556,0.11764348763972521
157,0.6040579469787215,0.6040579469787215,0.6124852209221608,1093.680902927006,0.579922078662076,0.4086895277503389,0.40726209711858574,0.40618732537790786,0.4606232397481665,0.4611774086829031,0.45985173414058794,0.3492701757274165,0.6122501807679276,0.2639017350944231,0.4830884037687132,0.4812006507522954,0.48044818680421664,0.488046434733778,0.48730293575942385,0.48667566288760633,0.3907676114125061,0.5465287396467119,0.1563721800671679,-0.01163394211999702,309,388,1.609167067334056,0.0052076604120843235,0.11402975022792816,1.0172532610595226
158,0.965369686545844,0.965369686545844,0.775233793903174,629.6413600536804,0.4428260777726949,0.13262094904041874,0.1289457533455,0.12908376932534377,0.16316326069810713,0.16104346313462944,0.16005039094510942,2.7712029822668818,2.667134974276915,-0.10703414130587927,0.2007384019737838,0.19353634641885847,0.1943098505548661,0.1987156788579452,0.19517252753104328,0.19443900226828015,3.5877816521952255,3.2024522242421978,-0.39966866705935633,0.15111463086101617,402,340,2.0943548772484064,0.005209838003105489,0.1398991346359253,0.6912679206579924
159,1.1128063147989522,1.0,0.8378742565271834,1044.5165681713545,0.5686778161266034,0.27712679001625284,0.26909841417730623,0.26951019416097505,0.2056823303035639,0.20184219347434018,0.2010541338227672,2.897004594350393,2.748415573547076,-0.15302207741644155,0.3459452551209448,0.33396785468859685,0.33475745625796155,0.23940573177594882,0.23582748314580648,0.2349849515369114,3.462224226246601,3.233979566816702,-0.2364304103761564,0.21375509348502553,269,329,1.3999761892482638,0.00520437245073704,0.11557081341743469,0.5479706376791
160,0.6369374614871867,0.6369374614871867,0.6307670593455896,853.5355398113524,0.518625489330057,0.22170544136140494,0.22023944459601685,0.2195340726844612,0.20039722508665783,0.20110219452793873,0.1984946899416975,0.661236258517599,0.9793934977915827,0.3202750137921496,0.21545387824488632,0.20979159538843153,0.21057978915893963,0.19988586903013922,0.19783911514557667,0.19630048355234442,2.628071911529482,2.2622424463424,-0.37570321587418437,0.006647896303431766,328,325,1.7030486864969134,0.005192221605173517,0.14618606865406036,2.3910998031497
161,1.2795855232232918,1.0,0.8244148309382474,903.7214029037468,0.5328701231942671,0.3456664595719007,0.3368298134409203,0.33756099427835495,0.2760556537125121,0.2728293741706897,0.272451249672487,2.5564083197207976,2.344880467599934,-0.21707723255409625,0.27897775594892177,0.2755864050006485,0.2755112345083655,0.2534153359156239,0.2500259467738917,0.2496350951440659,1.2156348941648873,1.2425798712034037,0.02727656042497036,0.20029566789608955,321,278,2.2390110343694687,0.006975112256602706,0.3257744014263153,0.9379129838198423
162,1.0055601346222451,1.0,0.7750712756231497,531.6736252519661,0.4015956594188446,0.13548874358354882,0.13211736853892858,0.1322944003550775,0.17565290198792308,0.17511282449580598,0.17398168075667478,2.4883063754601014,2.3576447341557416,-0.13399586905695726,0.32831952094020517,0.32697764122287043,0.32613911184791233,0.2578265930347918,0.25913927396443426,0.2570898217100619,0.4087115239118316,0.6641119254952674,0.25644853630421444,0.15095211258099184,382,422,2.200484672561288,0.005760431080003371,0.2054118514060974,1.3823279421776533
163,0.6480915743670075,0.6480915743670075,0.6367301261331388,879.3573587877096,0.5260615179712254,0.16111994726771056,0.15948657610959693,0.1588043458944651,0.2325990361654943,0.23249647739647197,0.23076085345252242,1.013760981065667,1.4371909949783876,0.4277665442281587,0.39611616348222445,0.3881939385257822,0.3892459890673015,0.31526484066033256,0.3125206302194782,0.3115996487042496,1.9999751807143167,1.7343837611996946,-0.2710115839300844,0.012610963090980976,451,351,2.036852626129985,0.004516302940421253,0.12954412400722504,0.7489674855023623
164,1.0166703335331284,1.0,0.8845644073569404,1787.4238002962109,0.6928931158679777,0.6613290513518889,0.6497458076851207,0.6499383206772534,0.468103238686288,0.4648012598628561,0.46415999706913275,1.7515098789460026,1.7223998630259085,-0.029628970261249974,0.7631992505678449,0.7527643606074806,0.7525623419990337,0.5328904691662,0.5294897412121033,0.5287813232363889,1.3672563164337936,1.393726285881041,0.02683689863902444,0.26044524431478255,351,284,1.4416965562850237,0.0041073975962536285,0.16088439524173737,0.10652120783925056
165,0.5941911348846319,0.5941911348846319,0.608060083528359,917.3349709733452,0.536589962735665,0.3174140581754142,0.3163303131675708,0.31538402678327015,0.29579064886405404,0.29538551797288326,0.2938746649798139,0.34142942945660154,0.6395530821203138,0.29914502180490854,0.400639945462158,0.39325790888696127,0.3942952048306948,0.2705166677485846,0.2665203378007649,0.26584779208427467,1.8425612969473526,1.5836515313379955,-0.26376988746885993,-0.016059079513798813,332,516,1.1021644538268447,0.0033197724512856767,0.08466790616512299,0.8576555885374546
166,0.397949788673298,0.397949788673298,0.5157570751770385,728.7122210802621,0.4791191918336014,0.08921327046519846,0.09014600722214196,0.08855297337220366,0.13173898223914884,0.13086274500427336,0.12847075239935812,-1.0455134668640493,0.7401332666672884,1.767170725612579,0.1224118238526103,0.11997492132380704,0.11983279638030371,0.1619869754720234,0.1592951476333723,0.15824288311134482,1.9907411327662408,2.1068450670352457,0.11846221021452935,-0.10836208786511936,414,394,1.97648015152663,0.004774106646199589,0.24330326914787292,0.7476034797728062
167,0.6607615413023399,0.6607615413023399,0.6479364420571421,1471.2356894682748,0.64999271733586,0.5979113577662691,0.5949447949896044,0.5938844910258632,0.35885970488040264,0.3579198116990327,0.35637894024263145,0.49615427740785684,0.6734889190681888,0.17821888226785226,0.5021131351846627,0.4971406851690539,0.49698700135276624,0.3373212760812183,0.33642715198112105,0.3349935195587132,0.9903047076790942,1.020912115754795,0.03091354638082047,0.023817279014984205,440,437,0.6081468164920807,0.0013821518556638198,0.10386692732572556,0.9958902951329947
168,0.7649906687706425,0.7649906687706425,0.7129209340733007,1351.0987870161048,0.6303742589526885,0.6489926129699505,0.6445019877047162,0.6440569923473523,0.3943253118978258,0.39147716742591354,0.3907732007527486,0.6919378087655018,0.7605049000498797,0.06904483862784509,0.8501504127710614,0.8363570468991146,0.8373182144349387,0.5196368597755712,0.514254362641472,0.5139429464898778,1.6224618214307962,1.5094032942119278,-0.11492311081585625,0.08880177103114284,229,126,0.9425361193716526,0.004115878250531234,0.132400244474411,0.20593188982456923
169,0.59836224736513,0.59836224736513,0.6135344252594586,552.6917973661997,0.410947409830583,0.09975199121795243,0.09907012277412827,0.09851179269494216,0.14903639786571776,0.1476913201323771,0.14630951817930932,0.683563741935052,1.2432819714851693,0.5635705937894702,0.2645270975696123,0.2641711454991871,0.2626229487467265,0.22950460321131158,0.22596779735424785,0.22499555256908038,0.13456166634555936,0.7198312915313784,0.5860582349124726,-0.010584737782699305,414,490,1.8860803544521332,0.004555749648435105,0.19160152971744537,4.975338290445507
170,1.4341192775861282,1.0,0.8365225297507125,1029.329286260342,0.5650816583990349,0.4434654978167226,0.43140553984361707,0.432494298319233,0.25716882166647403,0.2538106656990349,0.25308105916889767,2.7194805531612616,2.473969125332919,-0.25237470895959613,0.682456370820296,0.6719458736750662,0.6724867742059797,0.46224041238378744,0.4594390392372744,0.45895408792599923,1.5400980333140444,1.4608401416684083,-0.08049763412566988,0.21240336670855464,210,245,1.4178161099553108,0.00675150528550148,0.3449907600879669,0.2991186026483774
171,0.7488346414618233,0.7488346414618233,0.7013525196815092,1288.6222750633185,0.6192764331902926,0.4638357662100628,0.45981391865594,0.45932233332882955,0.4304849866091134,0.42808622366232274,0.42716590982527486,0.8670843964847137,0.9730670228628262,0.10690962303781405,0.4418426203382836,0.43705586293600057,0.43668134535896347,0.4188062796880991,0.4161226106966255,0.4151864143320195,1.0833625327086323,1.16812519701439,0.08569100858668613,0.07723335663935138,299,293,1.3487089574337006,0.0045107322991093666,0.13491207361221313,0.9299249164760113
172,1.108211827727389,1.0,0.8002848250782348,698.8130987127811,0.4686742305403436,0.21311134655195668,0.20778039140435556,0.20814461617512098,0.2085786444260315,0.2081373948205567,0.20692671195296464,2.5014881815790293,2.3305799795248405,-0.17529313921476472,0.3129738252542879,0.3036136624529338,0.30451352734660103,0.24623779132116358,0.24373836935096774,0.24276563402313459,2.9907174485754733,2.70319663339673,-0.29638484855954755,0.17616566203607698,358,421,2.159412356093526,0.006031878089646721,0.18572066724300385,5.532107377424836
173,0.6481164285258748,0.6481164285258748,0.6336869092039508,525.3014774974936,0.3987015173993467,0.06433879236142898,0.06336290210021218,0.06295567671431206,0.1690190879574238,0.16637402265753864,0.16593948616377563,1.5167991586392229,2.149738278187043,0.6426873965716996,0.11484162968995165,0.11116581932480413,0.11167781533520739,0.19259621189447418,0.19062551020328683,0.18992897121988628,3.2007647183964933,2.7549368319536205,-0.4605696368838996,0.0095677461617929,388,514,1.2851527072489262,0.003312249245486923,0.1876606047153473,27.016662426292896
174,0.2896073305172221,0.2896073305172221,0.3789665608391731,2173.441372252347,0.7328667579635174,0.1917123652801185,0.19744781747097345,0.1906779942247182,0.25099344649280997,0.2561147659886184,0.24879414983134246,-2.9916965358361987,0.5395432130259001,3.428664511447674,0.2009724171243318,0.19707215455783067,0.19783093218596562,0.23490994023293849,0.23505457531329332,0.232780997972668,1.9406954557790075,1.5631423373003008,-0.38502528672171504,-0.24515260220298474,397,396,1.5353943575173616,0.0038674920844266034,0.08448135107755661,0.42956262920051813
175,0.4442055289433838,0.4442055289433838,0.5400907684857275,694.2648056751577,0.4670485090101517,0.21099500898580273,0.2114808626081922,0.21017592240414343,0.19045844712981222,0.19079910217577878,0.18863598478253074,-0.23026782705659798,0.3882018752938439,0.6170488374006814,0.30687897152153715,0.3052523188727474,0.30426198330759374,0.22088758713889464,0.2219671904771561,0.21883444393269447,0.5300632496011836,0.8527753468959153,0.32443179098878616,-0.08402839455643041,353,276,1.3639962188899517,0.0038640119515296082,0.1094212755560875,0.6049121879041195
176,0.7777672227835676,0.7777672227835676,0.6872598105355556,552.6825147115709,0.4109433441571846,0.07169424236462638,0.06976873203961545,0.06962594527110239,0.17814165973100216,0.17498385353498142,0.17462173964310634,2.6857251872724506,2.8848859061860725,0.20465725023064588,0.07673005426513226,0.0750787933382339,0.07490052960850378,0.18129460298478176,0.17952136996492443,0.17886868660553287,2.1520393054755322,2.3843651280458524,0.23743552846811755,0.06314064749339776,505,514,1.1677676923573017,0.0023124112719946567,0.09392897039651871,0.9602058362215757
177,1.0637645776705025,1.0,0.8235937172975022,895.82730669079,0.530685618000039,0.30321164965540637,0.2968771661211118,0.29717838266421825,0.25826857486453003,0.25479440600493874,0.254261035234116,2.0891293396851873,1.9897873310754364,-0.10146167421429766,0.3342077726871996,0.32427625367364904,0.32499000482046186,0.2911304832007255,0.28497444496686025,0.28484305434929735,2.9716600944664187,2.758094999593279,-0.2201058938873588,0.19947455425534433,306,242,1.4495834410190582,0.004737200787643981,0.1809365153312683,0.376535939052701
178,0.1260359480615571,0.1260359480615571,0.3902297180094833,701.3566076770979,0.4695790542586021,0.09965226806271649,0.10294198006929796,0.09988940207268221,0.19051607316066918,0.19463347255983707,0.19066330718158733,-3.3011913030530127,-0.23796147802324136,2.9653383338467263,0.1440507268192458,0.14560628776337997,0.14326809615982608,0.18092005832171432,0.18377251521463692,0.18000609657330685,-1.0798702502112898,0.5433021246756784,1.6058314784823096,-0.23388944503267456,342,401,1.9831371922045946,0.005798646760832148,0.14562003314495087,0.46518308483064175
179,0.6756708405753938,0.6756708405753938,0.6509065553681763,856.9499997306316,0.5196221269181465,0.36814817465159577,0.3662599907415044,0.3656979766570014,0.3231419937429237,0.3216773836129481,0.3207330249006113,0.5128869406668385,0.6655466910607901,0.15344675878061395,0.1354998866642952,0.1341045175806682,0.1339195247392649,0.20358027897448336,0.20197047513168537,0.20152608121876306,1.0297935429894993,1.1663197393999807,0.13794676327141342,0.026787392326018455,278,329,0.9422326870262623,0.0033893262123246845,0.1760450154542923,1.7077620336785913
180,0.2700808400867516,0.2700808400867516,0.4665683600638136,635.2380318853565,0.4450105899925103,0.09722595345548972,0.09905784933442845,0.0970891650439123,0.14892229821567587,0.15339284850585752,0.1485962134980253,-1.8841634500168454,0.1406912524031413,1.987408674571251,0.14532507188900917,0.14562727718485394,0.14452953866602256,0.18227134430616757,0.18492529856041007,0.18142022105217354,-0.20795124469339468,0.5474163629481623,0.7538000710113891,-0.15755080297834428,460,550,1.7689666207879782,0.003845579610408648,0.17913252115249634,2.876374313607812
181,0.3073149986770297,0.3073149986770297,0.4591238940045635,861.0435411952907,0.5208115536241229,0.03422162385309318,0.036302576289807376,0.03383609083149898,0.1177384109610941,0.12239531823082914,0.11720558224498226,-6.08081149406388,1.126577228623685,6.794243578246834,0.14332473869470383,0.14297865280036423,0.14214679076762568,0.12432737446264644,0.12703589590111622,0.12375948044769154,0.24146975427375192,0.8218734168337101,0.5818085542462402,-0.16499526903759437,323,440,0.8546616919338703,0.0026460114301358213,0.09520374238491058,1.168027136940509
182,0.923469416881207,0.923469416881207,0.7550444987326427,615.8404240957044,0.4373650398201403,0.17556885626066804,0.17229786507458933,0.17238480179725682,0.2254594674042856,0.22556023988207724,0.22451979799703406,1.8630816739059064,1.8135645075250901,-0.05045722570610807,0.44723050369918643,0.4393867276886897,0.43969501939069033,0.29433002495427735,0.2957917014445977,0.2937218709300618,1.7538553264185606,1.6849218123915295,-0.07016409066845287,0.1309253356904848,347,274,0.7932156268507242,0.002285923996687966,0.13479726016521454,0.4737642612308264
183,0.5765386671805666,0.5765386671805666,0.6002906287412968,794.7832202526185,0.5008046652177984,0.3435396457551993,0.3427766559852864,0.34188567823273935,0.24803684665316958,0.24582146126462592,0.2449104137371728,0.22209657002924107,0.4814488059519432,0.25992953049442336,0.6476936080007432,0.6388799607907544,0.6400465534240539,0.2977145045184297,0.2937095574134486,0.29268883437737253,1.3607741532596183,1.1806592626865116,-0.18259965954412327,-0.02382853430086107,343,218,1.1235436275601387,0.003275637398134515,0.11603273451328278,0.13283115532249212
184,0.4636969542266782,0.4636969542266782,0.5628708319652548,489.2691200587288,0.3817945877266406,0.07137518607445387,0.07159796802384386,0.07074562087728237,0.14121772074313463,0.14175726112118048,0.13980814375042094,-0.31212801204832885,0.882050516148258,1.1904627604482243,0.197976586486033,0.19720668120234303,0.19633175530863187,0.22316970766777144,0.22118382406350195,0.22021906261532317,0.3888870382883844,0.830821061518391,0.44365935696339087,-0.061248331076903084,429,453,1.14971908275038,0.0026799978618889976,0.16937078535556793,0.7675730306655169
185,0.7685682229942767,0.7685682229942767,0.6940880632878937,744.2439112176809,0.4843846008338773,0.1496965920225694,0.14718956482120923,0.14696546751113865,0.16029913002627263,0.1599755568630529,0.15826767481993576,1.6747389953822027,1.8244400053001841,0.1522508136652195,0.27029685435674156,0.26264353442617644,0.2634728173178138,0.20867206934092766,0.20465028960469808,0.20351516220415303,2.831449869728842,2.5246453774564817,-0.3157446435714395,0.06996890024573588,411,312,1.6743644140660763,0.0040738793529588235,0.1633700430393219,0.047304391860961914
186,0.6118597575078653,0.6118597575078653,0.6189041366486742,586.4954267714836,0.4253898265210331,0.09631543913967516,0.09549257595211082,0.09493864193605596,0.1655376545697548,0.1649069090399846,0.16335009912206355,0.8543419361573409,1.4294667769957357,0.58008071363857,0.1947949586890219,0.19311379558170158,0.19266890585017724,0.20899305606946336,0.20758871392276612,0.20613759081024194,0.8630424106633094,1.0914311402887942,0.2303769806730992,-0.0052150263934837016,417,379,1.7366380896419287,0.004164599735352347,0.11241006851196289,2.0563239250332117
187,0.9479790566170452,0.9479790566170452,0.772960186486388,673.7342309535487,0.4595846117321501,0.18358935362473636,0.1798037472481412,0.1799217378891135,0.19673587652871583,0.19825619815334514,0.19657408063467383,2.061996680010701,1.9977278982743192,-0.06562190320176157,0.17513528042115442,0.17426159712158326,0.1736317690432564,0.19057877685710964,0.1933363604593734,0.19124436507639564,0.4988619640030155,0.8584857227410039,0.3614267794684776,0.14884102344423011,522,463,2.0006817830726504,0.003832723722361399,0.24466843903064728,1.556634223088622
188,1.0336963209172785,1.0,0.7603644782871943,450.4236907701295,0.3624694367175664,0.19054722108268812,0.18753210134284767,0.18773993207580916,0.1841093260895185,0.18408956638993068,0.18311595069447395,1.5823477890197284,1.4732773277552733,-0.1108240837026251,0.5522283646130879,0.5487542904261405,0.5482510281049465,0.27977321366774605,0.2803686321050811,0.2783841585419262,0.629101004143713,0.720234012414055,0.09170995652775796,0.13624531524503647,348,339,2.2663633599877357,0.006512538390769355,0.26863402128219604,1.2737785540521145
189,0.8712885046795535,0.8712885046795535,0.7471335150080418,784.9508185515492,0.4976925987299405,0.31780325702192247,0.3141477882322,0.31414211638182077,0.24288900632272917,0.242870177345567,0.24135262469479332,1.150230121609575,1.1520148265343773,0.0018054720076716184,0.06467306983765356,0.06382610137261596,0.06376294311161244,0.12138024103924935,0.12070950592507079,0.12010716717553402,1.3096153733906697,1.4072731174285853,0.09895365633379509,0.12301435196588395,399,523,1.504824548959732,0.0037714900976434386,0.15744972229003906,1.2912783501669765
190,0.7634115661633946,0.7634115661633946,0.6882934666733651,676.8110097857675,0.4607164654582883,0.08380616577875656,0.0815700649348335,0.08135643347953375,0.14505846522365914,0.14338388918541256,0.1419640493214795,2.6681817777300996,2.9230931596249863,0.2618993321513459,0.08240087692333496,0.08128834220324817,0.0809300326722227,0.1559272051868442,0.15546767875773332,0.15413634791987849,1.3501491265947163,1.7849861628059238,0.44078833608093576,0.06417430363120724,418,437,1.4336709575727582,0.0034298348267290868,0.12663835287094116,2.9821648113429546
191,0.2961945896026841,0.2961945896026841,0.4354840187562545,1072.890233045771,0.5752394287118602,0.19402589764730635,0.19676848286526197,0.19356614538428668,0.18642771923213391,0.18617955764347976,0.18395797066638434,-1.4135150261956244,0.23695407087119436,1.6274646398367063,0.2278224465630417,0.22438102525442605,0.22470172744544012,0.21694556325838538,0.21504017436773817,0.21379367897865148,1.5105716581194604,1.3698031799241703,-0.14292750050964734,-0.1886351442859034,316,370,2.007621316239238,0.006353232013415309,0.26809853315353394,2.326613923534751
192,0.4637433138897427,0.4637433138897427,0.5469391456809072,734.9438252342519,0.4812446373262954,0.142927058705189,0.14326127789518736,0.14196774391407085,0.15726834926073724,0.15706772839992142,0.15431010002050455,-0.2338389896399939,0.6711918651435202,0.9029194770012318,0.15431726406690946,0.14954870971686132,0.15054132619301622,0.1686788641185125,0.16649382616523148,0.16478177520499415,3.090097779325954,2.4468667823556394,-0.6637412506160724,-0.07718001736125069,365,290,1.2987674474716187,0.003558266979374298,0.08011384308338165,0.1446380279958248
193,0.5395629970676619,0.5395629970676619,0.5477971943293872,7343.094870093258,0.9026186066169444,3.4157414454143553,3.4120976209008465,3.4023378461795835,0.9276914329740426,0.9245797131293467,0.9211718810022741,0.10667741021208474,0.3924067277623204,0.28603445169561886,1.0907142457627197,1.0875595310009518,1.0851084864249758,0.4455914995569093,0.44532778928473343,0.44272917729511885,0.28923384598885754,0.5139530687823606,0.22537107221341224,-0.07632196871277064,318,305,1.0883986130356789,0.0034226371479109396,0.18807990849018097,0.32091534696519375
194,0.4691591128614596,0.4691591128614596,0.5535636270157358,662.2413021283706,0.4553143596955964,0.1311893787955803,0.1314455511472939,0.13030481988223108,0.20859079737956204,0.2100186201984646,0.20787694535706633,-0.19526912473057,0.6742610731677691,0.8678355829514094,0.18178839215216738,0.18033758097348626,0.17963446887965248,0.21660713216907945,0.21548363058074882,0.21385388829008653,0.7980769077195583,1.1848519297711504,0.38988661710902806,-0.07055553602642206,452,394,1.5237078852951527,0.003371035144458302,0.12276912480592728,0.48703763633966446
195,0.5330006980703282,0.5330006980703282,0.5789652897931947,778.2559404609643,0.4955512942730437,0.15834403375741815,0.15802190114011191,0.15696779030672006,0.17141102165325578,0.17167269019497916,0.169075982459986,0.20343843065141398,0.8691476515032348,0.6670662900436903,0.21995534179833467,0.21601498609233405,0.21634850603944192,0.213163463549947,0.21089803208975633,0.2096520745309082,1.7914344219988654,1.639803666236791,-0.1543966708704682,-0.04515387324896314,331,314,1.304981753230095,0.003942543061118111,0.12334449589252472,0.4090982750058174
196,1.10006265320842,1.0,0.8599093701120062,1333.4216969686652,0.6273004204688785,0.5236068400379321,0.5135710112032856,0.5139695681589648,0.4165583333167825,0.4121328149107936,0.4118404769708892,1.9166725999835015,1.840555000822599,-0.07760503357565511,0.45715766781328065,0.4515544131866704,0.4512985706773559,0.40934539001717135,0.4057335066393627,0.4052053425123277,1.2256722398231397,1.2816359756034572,0.056658179356276504,0.23579020706984832,367,246,1.7882500048726797,0.00487261581709177,0.21650630235671997,0.18351181223988533
197,0.7792434920622678,0.7792434920622678,0.6766234731995356,405.3346288510368,0.3384659936261269,0.09300327618165041,0.09158361110521394,0.09148650078306178,0.16350338480648258,0.1631748414872643,0.16200139349688317,1.5264678135247984,1.6308838364211224,0.10603460704404889,0.11337212118717914,0.11286661391559091,0.11240288783533432,0.1674718098721221,0.16729632708252776,0.16589012820470683,0.4458832262242196,0.8549133082238073,0.4108620469498585,0.052504310157377776,265,196,0.8975522369146347,0.0033869895732627723,0.13799254596233368,0.5322622247040272
198,0.957932957870285,0.957932957870285,0.8646100082130648,2041.55428930674,0.7204341129602809,0.5890319578363924,0.5773059018164873,0.5773947504099696,0.48978406915086964,0.487953560416359,0.4871296919262006,1.9907334167362873,1.97564958430577,-0.015390210493722105,0.5221520681843766,0.5104117996966447,0.5107823164999268,0.4354044913484102,0.43313956138906534,0.4324762828378369,2.2484385685869412,2.177479009895467,-0.0725917393567802,0.2404908451709069,362,320,1.9465675465762615,0.005377258415956524,0.12190540134906769,0.20809230580925941
199,0.6924292386043219,0.6924292386043219,0.6471729811612783,403.56646247586986,0.3374878146363755,0.08893516096013489,0.08796112439706455,0.08772688586268493,0.16926509932094205,0.16895640556820676,0.1678666445807172,1.0952210043302772,1.3586022495552326,0.26629779460554354,0.10335763027239545,0.102196250369828,0.10189356769833081,0.18866187872788162,0.18962587982013637,0.18806421553431382,1.1236518286135868,1.4165016846904726,0.29617786406237123,0.02305381811912044,408,540,1.1473676580935717,0.0028121756325822835,0.15692320466041565,0.22770802676677704
200,1.0372403629376037,1.0,0.7464967426088365,382.4451491621133,0.325575468430715,0.09508182746631044,0.09250475327983167,0.09270417133268903,0.1450996462448016,0.14434825386929473,0.14334721413654644,2.7103751107348972,2.500642022750211,-0.21557600640705912,0.21316314694329477,0.20810849207858378,0.20863041549240655,0.20971853079080388,0.20912843687581312,0.207868584576295,2.3712611383315796,2.1264142117839984,-0.2507939049530367,0.12237757956667861,467,408,2.3012826023623347,0.004927800005058533,0.2588822841644287,1.1534743197262287
201,0.336574048853741,0.336574048853741,0.4653379250166748,976.913213496078,0.5521959170603051,0.12416144483847943,0.12616391537709756,0.12356899665730144,0.1687623990044516,0.17014517974763724,0.16695924483377064,-1.612795776678602,0.47715954171499,2.0567835993675736,0.16110322045319975,0.16115114340976877,0.1598427690653839,0.19563486410946093,0.19452401635956393,0.193009656028422,-0.02974674027881757,0.7823874558621985,0.8118926845328054,-0.15878123802548305,374,471,2.348230456933379,0.006278691061319196,0.26450875401496887,0.9168325085192919
202,0.2215439634046168,0.2215439634046168,0.4446105557764679,637.531409504194,0.4459008091589116,0.10509449306914855,0.10732111946759834,0.10509719973458917,0.18703733247542037,0.18860515959182117,0.18619281998919376,-2.1186898889028876,-0.0025754588671391895,2.07221071122036,0.24103767493448358,0.23974414071523673,0.23891786824837974,0.23471511443284193,0.2342230784558353,0.23250501722789088,0.5366522970313463,0.8794503542568716,0.3446476165765471,-0.17950860726568996,271,473,1.4881668388843536,0.005491390549388759,0.15415135025978088,1.0671797450631857
203,0.9367024137080052,0.9367024137080052,0.7702551344762898,695.5546719272165,0.4675105627791673,0.19908575819328544,0.19527592470823005,0.1953792970037175,0.22028852137754032,0.21959017132925934,0.218257935558196,1.9136645029909987,1.8617410020708083,-0.05293652847472682,0.2524949363259161,0.2474079736029039,0.2477816777501347,0.24612262114392877,0.24371587873983244,0.2428692303550626,2.014679104869658,1.8666744942946392,-0.15104773778658323,0.14613597143413193,478,432,2.1176292710006237,0.0044301867594155305,0.197557270526886,1.194671306759119
204,0.8861160835972017,0.8861160835972017,0.7412702288827341,640.7535411919331,0.4471467282607373,0.2135549335388103,0.21045181734530152,0.21048400762089634,0.23679286461216084,0.23477632670345788,0.23429266510458602,1.4530763312685717,1.438002797231503,-0.015295793593454999,0.3968899382917938,0.3925052834678768,0.3923993816897501,0.230537297854342,0.2305880542046147,0.22884200835356702,1.104753333578699,1.1314362418384782,0.02698098155291729,0.11715106584057622,203,216,1.0805361531674862,0.005322838192943282,0.17618735134601593,0.04994399473071098
205,1.1287501336176444,1.0,0.7991271548537008,690.2199249404152,0.4655943442819656,0.3200831995785544,0.31463999430522704,0.31503854813994636,0.2931954898280667,0.29041247844920953,0.29002387722988104,1.7005595046832511,1.5760438052513275,-0.1266697946646563,0.1351470051016003,0.13410613163105764,0.1337032197615315,0.18457894668672245,0.18383289390111876,0.18284710364951037,0.7701787174345108,1.068307313938186,0.3004425410126743,0.17500799181154292,382,397,1.18636966496706,0.0031056797512226705,0.1977900117635727,0.9198687896132469
206,1.2186913607493866,1.0,0.8533666946637524,1238.5766421112814,0.6098941714533489,0.4445962865973892,0.43343139681824805,0.4340965771658987,0.3702782563391899,0.3679585902258688,0.3673733591452821,2.5112422473406046,2.361627784129166,-0.15346842719139825,0.404450707810346,0.39272014412315004,0.3935091985167436,0.3422774502194736,0.3389926888082431,0.33849014045316594,2.900369182366867,2.7052763370939745,-0.20092027501042178,0.2292475316215945,254,295,1.8913728930056095,0.00744634997246303,0.24061422049999237,0.4787423061206937
207,1.4969508212439668,1.0,0.7991578780057501,690.4466976372968,0.4656760806968836,0.2999739064068184,0.29134028456462135,0.29237929250144656,0.26150138618146074,0.25783793440888575,0.25766128330596266,2.8781242827462235,2.5317581773503335,-0.3566303706944962,0.23104558860082952,0.22606852598926647,0.22650760790272753,0.19655549144856072,0.19474980472088937,0.19416702849275108,2.154147431120953,1.9641061859623392,-0.19422514104502625,0.17503871496359225,323,305,1.2179082334041595,0.0037706137257094725,0.1417021006345749,0.3340357970446348
208,1.439320511086935,1.0,0.7964736868697591,670.8925406260968,0.4585350113151208,0.2424083189034511,0.23450415569673178,0.23543082992268963,0.1846759993897765,0.1859396774845018,0.18450871963148985,3.2606814990815063,2.878403271110734,-0.39516324271722353,0.3042365165373264,0.29903224429568753,0.29912205843456185,0.22797187193879107,0.22809418717659796,0.22688349422350967,1.7106007854913035,1.681079628762143,-0.030034934555590188,0.1723545238276012,272,303,1.438364116474986,0.005288103369393331,0.09983363747596741,0.15607434324920177
209,0.4264978133654265,0.4264978133654265,0.5301264811651811,718.5631937621367,0.4756200786541018,0.10717435063537095,0.10783680254657704,0.1064030385329523,0.17453489207432904,0.1733148162368267,0.17211785642063163,-0.6181067646118874,0.719679753454084,1.3295683660552442,0.10255946331759218,0.10123926591822828,0.10093381367451812,0.1633093398171739,0.16097232013550586,0.16016914333907636,1.2872506901442051,1.5850800993760747,0.3017132146699651,-0.09399268187697674,311,300,1.9172650557011366,0.006164839407399153,0.1536605805158615,0.7154135908931494
210,1.01320346777377,1.0,0.7960102600148167,667.5685994151154,0.4573021023467011,0.11972078607137955,0.11542369445743317,0.11562045570502152,0.14886856244312524,0.14509291937656862,0.14450571370091744,3.5892611090812454,3.424910995750847,-0.17046867934115498,0.21463410677666592,0.20986633567609658,0.20991616677188255,0.23650973078331375,0.23248577597594267,0.2319613511827733,2.2213483086033303,2.1981315437870035,-0.023744206342303023,0.1718910969726588,407,435,1.5699017718434334,0.0038572525106718267,0.1424858272075653,5.05574232339859
211,0.8224836639689863,0.8224836639689863,0.7246117723213075,813.4427300707181,0.5066058130845634,0.1284828312856348,0.1251926196658508,0.12508073077349677,0.2127306936823987,0.20991276856794225,0.20955997681768726,2.5608181162115184,2.647902819462869,0.08937339329799865,0.18567975678230408,0.18156788204251062,0.18123814876728322,0.2553308447746965,0.251811164847532,0.25129668288928125,2.2144981289556167,2.392079832498014,0.18160330534130176,0.1004926092791496,454,466,2.2137495558708906,0.004876100343327953,0.19338171184062958,0.7813800629228354
212,0.4450270856183166,0.4450270856183166,0.5313076627949336,852.1961991494092,0.5182334226185539,0.11400135155531621,0.1145889457341773,0.11298268396283292,0.17937446976401822,0.1796736447952363,0.1772997477101011,-0.5154273794517028,0.8935574697892975,1.401759795461048,0.27692740413885775,0.28074973807786513,0.27660329303816933,0.3087812899049405,0.3113134038588798,0.3078219192694618,-1.3802656876423747,0.11703829084603744,1.4769185781202034,-0.09281150024722429,545,423,1.2442833464592695,0.002283088709099577,0.10953528434038162,0.7230340447276831
213,0.9310201948023972,0.9310201948023972,0.7677124362278256,696.5914167889564,0.4678813634548069,0.1508113619472306,0.14704549590064656,0.14714121610656977,0.1979399961424868,0.19564872319748314,0.19477246566443537,2.4970705111076033,2.4336003556184505,-0.06509563950730682,0.16242087570502176,0.15917635801972166,0.15922363529806635,0.2000754254446062,0.19766831012639752,0.1969296783473437,1.9975989362306967,1.9684910533064877,-0.029701193652662473,0.14359327318566772,479,459,1.9914149045944214,0.00415744238954994,0.21973732113838196,1.0521159004420042
214,1.049040055693501,1.0,0.8088204589162495,765.383982636014,0.4913825811631022,0.2300659098931695,0.22479515853287713,0.22506059939472375,0.2289435188683304,0.22942003269141503,0.22829446928292407,2.290974513668639,2.1755985059976704,-0.11808121828736173,0.4824619039985012,0.47113446761769634,0.4723703193923498,0.28885550106661684,0.2862371197761397,0.2858052888046214,2.3478405832515317,2.09168527556587,-0.2623140227677629,0.18470129587409168,261,262,1.1515644136816263,0.004412124190351059,0.1744607836008072,0.46579645946621895
215,0.3654502980646419,0.3654502980646419,0.484562811289128,928.203199788459,0.5395173932709699,0.2731034123783759,0.2746698565870226,0.272408574784346,0.23201181055900028,0.23170724163539022,0.2306953001508882,-0.5735718184569785,0.25442288984189243,0.8232726483985922,0.18661237534334243,0.18538601715391265,0.1854112624408928,0.17683070422369943,0.1759479438718396,0.17530965361801143,0.6571687366250223,0.6436405411161804,-0.013617686688409637,-0.13955635175302988,84,67,0.47426025941967964,0.005645955469281901,0.25078070163726807,0.03454608749598265
216,0.6323967563881454,0.6323967563881454,0.6275740401489899,567.53380586734,0.4173770034869795,0.11503492238421106,0.11409247261703448,0.11361159475513317,0.13904801606754857,0.14000319047265533,0.13774895550318575,0.8192727457396352,1.2373004645702665,0.42148079612178363,0.23680258922215464,0.23041472394033927,0.23146868633992287,0.2034180928045147,0.2004335418136567,0.19925063625022071,2.697548748431395,2.2524681422413835,-0.4574197262916704,0.0034548771068320105,396,298,2.054992544464767,0.005189375112284765,0.22903500497341156,0.34943223372101784
217,0.6059582624404664,0.6059582624404664,0.6128365943672048,1299.4982461027516,0.6212560116045226,0.32623069224090784,0.3245036631394444,0.3232386736106524,0.22468330701018982,0.2276815239101343,0.2233278070133105,0.5293889086892231,0.9171481106523118,0.3898228810589476,0.31300545700174487,0.31215043750376004,0.31061350660409115,0.2407497607686069,0.24203639746062403,0.23880271220812468,0.27316440619757826,0.7641880817561546,0.49236865146164455,-0.01128256867495303,299,330,1.5371273048222065,0.005140893996060891,0.14315561950206757,1.0318131567910314
218,0.4711575192009399,0.4711575192009399,0.5834262942150709,287.1508896625391,0.2660331557977258,0.07871029784722253,0.07881417783946522,0.07833323378956521,0.15606222574568468,0.156240096804447,0.15511777946738714,-0.13197763835721224,0.4790530184362977,0.6102252958593765,0.16414945317505522,0.16347834836784747,0.1630321264366178,0.20543112526758545,0.20471457635108775,0.20385371599575414,0.40883767458674325,0.6806764913471045,0.2729547586482928,-0.040692868827087,310,448,0.7199578564614058,0.002322444698262599,0.10277552902698517,2.3871390596032143
219,0.6465260998209807,0.6465260998209807,0.6351500209321871,768.1880310745604,0.4922965597178234,0.1961655124483083,0.19475371739359082,0.19415241725387786,0.27011806829670065,0.26875701905513455,0.2678431915074949,0.7196958512722755,1.0262227897785594,0.30874899219394863,0.25495668757539913,0.2533787089028663,0.25283887610040434,0.2924972328803097,0.2910400789908827,0.2901933862510896,0.6189202909479211,0.8306553929355094,0.21305373478278125,0.011030857890029222,349,333,1.2157377023249865,0.0034834891184097033,0.0978778675198555,2.2304638102650642
220,0.6938860851670754,0.6938860851670754,0.6595623684129617,818.0682233497316,0.5080230615210869,0.3326875909982033,0.33069817642333793,0.3302234755741669,0.2229692797171628,0.2240527839228487,0.22127457159062694,0.5979828008902468,0.7406694721143532,0.1435450459101792,0.2317191006998361,0.2257251814651679,0.22670076477769027,0.20509377668671314,0.20287981579830305,0.20182315262045095,2.586717804689127,2.1656979968373262,-0.4321995916405611,0.03544320537080381,390,323,1.7543579954653978,0.004498353834526661,0.16107551753520966,0.12824059650301933
221,0.2353167766625883,0.2353167766625883,0.4525095814421259,625.9605167792059,0.4413799596191202,0.1279459840718965,0.13002406513831072,0.12791378916050947,0.17966938893770037,0.179991164707118,0.17833985293108462,-1.624186238816596,0.025162893247937603,1.6229887717758125,0.26172367724136875,0.2587124418367168,0.25895097697920577,0.23294717671605242,0.23158170576449388,0.2303991442586913,1.1505399268385184,1.0593998568978973,-0.09220087785321812,-0.17160958160003198,347,376,2.426458301022649,0.006992675219085444,0.2208254486322403,1.0460174158215523
222,0.8640098554520576,0.8640098554520576,0.738681762458851,724.1779037873933,0.4775616688826791,0.16858019586798365,0.1652738556352019,0.16526120201186636,0.20176794599158127,0.201844818243085,0.20022071784166048,1.96128626838883,1.9687922647310294,0.007656155468081386,0.13737887820977707,0.13479437738308028,0.1347592794980626,0.1867518243182751,0.18720507431996664,0.18577756570548565,1.8812941700908783,1.9068424097293528,0.02603809275956308,0.11456259941669311,357,340,0.9961519856005907,0.0027903416963601982,0.08665027469396591,0.6188748609274626
223,1.3634573978156035,1.0,0.8167357074718661,832.6578376112064,0.512440447852125,0.34308116821949886,0.33406345085879074,0.33493447545044974,0.23200155077496554,0.23030684782395563,0.2295689477698151,2.628450115028958,2.374567164769873,-0.26073627313009506,0.6142611083340629,0.6062482698020617,0.6064755914436197,0.346589158958254,0.34484321553992436,0.3439076695920664,1.3044678270015826,1.267460496002791,-0.0374964602591363,0.19261654442970821,229,381,1.1216323962435126,0.004897958062198745,0.11857815086841583,0.964121276512742
224,0.5701970714597744,0.5701970714597744,0.5985599187177745,713.9191392668451,0.4740032067438133,0.3010275112120963,0.3003989361464279,0.29957545902746024,0.22064282386664272,0.2210956272911546,0.21898784799918006,0.20880984038218264,0.4823652757813842,0.274127841307078,0.16539303628267793,0.16397465939539266,0.16307573839193393,0.16961096712921675,0.17184451121141378,0.16853094774953842,0.8575795687438036,1.401085525017778,0.5482072698142699,-0.02555924432438339,361,384,1.560848580673337,0.004323680278873509,0.14170600473880768,3.8015536349266768
225,0.3038075918031674,0.3038075918031674,0.4334301683248994,1165.4558366965982,0.5953234657732106,0.18318085659497826,0.18604877736620745,0.18262905254561035,0.24012509161092874,0.2437175813950836,0.24012710204148174,-1.5656225353123547,0.30123456109170893,1.8380797063051473,0.18345900918710661,0.19054420136423694,0.18426108655823584,0.205141275221285,0.21178874519940602,0.20581386760129436,-3.862002857490779,-0.4371970472767561,3.297457892192975,-0.19068899471725848,502,455,1.9275591149926186,0.0038397591932123874,0.16893687844276428,0.6498064752668142
226,0.736236670595745,0.736236670595745,0.70154224488467,1767.9158648926766,0.6905530057873196,0.9249346314085716,0.9196962389013515,0.9189382379809018,0.4152692996599746,0.4096591206589592,0.40916846373894106,0.5663527269210951,0.6483045638087898,0.0824186169724086,0.8553111608704477,0.8457306819796364,0.8462629609124593,0.5007865717661072,0.4977563113346654,0.496963241718485,1.1201162020452575,1.0578840043172133,-0.06293716713422293,0.07742308184251212,420,363,1.2439548633992672,0.002961797293807779,0.11373089253902435,0.6869806749746203
227,1.0667650912131377,1.0,0.82509979319749,910.363259839684,0.5346924088547608,0.40209780758764385,0.39562627793682953,0.3959342571050477,0.30537790675289433,0.30368219105148075,0.3026027000443911,1.609441665359925,1.5328485672612626,-0.0778459837966959,0.45777496199248485,0.44920062862906684,0.44961106961263236,0.3341279902455828,0.3317541368204357,0.3308897250655883,1.8730455082335344,1.7833855185785614,-0.09137141789363915,0.20098063015533219,446,457,1.9438328333199024,0.004358369581434759,0.16296792030334473,3.7017273772507906
228,0.8149456714861165,0.8149456714861165,0.7131669590342689,693.1337786323398,0.4666426940272939,0.3225809710717732,0.3198429181500761,0.3197390880602022,0.22053343287175256,0.21987639033572637,0.2185241997205394,0.8487955481688629,0.8809828435102274,0.03246283846909942,0.32250979266351715,0.3024753444105335,0.3066840037190488,0.21721106550859734,0.21117275067542077,0.210532060570392,6.212043388675064,4.907072375622343,-1.3914057414223955,0.08904779599211099,382,268,1.8392198085784912,0.00481471154078139,0.1995587795972824,0.209301570430398
229,1.032989827573511,1.0,0.8776945785072433,1642.526097983471,0.674616502180253,0.47005794147330066,0.4590774866550536,0.45931469667027464,0.39122140774645486,0.38692047497312354,0.38660169652549287,2.335979003743892,2.2855150089270935,-0.051671018970980746,0.5158071058511268,0.5081051180552761,0.5081705315195885,0.41085276515145674,0.407582638526291,0.4072349642413016,1.4931914873762113,1.480509718635475,-0.01287400224636366,0.25357541546508544,403,422,1.1233991123735905,0.002787590849562259,0.1346481442451477,1.6603021207265556
230,0.4681484050164592,0.4681484050164592,0.5461590287788978,791.7164517470316,0.4998381443425119,0.26499969264717654,0.2653159859414126,0.26394174072628307,0.2934988345347301,0.29523705719890525,0.2925919849470881,-0.11935609852090047,0.3992276029927486,0.5179654781272712,0.32770703308313803,0.3277030874321757,0.3263045828959044,0.32769500515017985,0.32870771699852414,0.3264662936211888,0.0012040177854052297,0.4279585256498968,0.42675964612653183,-0.0779601342632601,412,401,2.044688893482089,0.004962837120102158,0.29215896129608154,0.8799955658614635
231,1.7949739331894672,1.0,0.8170766949949935,835.6867912148608,0.5133476170653448,0.3173420960481481,0.3037685383151811,0.3054681467972748,0.23968914753610193,0.23733669677573063,0.23660575430208391,4.277263527908259,3.7416874088686187,-0.559507739517861,0.514421872795832,0.49536214746662766,0.4979567549755897,0.32723981565137983,0.32297891483020236,0.3227337525542944,3.70507677397475,3.200703292563349,-0.5237799299424394,0.1929575319528356,338,301,1.1907280497252941,0.0035228640524416987,0.153336301445961,1.4099816121160984
232,0.1711195049458125,0.1711195049458125,0.3478804928997094,1238.0805358745642,0.6097988490836723,0.15148065425570678,0.15658777521139838,0.15149589237578936,0.275929259645557,0.2782796534228821,0.2749235881104343,-3.3714674529135125,-0.010059449609229191,3.2517754522885443,0.17162828705834568,0.1734540862800208,0.1707345283751068,0.28622219209578564,0.2891384620087045,0.2856297844500303,-1.0638101987549549,0.5207525510844492,1.5678834458379889,-0.27623867014244846,425,480,1.7942167036235332,0.004221686361467137,0.23372939229011536,1.3883042437955737
233,-0.0712644699131201,0.0,0.1983270070989683,1700.8524505532273,0.6822289414536503,0.4890249843306898,0.5012118769351164,0.48974605612559236,0.3144141019324859,0.3281943871456016,0.3152850276213117,-2.4920797494848475,-0.14745091110006459,2.287619535202736,0.6309885966929032,0.6368982666359351,0.6306848995071428,0.360554073496015,0.36651542236331947,0.36038931746478403,-0.9365731764417397,0.048130376262283794,0.9755666570755445,-0.42579215594318953,272,187,1.3583336314186454,0.004993873644921491,0.2219190001487732,0.09589038044214249
234,0.8031923091494643,0.8031923091494643,0.6970829471726173,544.7590932019384,0.4074524054362524,0.1297726164328051,0.1277009883046937,0.12760712699047166,0.21902121938763822,0.2175580294607013,0.2170479038082056,1.596352285294386,1.668679804614025,0.07350085184782239,0.2289793953160895,0.22473095275024552,0.225016123970131,0.29106019321123167,0.2874124050135606,0.28746305847709114,1.8553820355666963,1.7308419128662178,-0.12689450046625148,0.07296378413045945,477,445,2.2584067536517978,0.00473460535356771,0.2961963713169098,0.39416939951479435
235,1.2328573424730676,1.0,0.847751285315859,1163.674163668727,0.5949548375055448,0.41011024404274155,0.3994137866489673,0.40010039157540767,0.34501279488021297,0.3420548082216422,0.34125058979605566,2.6081907363083197,2.440771137209305,-0.17190316143087586,0.42728064041007047,0.4225228595691265,0.42206699787574714,0.35310656990066197,0.35240294629843993,0.35120474908605137,1.1135025533517795,1.2201916120795178,0.10789042132400292,0.2236321222737011,238,327,1.5865087322890759,0.006666003076844856,0.21586790680885315,0.5141993742436171
236,0.50863729108127,0.50863729108127,0.5800805737612283,488.3406071589942,0.3813463406260401,0.08601071921550486,0.08595781509184897,0.08523403496894161,0.12039203263461,0.11997923189455667,0.11787460750077622,0.06150875627878789,0.9030086640913071,0.8420178225027863,0.09602905617356575,0.09525629477900528,0.09455662560011398,0.1352097032861104,0.13445838302296823,0.13230438496736277,0.8047162237685151,1.5333177603979098,0.7345122760805864,-0.04403858928092952,444,318,1.4913081843405962,0.0033588022169833247,0.13045448064804077,0.2289559505879879
237,0.6151008744235484,0.6151008744235484,0.6193330561956698,895.9193551140489,0.5307112079571119,0.22199888381042585,0.22070547244695746,0.21987319257430532,0.1996408619972872,0.1988849286720983,0.1969788219325384,0.5826206606393962,0.9575233891426868,0.3770997897898339,0.5781689698686677,0.5743053131946959,0.5738162879111361,0.30778165397528384,0.30836112012077654,0.30584464986594634,0.6682573564695894,0.7528390806791827,0.08515075036298297,-0.0047861068464880585,448,455,1.021355140954256,0.002279810582487179,0.13599227368831635,3.0256077498197556
238,0.9363130660892772,0.9363130660892772,0.7700670344927548,695.5002973044013,0.4674911009667256,0.21792670193206878,0.21412056271895816,0.21422341925312297,0.2190735450287095,0.2199707728098613,0.21853171209196764,1.746522651591846,1.6993248858968142,-0.048036738208936676,0.23048389814432121,0.22449332124488003,0.22504511975393987,0.2098049397911292,0.20852633626660858,0.20754233333938002,2.599130328700918,2.3597216266169556,-0.2457972941020965,0.14594787145059696,495,672,2.6899174470454454,0.0054341766606978694,0.20546050369739532,8.091231361962855
239,0.8674761533797455,0.8674761533797455,0.7289988411730148,600.0170095048098,0.4309704766868074,0.17889707158973733,0.17613151942970262,0.17613759047805988,0.18848896850386984,0.1866157951563915,0.18546301460556763,1.5458901229959328,1.5424965244851747,-0.0034468835430004293,0.24777187491823383,0.24396022931724218,0.24406581897128188,0.23205712419714458,0.23053384032062038,0.22924915295008944,1.5383689542041497,1.495753280381386,-0.04328150302826342,0.10487967813085697,379,336,1.8169899703934789,0.004794168787317886,0.2344818264245987,1.4825596921145916
240,0.7267891027934307,0.7267891027934307,0.6653794564273048,532.2878547678949,0.401873162535244,0.11355123384441658,0.11203712230254106,0.11180053751690736,0.1772904324404322,0.17541916467444885,0.1742528222187392,1.333417075810987,1.5417677714607303,0.21116642481662795,0.20737468501429568,0.20375094435844865,0.20402112944614595,0.2247594148021551,0.22326258660243717,0.22199499466958666,1.747436364085241,1.6171479985218773,-0.13260556339899812,0.04126029338514692,487,683,2.2016646191477776,0.00452087190790098,0.24662552773952484,7.2503369096666574
241,0.705433998239156,0.705433998239156,0.6707815515636573,1066.802201361499,0.5738484055025429,0.2711966724999593,0.26844785851295316,0.2678753840332632,0.17538807667222142,0.1780779312950385,0.17490258665713126,1.0135869152327348,1.2246789151502595,0.21325350958697287,0.8150282470754531,0.7793182385662991,0.7879149661803918,0.3496097073629575,0.34107840051070476,0.34046349971368317,4.381444279666545,3.326667632974835,-1.1031087415467102,0.0466623885214994,387,351,1.8081428315490484,0.004672203699093149,0.18105921149253845,1.5208259336650372
242,0.6151977187354446,0.6151977187354446,0.620610791463085,513.467031433052,0.393251525028616,0.09365151815991063,0.09290961781540245,0.09243290039149643,0.17954002730612395,0.17865428433652344,0.1776224955889249,0.7921925443230675,1.3012258555524963,0.5130980356126201,0.23893240985979938,0.23527970440375703,0.23559425767774803,0.24610846480062015,0.24464101565254995,0.24350097853184507,1.5287609823153256,1.3971115027928258,-0.13369333100282868,-0.003508371579072911,406,479,1.8340372880920768,0.004517333221901667,0.1654781550168991,0.6667411811649799
243,1.419287490450474,1.0,0.7933567224174627,648.8231150630893,0.450242584179108,0.1616477324399092,0.15416660945685925,0.15504545735306893,0.210609778102301,0.20993977622581086,0.2088382644709671,4.628040783579182,4.0843598528637575,-0.5700637117894246,0.0864356553559602,0.0845189390852884,0.08449129724129632,0.14767991808854258,0.1453863312886344,0.14477716716094857,2.217506494025368,2.2494861717153727,0.0327049112201775,0.16923755937530482,332,513,1.547259520739317,0.004660420243190713,0.13310466706752777,4.814037716016173
244,0.4673408231178419,0.4673408231178419,0.5441471724935335,824.8816151253712,0.5100959136780658,0.7228302050300855,0.7231681033164494,0.721730878998456,0.34039799238094814,0.33914405684945353,0.33771746448472856,-0.0467465642709018,0.15208634392689607,0.1987400040740614,0.49987127061345576,0.49996586354245576,0.49894974699595956,0.24422095978418396,0.24297352960323768,0.24230483279757523,-0.018923457810228913,0.18435218658701497,0.2032371848943057,-0.07997199054862436,224,203,0.5052658282220364,0.0022556510188483764,0.17024776339530945,0.7828061683103442
245,0.8077578243280575,0.8077578243280575,0.7245844774903993,956.9358214304408,0.5470815009472924,0.21119544624293934,0.20750158102087163,0.20732130788645123,0.2509438963733936,0.24950624140080122,0.24843420349241233,1.7490269263754112,1.8343853645554802,0.08687795704181513,0.43790174553519257,0.43114612180552414,0.4307893171472795,0.39884004590079614,0.39269404202711716,0.39288377282243114,1.5427259193524956,1.6242064482342737,0.08275724637169686,0.10046531444824147,334,271,1.7064134441316128,0.0051090222878192,0.26223069429397583,0.1038865577429533
246,1.2575080231868454,1.0,0.812149924825539,792.9912112352362,0.5002403509186348,0.2208765291748056,0.21334219738638316,0.21399881343362478,0.18989166676574384,0.1879791705401348,0.18674453408296338,3.4111056600584484,3.113828240092306,-0.30777598397584305,0.2764270011649223,0.2707306110076125,0.2709136131041782,0.22096713166590892,0.2190049641900511,0.21780811823490084,2.060721323642056,1.9945186387398814,-0.06759564272567514,0.18803076178338118,432,674,2.2040437813848257,0.00510195319765006,0.20826788246631622,5.645820163190365
247,0.9054622353516182,0.9054622353516182,0.7838455978304526,1040.482183130826,0.5677283377804496,0.3358060003569703,0.3305145565503308,0.3305527499616988,0.3556092747608741,0.35211314085826756,0.3515982527001026,1.575744269314588,1.5643706156790322,-0.011555742587149503,0.4159079712711436,0.409982523790788,0.41021395449955994,0.40021003495240765,0.3978560909469225,0.39723838723943794,1.4247015901728486,1.369056898376094,-0.05644892046424408,0.15972643478829474,425,383,1.8090557651594281,0.004256601800375125,0.15279710292816162,0.7208567783236504
248,0.6852273155025179,0.6852273155025179,0.6415117864197772,315.19563572802934,0.2846203440515028,0.035573813951860656,0.03484153869769634,0.03464946181982735,0.10747531879124515,0.10636240937924792,0.10535419684592162,2.0584670936752656,2.598406044637665,0.5512870127107558,0.0698329019614454,0.06827956249122029,0.06841328608733772,0.1421371812283734,0.14089258841796387,0.14024929118150292,2.2243662036022864,2.032875384287254,-0.19584717774755844,0.017392623377619376,96,84,0.7903350964188576,0.0082326572543631,0.19805169105529785,0.15404969453811646
249,0.676985565496394,0.676985565496394,0.6515347267373091,853.3868020619224,0.5185819806612241,0.2365988780663899,0.23470447276649412,0.2341495349013924,0.2601373533003944,0.26052162414312036,0.25849037191956487,0.800682283609231,1.0352302534208213,0.23644111190578876,0.3884085350870305,0.38183778568701987,0.38244227001051784,0.32622851877764597,0.32550328603726486,0.32379997888100154,1.6917108679237232,1.5360798070968749,-0.15830919467814095,0.02741556369515119,445,397,2.0301098860800266,0.004562044687820285,0.2045617252588272,0.4685526601970196
250,0.7699772897439398,0.7699772897439398,0.6971456707468269,794.3491035069128,0.5006680762737158,0.2141505032806842,0.21146065507082915,0.21122350008504234,0.2610711172300357,0.2601599091135941,0.25871461135104545,1.2560550494385234,1.3667972527738885,0.11215088012820504,0.2808352356320426,0.2775381443946482,0.2772853497121918,0.30235255755421114,0.302462964976684,0.3009363029171488,1.1740304702057913,1.2640457711303477,0.09108466261736832,0.07302650770466901,371,381,2.2283617397770286,0.006006365875409781,0.20808778703212738,2.0556487180292606
251,0.2659348602109573,0.2659348602109573,0.4731096606613659,577.455056924995,0.4215972089987353,0.1518692387798658,0.15356452899937512,0.15176856384241336,0.1711426193572484,0.17226384437508033,0.1699673800813605,-1.1162828187784861,0.0662905393226947,1.1695182270699165,0.39795923956686136,0.38863564374258736,0.39185512407122053,0.25682998815740626,0.2539871750617563,0.25299225282921645,2.3428519549946363,1.5338544475772302,-0.8284058295912751,-0.15100950238079197,362,398,1.711135383695364,0.004726893325125315,0.3083503842353821,1.870771829970181
252,0.8569459371059159,0.8569459371059159,0.7205704130792678,560.3021254290876,0.4142618495014558,0.14554961327332844,0.1430411147881824,0.14303455733420928,0.20362560833627974,0.20198296219166886,0.20103534915680868,1.7234662660596074,1.727971571038201,0.004584314085385604,0.3098189317172828,0.3058240320567453,0.30593786870682377,0.29218104214539076,0.2899687422141081,0.28931799768424094,1.289430454877093,1.2526874936101722,-0.03722292499804171,0.09645125003710997,444,440,1.8847355023026466,0.004244899779960916,0.21889641880989075,0.6624336577951908
253,1.168214443181378,1.0,0.8667589016518246,1442.6951343173837,0.645523034835853,0.25701989421779525,0.2449284116036776,0.24549460488582378,0.2597901467704738,0.2557074265412643,0.25511772020038015,4.704492876287428,4.484201258835277,-0.23116684521775854,0.32934969877439857,0.31734910759735785,0.318084598029259,0.29533517665902165,0.29263634715017034,0.29202039569819005,3.6437231373516488,3.4204071802889597,-0.231760674378293,0.2426397386096667,537,574,2.133649969473481,0.003973277410565142,0.20025049149990082,8.936531549319625
254,0.8127472277119253,0.8127472277119253,0.7052008366172152,597.279631231077,0.4298494697329777,0.13404499295377598,0.1317020576131639,0.13161404271769728,0.177695645312699,0.17846989517072342,0.176637881046923,1.7478723292708302,1.813533040295647,0.06682879300575,0.5292319992472625,0.524740395787416,0.5244005395351748,0.3478125770881465,0.34772126290881156,0.34592141100181545,0.8487021696033024,0.91291904475911,0.06476655027315316,0.08108167357505736,316,290,1.3910635458305478,0.004402099828577683,0.1357889026403427,0.11418544128537178
255,0.8315481767019902,0.8315481767019902,0.7261850675074204,767.4373861272536,0.4920522094013462,0.14794457408607375,0.14475319256260105,0.14467005239588904,0.20003250639208994,0.19587045127570477,0.19527470613788536,2.1571467174024006,2.21334355140298,0.057435808661739335,0.2282654180908537,0.2218076343585323,0.22228721928534026,0.20637492366319396,0.2020353943851309,0.20129676525203355,2.8290679272981714,2.618968241231364,-0.21621660056694103,0.10206590446526254,539,384,1.4835391431115568,0.0027523917311902723,0.1206345185637474,0.7559385448694229
256,1.082557344861261,1.0,0.7761461752402343,538.0307318762935,0.4044553412951121,0.08673724515697921,0.08280595684401997,0.08309975237467071,0.1674243428564686,0.16429280543742508,0.16384408978490225,4.532410852851395,4.1936918514362285,-0.35479999488945246,0.12371536359412356,0.12061736970680505,0.12067070864116704,0.17734606705181866,0.17466655477719906,0.17409300825862223,2.504130285291156,2.4610160488597126,-0.044221602984417636,0.15202701219807646,329,323,1.09350361302495,0.003323719188525684,0.1578623354434967,0.19800435565412045
257,0.6574616628406915,0.6574616628406915,0.6378851578117731,557.0873304165804,0.4128663073492963,0.08272399753541604,0.08162375800357181,0.08121517533361938,0.16497208434045701,0.16411583349612946,0.16298512785122282,1.3300125291614282,1.8239232227029338,0.5005683148459693,0.1722915721081306,0.1695228256562819,0.1694025476883769,0.2232681937131499,0.22209276854346052,0.22081948836511756,1.6070121236754484,1.6768228325994585,0.07095089846418628,0.013765994769615264,438,582,1.7170601421967149,0.0039202286351523175,0.1357898712158203,5.397286910563707
258,0.3581567399813705,0.3581567399813705,0.4849684837168655,869.3140487031951,0.5231967648809119,0.2883436653954532,0.2898902530264994,0.28773200626973017,0.2692022504216667,0.27247873001458345,0.26919310711397676,-0.5363695536453394,0.21212851160928425,0.7445047683517472,0.28465338252393996,0.2844987936658653,0.2833349692411733,0.23388355315930395,0.23465826193207384,0.23271791828314928,0.054307753768454405,0.46316445322963284,0.40907886100173,-0.13915067932529235,141,68,0.6967715695500374,0.004941642337234308,0.24856959283351898,0.27639515325427055
259,0.949829610522823,0.949829610522823,0.7436854983093202,459.5035010534815,0.3670939516739329,0.10749008986868011,0.1048975467105329,0.10501275204135742,0.15030974155090204,0.15033605993491583,0.14899361795543994,2.4118903996773082,2.3047127696601972,-0.10982652544050953,0.1896307633181076,0.18439192098201995,0.1849859345671377,0.19995292033614676,0.19823995666951502,0.1972008532636074,2.76265424682146,2.449406768024324,-0.32214729471561754,0.11956633526716232,446,685,2.666557550430298,0.0059788285884087395,0.28327131271362305,13.453508261591196
260,0.7451911472365232,0.7451911472365232,0.7021668212127771,1437.1319426161012,0.6446384660329332,0.13825011846740162,0.1338304411929147,0.13326195086459344,0.17351544142257913,0.1721914592222127,0.1698957910758448,3.19687051518082,3.6080747402645836,0.42478402017803485,0.11815772569817873,0.11354643894916795,0.11355629705705407,0.161950428415973,0.16045931217480824,0.15871536090720542,3.902653611317651,3.894310434578366,-0.008682005333986234,0.0780476581706192,430,348,2.3710027672350407,0.0055139599238024205,0.18885989487171173,0.06818784400820732
261,0.7025089205410875,0.7025089205410875,0.6665128289771945,933.0318456127718,0.540806188048426,0.13684688552342758,0.13447698696977642,0.13396671924161124,0.19790780074181977,0.19549701170228,0.19420056130756827,1.7317884470563605,2.104663376736671,0.3794461339915788,0.17702557927205834,0.17117225088087973,0.17187794863628625,0.23343105042472148,0.2301536137095802,0.22949253037380463,3.3064873535496435,2.9078456666768204,-0.4122734565765695,0.042393665935036684,578,421,2.5767314760014415,0.004458012934258549,0.16485083103179932,3.486239016056061
262,0.4206989445026109,0.4206989445026109,0.5145384730106026,925.1220993819986,0.5386912413047659,0.13177502427831114,0.13269519233652094,0.1307992776847525,0.13851573264709324,0.13918081640752686,0.1354906398192632,-0.6982871475450356,0.7404639831428544,1.4287741841922343,0.13076487376040946,0.12859121011959682,0.1279489451615733,0.1599788972508076,0.15933774409108173,0.1564415322341253,1.6622687563598186,2.153428912412352,0.4994625662408681,-0.10958069003155524,371,310,1.4941580519080162,0.004027380193822146,0.13509255647659302,0.805939007550478
263,0.5041770659607427,0.5041770659607427,0.5892885138286562,324.2085266429837,0.2903955330200626,0.13899243264600664,0.13897544688942395,0.13849032876981607,0.1306955282167121,0.12959655227565217,0.12878161195448476,0.012220634072894289,0.3612454769169724,0.34906750110605567,0.3537161163228369,0.34895972877472475,0.3498323343920067,0.23115360818592795,0.2297023753454564,0.22853789514959763,1.3446906512371017,1.0979940555734915,-0.25005911723564395,-0.03483064921350165,320,462,1.7745962422341108,0.005545613256981596,0.166530042886734,3.961565239354968
264,0.6883786941678932,0.6883786941678932,0.6646747928302007,1355.4458144157084,0.6311224043743549,0.2918164345416567,0.288613831785599,0.28779314882686985,0.28036447652329877,0.27651848351248415,0.27554941212428535,1.0974716900670272,1.378704294398644,0.2843533013133012,0.43255613647498764,0.42707423143356793,0.42710919289591537,0.37141181430410836,0.3675770056906078,0.36713420194152624,1.2673280018850683,1.2592454758498701,-0.008186272964791706,0.040555629788042835,309,228,1.4849471189081669,0.004805654106498922,0.10392479598522186,0.5275421962141991
265,0.4870824982331814,0.4870824982331814,0.5581382171580946,735.6484783169255,0.4814838859077454,0.08384723498957712,0.08396642449035999,0.0827759808257316,0.17376911930628924,0.17374930233381344,0.17182975209215487,-0.14215078266764727,1.2776261065480496,1.4177615301042927,0.1920293664812582,0.18860532247713913,0.18889310422167502,0.23391636561482093,0.23240772144973923,0.23122625463036403,1.7830835287649938,1.6332201251568903,-0.15258410566370637,-0.06598094588406322,460,550,1.2506904462352395,0.002718892274424434,0.08693763613700867,1.1792550440877676
266,0.6683858723088936,0.6683858723088936,0.6495047022802082,1065.144015476296,0.5734679550062315,0.2999645366438922,0.29771494799021253,0.29698275879779074,0.3237123783099516,0.32458973444466405,0.32235510673644474,0.7499515372213237,0.9940434557573555,0.2459363217616691,0.3565796531971404,0.3531836849421912,0.3527399187759862,0.35634870398356044,0.3563449972840983,0.3546299915495485,0.9523729759958255,1.0768237578130548,0.12564741383159914,0.025385539238050314,420,384,1.876483514904976,0.004467817892630895,0.20286868512630463,1.517528934404254
267,0.4142229173132474,0.4142229173132474,0.5507889576720195,425.3936722561985,0.3493640637329327,0.016930183897231946,0.01738785282407749,0.016522199251196603,0.09085080255979039,0.09170081903951122,0.08932404345496388,-2.703272035458343,2.4098063465338266,4.978496089420479,0.021463904588792597,0.021210788838230264,0.020681772806498893,0.09802118070426935,0.09772035153343642,0.09598283640707576,1.1792623728606089,3.643939894804112,2.494089379541954,-0.07333020537013835,573,610,1.2284808037802577,0.0021439455563355284,0.0902131125330925,1.8401404544711113
268,0.917472465352426,0.917472465352426,0.7716040402200828,801.0083409199408,0.5027551284285053,0.13386146154267667,0.12966721451714353,0.12973988679194282,0.1706575089786132,0.1687735145065931,0.16748704550892388,3.133274489309207,3.078985320520981,-0.05604521934855179,0.7137463342047543,0.7012436599438527,0.7023200161867769,0.41492167604926855,0.41107425611492604,0.41037145422828386,1.7516971593040636,1.600893408539671,-0.15349247407246544,0.1474848771779249,378,281,1.4625644255429506,0.003869218056991933,0.10509396344423294,0.7291343342512846
269,1.8721349086331864,1.0,0.8995334874455199,2171.7810480366074,0.7327171202245986,0.9111269039486793,0.8737501154939458,0.8762743564055248,0.3855918645621613,0.3789094838612781,0.3786279777487291,4.1022593332222455,3.825213303669245,-0.28889734797368166,0.4153196992600972,0.4056939984477387,0.40628389790233355,0.2519246715939596,0.2482464702153042,0.24803030011077568,2.3176605466841482,2.1756255178507486,-0.145405023700605,0.275414324403362,304,373,0.6568587403744459,0.0021607195407054142,0.11019326001405716,1.8761589620262384
270,0.9433627951700748,0.9433627951700748,0.8406844712771914,1670.9403975725593,0.6783700172545917,0.5601021070706252,0.55081010419547,0.5508869683887635,0.38418689298003184,0.37866083141770807,0.3784184878612675,1.658983738474587,1.6452604918873794,-0.013954753681528192,0.4602037010046761,0.4568862272184791,0.45595777457803677,0.3743378344983412,0.3695714839121173,0.36905325752999146,0.7208707315813836,0.9226189223098411,0.20321309444908178,0.2165653082350335,400,292,1.4367047436535358,0.0035917618591338398,0.13842043280601501,0.6606229105964303
271,1.0039152341931985,1.0,0.8435519385758556,1111.1742073938203,0.5837828214645291,0.20583874281751985,0.19881564414518016,0.1989947427819308,0.21441301256082568,0.20993658294283898,0.20929447446516974,3.411942074755969,3.3249328779939114,-0.09008276864765156,0.23079305473346956,0.2300845135860751,0.22917029507613523,0.24732248851715816,0.24452099520068224,0.2436315146867173,0.30700280310112477,0.7031232630498195,0.39734030582542945,0.21943277553369778,311,328,1.1773165417835116,0.003785583735638301,0.11975864320993423,0.5825629383325577
272,0.3905294247765243,0.3905294247765243,0.5442274417096158,411.7981166678768,0.342017256090637,0.03660450604473126,0.03716992568033703,0.036271644806997155,0.11313720661203196,0.11334232298460341,0.11141681826596919,-1.5446722185372905,0.9093449788049195,2.416687300010036,0.10625413459252382,0.10552619433282723,0.10496319773973378,0.16473563865990923,0.1637174833237403,0.16234273308241648,0.6850935848173693,1.2149521124431344,0.5335135950395093,-0.07989172133254208,411,330,1.475059101358056,0.0035889515848127884,0.20209772884845734,0.34073084965348244
273,0.7928792320445969,0.7928792320445969,0.739138959705697,1695.6006493734544,0.6815581277220072,0.31047345448392505,0.3042446990147948,0.3038192357509366,0.3268863517694803,0.32537855538873206,0.32369414647022743,2.0062119254233255,2.1432488468456046,0.13984245748106952,0.2619068012798469,0.25744365045254664,0.25707239748870225,0.2923301425789691,0.2906019535617776,0.28918950826869927,1.7040988647451685,1.8458488926292091,0.14420746566939047,0.11501979666353912,529,454,1.948382711969316,0.0036831431228153424,0.12406256794929504,0.4193730475381017
274,0.6608389789155237,0.6608389789155237,0.6403410335235153,626.9623180560874,0.4417742871397084,0.11493518425189218,0.11367038419351057,0.1132197509679047,0.16206783825830023,0.1610780901830125,0.15920127546693552,1.1004463660228507,1.4925223247808448,0.39643855240140885,0.1389599072443292,0.13526172682435839,0.1357215426045556,0.1776239130488227,0.175242510968557,0.17409869041670184,2.661329079234631,2.330430916364722,-0.33994522396886145,0.01622187048135748,399,391,1.9300226643681526,0.004837149534757275,0.19267164170742035,1.8331960812211037
275,0.9776678271467814,0.9776678271467814,0.7772632542644591,605.4014538569701,0.4331626923556477,0.1983230733323007,0.19469598125655116,0.19484656950308052,0.16820525280843465,0.16825543500395673,0.16658467448702358,1.8288805305432925,1.7529497555713651,-0.0773453286284986,0.2969338074740215,0.28968019227333436,0.2905971933336866,0.23645898074323252,0.23414588126627472,0.23341439887245802,2.4428391170384796,2.134015723652235,-0.31655635587503145,0.15314409122230122,459,450,2.0060377828776836,0.004370452686008025,0.23641648888587952,2.265024034306407
276,0.6600367941161082,0.6600367941161082,0.6538710754955275,3822.803964931203,0.8283372695742056,0.30995278944659777,0.3022793335580525,0.29950944613502994,0.3051442950142833,0.3091701678118465,0.30364871816181177,2.475685378488055,3.369333545993823,0.9163337071108694,0.29900024977438244,0.2958861332986402,0.29300890431324883,0.2989267182302416,0.3027678334661222,0.29857259829004784,1.0415096569625115,2.0037927947065333,0.9724108910799747,0.02975191245336961,417,346,2.6776262409985065,0.006421166045559968,0.1588108241558075,0.6725400872528553
277,1.1712258859109048,1.0,0.7919702535681934,639.2188437057813,0.446553998029065,0.11039897425468372,0.10501742405077345,0.10547649190844083,0.15364685121450564,0.15082416756069442,0.14984251928784104,4.874637867101332,4.458811668745237,-0.4371349438598176,0.23614976770719634,0.2274105753108779,0.22837402025614315,0.2164529195206363,0.21336239777750793,0.21248863924213518,3.700699128848694,3.2927186533142794,-0.4236588135570095,0.16785109052603553,495,410,1.943656993098557,0.003926579784037489,0.2283845841884613,0.5828076340258121
278,0.3270643469151515,0.3270643469151515,0.4685850844415533,870.6754904471095,0.5235871299056997,0.11471204403147757,0.11660060055572805,0.11423731049248394,0.18388487155631603,0.18781363191536043,0.18287352380797703,-1.6463454558723114,0.4138480340071032,2.0268249494260524,0.16251061852177226,0.16259458705034127,0.1612013553263489,0.21147621742391035,0.21430329606551185,0.2102067266001988,-0.051669564323122724,0.8056477831003649,0.8568746040487801,-0.15553407860060459,431,555,2.7280590161681175,0.0063296032857728945,0.14604470133781433,14.115887608379126
279,0.9156225932611722,0.9156225932611722,0.76848415186041,777.296248906902,0.4952428474333452,0.23399471020336227,0.2299426596978577,0.23001348958119988,0.21381368958796268,0.21290839345971566,0.21154709530508742,1.7316846615818635,1.7014147963867854,-0.030803280885435266,0.261871505218326,0.2561431228404088,0.2562325861816514,0.25962422818040887,0.2573509618410629,0.25639112326968455,2.1874783104566267,2.153315242135003,-0.034927090858629904,0.1443649888182521,323,258,1.5704756043851376,0.004862153573947794,0.21485255658626556,0.9752042945474386
280,0.7592874610348775,0.7592874610348775,0.6750735426952607,479.3453132438854,0.3769698990797921,0.05200434041760014,0.05044543728156293,0.05029257398910375,0.1337600225974181,0.13083505960015926,0.13009218116094387,2.9976404344696213,3.291583769259891,0.303026994504907,0.11573385482995845,0.11060598384109936,0.1114785410155222,0.1556615771824088,0.15319778131720374,0.15239608446346734,4.430744138258586,3.6768098847898534,-0.7888878559015227,0.05095437965310279,302,274,1.108838826417923,0.003671651743105705,0.16881628334522247,0.7455547247081995
281,0.734880887872142,0.734880887872142,0.6586690087469392,359.148687721912,0.3119294662286482,0.09507142010714238,0.09401335816340571,0.09386812769863952,0.15755935579580263,0.15701979278750192,0.15600797878099879,1.112912737123596,1.2656720675328021,0.1544785417767624,0.16795126219610285,0.16478097817429907,0.16522909136313554,0.18149626432762336,0.17946947285187842,0.1788079778389511,1.887621432759521,1.6208099881910072,-0.2719447316075992,0.03454984570478137,373,389,1.151774830184877,0.0030878681774393485,0.10375310480594635,1.2150810863822699
282,0.1152245217512197,0.1152245217512197,0.5253079801312355,190.89066404613064,0.1941682519200108,0.0032973576644104797,0.004218615523024482,0.0034827842991906606,0.036547660287139516,0.04087302886946396,0.03737463969849824,-27.939276001431576,-5.623491706148672,17.44248130264017,0.004854746238898309,0.005467119820533553,0.004872955857931395,0.04184011015466553,0.04510051314135324,0.04209544243613228,-12.61391536242706,-0.3750889982092726,10.867952086409026,-0.09881118291092239,349,274,0.9261880852282047,0.0026538340550951423,0.12181117385625839,0.5509710963815451
283,1.3030468850606949,1.0,0.8392321367200448,1060.0301206772008,0.5722903445115333,0.4074020319929014,0.3967250566958873,0.39754464092029024,0.2970817005761999,0.29727474987424535,0.29596254957314067,2.6207466970120925,2.41957336942859,-0.20658746166143563,0.26915330012615357,0.26320530450506924,0.26351486137047236,0.2462481791140688,0.24473905019491335,0.24399593444640297,2.209891395831475,2.09488003789604,-0.11761042049863578,0.21511297367788695,379,494,1.5788532719016075,0.004165839767550416,0.18123264610767365,3.1098868120461702
284,0.9450778540128452,0.9450778540128452,0.7850866110144212,797.063070429366,0.501520764200039,0.24659337391932493,0.24214380637844105,0.24225667943736567,0.22278088885960276,0.2206410455349337,0.21972249044401507,1.8044148835643872,1.7586419347090965,-0.04661405988977549,0.2582983178289378,0.2536196524769142,0.25356283701421684,0.2298350154823603,0.22583519267172672,0.2250412213111272,1.8113417816070039,1.833337845373472,0.02240183761096349,0.16096744797226337,320,231,1.1414576210081577,0.003567055065650493,0.1506836712360382,0.0
285,0.6203254833500602,0.6203254833500602,0.6232722231243166,227.6992808751945,0.2232502442431807,0.08452806232279068,0.08418441860879097,0.08397858441165597,0.11917559522659704,0.11785357159487164,0.11737289945496912,0.4065439388488822,0.650053835419062,0.24450391240631608,0.04942874884043423,0.04943931313842532,0.049137712590529355,0.11193881004742595,0.11151289353450552,0.11089793683986003,-0.02137278049499373,0.5887995483041631,0.610041945873138,-0.0008469399178412385,241,318,1.0464046206325293,0.00434192788644203,0.2921290099620819,0.09084070473909378
286,0.4800327636533099,0.4800327636533099,0.5337153119125769,1334.149967457461,0.6274280675555424,0.5035793366514377,0.5039134637802024,0.501675455064102,0.445508830956964,0.4462328692481075,0.44395339330785577,-0.06635044459656922,0.3780698390040346,0.44412560428759185,0.48994041158260565,0.48843025682666313,0.48668471651950185,0.44428450879536757,0.44366335375724636,0.4418974530691749,0.30823233198184535,0.6645083741076299,0.3573775954221348,-0.09040385112958094,200,225,1.4090941958129406,0.007045470979064703,0.1519017219543457,0.5498178377747536
287,0.9421180761360444,0.9421180761360444,0.812764723306268,1155.366418248665,0.5932270598937996,0.3416309953182124,0.33522410717266393,0.33532106860376554,0.33112952233098697,0.3251730688959648,0.32499373281433264,1.8753825716489108,1.8470006530202188,-0.028924361054875877,0.47468358105575464,0.46827463907750444,0.46791752772252365,0.3929202853343869,0.3874727158827581,0.38719125735929694,1.350150338883837,1.425381791841727,0.07626109235475431,0.18864556026411017,248,245,1.3177664168179035,0.005313574261362514,0.11190865188837051,0.4076861273497343
288,1.4646704019588022,1.0,0.8607732412704435,1346.610889286279,0.629598678516373,0.3524612851759495,0.3361679419608946,0.3374243362563221,0.33020538339390204,0.3229201505638671,0.32281301196099516,4.622732736993002,4.266269673312031,-0.3737400681632106,0.532456804184066,0.5233656056159509,0.5233564510234716,0.42353455542737045,0.4165652485389728,0.4165625349297506,1.7074058396241996,1.709125151389466,0.0017491773209905507,0.23665407822828566,446,324,2.0083221904933453,0.004502964552675662,0.1913590431213379,0.1936979629099369
289,0.8696643361229274,0.8696643361229274,0.7350112371576447,652.431611658209,0.4516157769430476,0.14450111493654433,0.14147607105498147,0.141480752149434,0.24112740704769076,0.23869435727875402,0.23812523450451611,2.0934398207870313,2.090200334050482,-0.0033087534998878392,0.1619612729452473,0.15943678013655815,0.1591956286812239,0.2500527147435068,0.24821373479159173,0.24747057296992508,1.5587015110350264,1.7075960281927107,0.15125208570300921,0.11089207411548685,395,355,1.782101240940392,0.004511648711241499,0.23402510583400726,0.6293046083301306
290,0.5996455670806682,0.5996455670806682,0.6135094702521133,606.2728693183258,0.4335158922595363,0.13266935813835432,0.13191162680345506,0.1313029378151336,0.18973803997894587,0.1888464342873125,0.1876818762657494,0.5711426854941577,1.0299441727876117,0.46143695068546126,0.25932749592932464,0.2547477596835385,0.2551470589452122,0.24350300717058482,0.2407597550404716,0.240151325433615,1.7660048848172447,1.6120299812911933,-0.15674299242895542,-0.010609692790044534,355,443,1.645898349583149,0.004636333379107462,0.12349995225667953,1.2321595940738916
291,0.5606620046187301,0.5606620046187301,0.5887170394548232,999.699196935416,0.5578901493052746,0.3267694431793274,0.32600881006045024,0.3248036314180945,0.19892679968544125,0.19846782260977638,0.1955226695866822,0.2327736374235317,0.6015898371972556,0.3696767096975946,0.1943789336061782,0.195508932284797,0.1937908110251424,0.19126969826702564,0.19095189927964532,0.1883681991324366,-0.5813380378494252,0.30256497971501695,0.8787942523013798,-0.03540212358733463,386,358,2.0551143772900105,0.005324130511114016,0.25709277391433716,0.6803885474801064
292,0.6840895832438151,0.6840895832438151,0.6491071372944248,565.8896093795678,0.4166716552634131,0.13714906731006582,0.13584244501485349,0.13549261233979476,0.16520664961041925,0.16524757673805326,0.16325072727548984,0.9527022828805171,1.207777058028514,0.25752825269044116,0.20095078708806297,0.1980407581630963,0.1979622733496931,0.19005134475423266,0.18836723566709387,0.18690771609598486,1.448130145263577,1.4871868787755496,0.03963063670891402,0.024987974252266953,442,414,1.142726231366396,0.0025853534646298553,0.15700536966323853,0.6125632524490356
293,0.7723151974756831,0.7723151974756831,0.6960449041158643,747.1017782624976,0.4853418740159977,0.17435452814333646,0.17180276253674925,0.17158712923812097,0.2833331060260027,0.2806326536935625,0.28021978714380696,1.4635499483497256,1.5872251410301301,0.12551212532578274,0.1393492212716023,0.13568981794684454,0.1359335297552767,0.2505934930152601,0.24788093020703408,0.24763023988606256,2.6260665767376605,2.451173738293196,-0.17960950358680147,0.07192574107370642,428,389,0.9657536018639803,0.002256433649214907,0.07207457721233368,2.969745695590973
294,0.8771286904443127,0.8771286904443127,0.7111267406157313,415.23574287083306,0.343890518538759,0.10262324592594053,0.10065910143549114,0.10069154638564655,0.1362692755636724,0.13597052195716341,0.13482781342588596,1.913937210548614,1.8823216152098936,-0.03223250525060378,0.2640086401060804,0.25457012650514144,0.2560552489157387,0.2109571768287244,0.20649765506617948,0.2058267203898857,3.575077541835938,3.0125495844173655,-0.583384402162871,0.08700757757357347,482,328,2.6125998068600893,0.00542033154950226,0.23515422642230988,0.694615077227354
295,0.695985447867028,0.695985447867028,0.6761088392231351,2072.171361653161,0.723422343421121,1.109175017876865,1.1040812561824689,1.1028853058866603,0.45174990838239104,0.4498425759992099,0.44803087629322713,0.4592387686612591,0.5670621758362406,0.10832085855199897,0.4310938340976163,0.42370550548899627,0.4248433399833325,0.27014247775761313,0.269303313576032,0.26798185326867513,1.7138562475813652,1.4499149883151534,-0.2685437124596892,0.05198967618097727,237,290,1.0727085769176483,0.004526196527078685,0.19353127479553223,0.32080052234232426
296,0.4901844453678868,0.4901844453678868,0.5470750371323414,1072.8769694990497,0.5752364080625286,0.23528388661248312,0.23541597173323936,0.23368896815408105,0.24058987782240474,0.24029134599168478,0.23815742868925457,-0.05613861733497669,0.6778698198865301,0.733596606229953,0.321085024300358,0.31854015084397513,0.31796586240408004,0.26627588312225375,0.2641159104272158,0.2629020153733902,0.7925855346035338,0.971444215772632,0.180287614724083,-0.07704412590981646,302,377,1.2920803762972355,0.004278411842043826,0.11340676993131638,0.9962363559752703
297,0.5873451296833344,0.5873451296833344,0.6076547483927813,642.2370658667035,0.4477184889871781,0.19140250845898676,0.19069891273595882,0.19001472516598705,0.2259422674755213,0.22713926453963265,0.2251639632402279,0.36760005325568085,0.7250601385389273,0.3587789569199543,0.18114317113329542,0.17994718014240438,0.1794638726147067,0.22086363158891575,0.22137027596935258,0.2195555754651401,0.6602462479863321,0.927055934862154,0.26858299602983804,-0.016464414649376535,333,338,1.1379447132349014,0.0034172513910958,0.12872400879859924,0.11291504837572575
298,1.2469335951439535,1.0,0.800152938424432,697.8291033667115,0.468323356963307,0.2607335988560069,0.25419597090881424,0.254802688513052,0.24352139108614243,0.2417975243074206,0.2410577304393747,2.507397579704765,2.2747012157149378,-0.23868104678000301,0.8087557557533042,0.7959764443443657,0.7972408947203636,0.48795341882433124,0.48571531349555325,0.4850868730715768,1.5801199951937777,1.423774848095538,-0.15885525067761178,0.17603377538227416,100,31,0.3418617509305477,0.0034186175093054772,0.1489592343568802,0.03942458238452673
299,0.6435582906034932,0.6435582906034932,0.6352951107909911,1071.4897007650466,0.574920233100495,0.28094857781621363,0.279019252737934,0.2781659744248115,0.3411883471368063,0.3400241758487057,0.3388434484691531,0.686718221987846,0.990431563324163,0.3058134178016448,0.3043972714672467,0.2998439206608191,0.30011110939792246,0.34532155304640216,0.3421022064010815,0.34189695996849173,1.4958579570965522,1.4080816324877747,-0.08910927275580609,0.011175947748833237,361,299,1.6481791269034147,0.004565593149316938,0.14305616915225983,1.3863839153200388
300,0.5797174593939619,0.5797174593939619,0.6088580036228842,414.89739910418143,0.3437066185611026,0.011318399019499993,0.01090355647276926,0.010446163306903688,0.06983097845608983,0.06969073579396598,0.06753230258625952,3.6652051762446187,7.706352383350043,4.1948988571561365,0.0158376462548953,0.015453838658925127,0.015045780883245643,0.07686182157520367,0.0772137986912339,0.0751285316550522,2.4233878557019817,4.999893032747191,2.640494602574465,-0.01526115941927364,369,366,1.5603800723329186,0.004228672282745037,0.13816240429878235,0.25325277633965015
301,1.465082877659096,1.0,0.7514502175853118,405.8558313291082,0.3387537805164436,0.1201853395786421,0.11527257977513741,0.11601826119254081,0.15197246267459996,0.14849795360271256,0.14828302122577422,4.087653137003508,3.46721022772881,-0.646885338089947,0.19226130185631637,0.18803826019839265,0.18854473344291708,0.20196871650333414,0.1986372103447084,0.19844563920533737,2.196511527358612,1.9330818929837543,-0.26934584695161157,0.12733105454315397,343,363,1.8791422303766012,0.005478548776608166,0.31466740369796753,0.02191198617219925
302,0.7891611302431518,0.7891611302431518,0.6901128066169413,527.8442791359186,0.3998597732079502,0.10408991052994397,0.10217550093297272,0.10206082463618583,0.20330512261915376,0.20117274838670715,0.20050841915964,1.839188435482928,1.9493588604578744,0.11223463133506796,0.09139695219025758,0.08999352589938381,0.0897752287205198,0.18406770280180715,0.1830694169356863,0.18201008194554344,1.535528545801297,1.7743736862930632,0.24256987009051928,0.06599364357478343,474,542,1.0528384977951646,0.0022211782653906425,0.1107744425535202,1.7577560544013977
303,1.0909247142437846,1.0,0.833945816044017,1001.0636046080303,0.5582265238634466,0.23778192385170213,0.230362281762438,0.23072496674012713,0.24560988107029352,0.24145067030623618,0.24099729531301745,3.1203558155629816,2.967827409780832,-0.1574411292136559,0.32823249455217823,0.3221644037649598,0.3222376435317153,0.3015388858547631,0.2980791539128515,0.2976141332492468,1.8487172622861079,1.8264038813835195,-0.02273366203701648,0.2098266530018591,272,256,1.301485924050212,0.004784874720772838,0.118730828166008,0.39691731333732605
304,1.8041654269149503,1.0,0.8550380874746529,1261.9915806547883,0.6143407743300155,0.44934215726591226,0.4286988978269733,0.43071041591967435,0.29672875600128623,0.2930524445578843,0.29231818401989096,4.59410698620977,4.146448545937788,-0.46921466392781014,0.8401175996103274,0.8165693541092065,0.818574951480836,0.41407265858609105,0.4107697033497121,0.40972594023409586,2.802970145137216,2.5642419751096166,-0.24561261839386953,0.23091892443249507,371,536,2.0744064953178167,0.00559139217066797,0.17186777293682098,3.933689134195447
305,0.8518401675884766,0.8518401675884766,0.7939936545588298,2326.493409122975,0.7459763839313261,0.945285843279979,0.9350190131706158,0.9347475609720453,0.4997275108339354,0.49258661233750717,0.4926883749233104,1.0861085228716758,1.11482493711825,0.02903173034417922,1.244039211519623,1.2160577283652818,1.2190179487514878,0.5895977241073089,0.5787767955891316,0.5793962276498621,2.2492444687624595,2.011292131023037,-0.2434276200181204,0.1698744915166719,298,356,1.3204680308699608,0.004431100774731412,0.1460927575826645,1.3690587477758527
306,1.0465210221502983,1.0,0.776359171934125,539.2976783835014,0.4050220014515981,0.09910723181614918,0.09541044375632786,0.09564997565239543,0.14597347251524023,0.1435726117525814,0.14268532375885934,3.730089108612296,3.488399484476777,-0.2510541683249243,0.18760203760398186,0.18129472696280433,0.1819645123782171,0.18593151329773583,0.1830870979375666,0.18212400566139716,3.3620693686131187,3.0050447733757,-0.36944561302667317,0.1522400088919671,432,365,2.0665427139028907,0.0047836636895900245,0.2689213454723358,1.308869807049632
307,0.2806950366072626,0.2806950366072626,0.435863873795236,961.1552071745784,0.5481714147494829,0.10150194099967635,0.10414575631580317,0.10117215067380231,0.19611089496294998,0.19743925325333306,0.1942964964750874,-2.604694343860127,0.3249103639063395,2.8552345743055896,0.7189602247792244,0.7171782718815755,0.7148071871133317,0.4511484743714491,0.4498879458631088,0.4481014692963507,0.2478513881899553,0.577644982678701,0.33061302345692045,-0.18825528924692186,250,284,1.1157773789018393,0.004463109515607357,0.08721940219402313,0.45121815614402294
308,0.6670551222339733,0.6670551222339733,0.64727612178187,927.5301234870742,0.5393371704183646,0.21482625323533514,0.21288278722396115,0.21224025272075153,0.22077604093211897,0.2213452865850202,0.21915353437670118,0.9046687646900337,1.2037637279605318,0.3018254841494729,0.3863223060489852,0.3778483319100876,0.379270699353327,0.29188276817781694,0.288886768079688,0.28811428122744626,2.193498538969459,1.8253169918601724,-0.37643872504322456,0.02315695873971213,344,303,1.5066430903971195,0.004379776425573022,0.1418682336807251,0.7630726816132665
309,0.763351599321496,0.763351599321496,0.6555365921476006,230.8565862473295,0.225647341560632,0.03734921496309219,0.036586666658831014,0.03652241668663889,0.10851765533576166,0.1069519736910496,0.10644159435626412,2.0416715719854084,2.213696532230539,0.17561034677265297,0.07711438442610469,0.07455250950691447,0.0747803854808775,0.1400018257415852,0.1386242568429021,0.13774086766560817,3.322175153515162,3.026671304708086,-0.30565835472230357,0.03141742910544276,435,517,0.9948792131617665,0.0022870786509465897,0.07896571606397629,0.5093044377863407
310,0.8248200268099388,0.8248200268099388,0.738269380174086,1044.8579866232412,0.5687579763682762,0.40283211965638227,0.39857526134778876,0.39842325966911823,0.340704935837347,0.33790034095035054,0.3367719402351164,1.0567325942689563,1.094465851190023,0.038136255159571426,0.4210528190580452,0.41894403729134455,0.4178528901579658,0.3555103063126208,0.3528842666707824,0.35182244916175,0.5008354465879827,0.7599827753767597,0.26045176354185823,0.11415021713192819,368,432,1.8880895469337702,0.005130678116667854,0.3334777057170868,2.3075013160705566
311,0.2104934882703399,0.2104934882703399,0.412531199157901,829.6775939184556,0.5115445601895533,0.16992215100430771,0.17293485753244825,0.1699040009120802,0.21638656081083782,0.2191447594636184,0.21576305292300565,-1.7729922263426148,0.010681416236936409,1.7526001776705848,0.13428419550682,0.1515791560568855,0.1373566870282218,0.21581911781626026,0.23211745483326912,0.21815179423176997,-12.879371607947057,-2.2880514790333226,9.382865955083039,-0.21158796388425688,320,347,1.4788079727441072,0.004621274914825335,0.17069262266159058,1.5782623570412397
312,0.8481670041649549,0.8481670041649549,0.7258886286121721,659.3540452538913,0.4542309582632219,0.21125136636194292,0.20837201001762107,0.20833851114080298,0.28735302946595587,0.2859393283606578,0.2852284512089506,1.3630001045240892,1.3788574584408864,0.016076476305647017,0.27624501198643403,0.27165997700986905,0.2718675056755064,0.32511804564848235,0.32226934246755323,0.3217944699881404,1.6597711370767294,1.5846462817372502,-0.07639280100130325,0.1017694655700142,453,439,2.002169854938984,0.0044198010042803175,0.19630712270736694,5.7556209759786725
313,1.2679811815632087,1.0,0.7799274969013607,560.8874749839683,0.4145152360525309,0.17015610387106525,0.16475334667456976,0.16533859810530924,0.23668485559163258,0.23590126098096242,0.23518663928833503,3.1751768367882947,2.8312271238923343,-0.35522885729022724,0.1821074341754436,0.17881506537464395,0.1790329371800966,0.23569876452796493,0.23385248896460958,0.23350647552743153,1.807926631719904,1.688287471221515,-0.12184197399485541,0.15580833385920279,279,291,1.5894952854141593,0.00569711571833032,0.45236921310424805,0.9879701714962721
314,0.945932160274932,0.945932160274932,0.7953373169078632,900.7215440429352,0.5320423828061227,0.2732595642901767,0.2682216766730129,0.26833326972969496,0.2241587407786234,0.22546562523651678,0.2240303126230453,1.843627186572713,1.8027894369510502,-0.04160478678168549,0.29796301680347925,0.29431566572987644,0.2943123688889403,0.22217963352780704,0.22178861492513796,0.22084129712602635,1.2240952292439744,1.22520168902261,0.0011201717475568798,0.17121815386570538,391,437,1.6979763768613338,0.004342650580208015,0.300326406955719,0.6849200502038002
315,0.9786563918180768,0.9786563918180768,0.8031569195031737,808.2015029690073,0.5049900036708824,0.2929552482357812,0.28810311579456743,0.2882569167350736,0.1893700749346986,0.18694173220217325,0.1856754589106452,1.6562708708698628,1.6037710636698328,-0.05338399068749495,0.3245498495000586,0.3069159786840835,0.3090716005617761,0.23835648294723766,0.2327969979864965,0.23208532099340762,5.4333319960365385,4.769143773175493,-0.7023491859025933,0.17903775646101583,269,379,1.8618306368589401,0.006921303482746989,0.13151231408119202,1.8707520673051476
316,0.8365618596823756,0.8365618596823756,0.7500991126539479,1154.3120850243693,0.5930067335999945,0.38950993811145435,0.3846371528667519,0.3844979006582301,0.40500039108374636,0.4024249669098318,0.4018660720175564,1.2510040869119423,1.28675470452056,0.036203525188329914,0.3970101015219403,0.3908634832861935,0.3909365448175345,0.4029614246442088,0.39962313914914055,0.3991107000899583,1.5482271640403242,1.5298242238982789,-0.01869234002795302,0.12597994961179004,363,391,1.1312117371708155,0.00311628577733007,0.09797777235507965,1.2966279229149222
317,0.9564762588415427,0.9564762588415427,0.8124843187810535,1036.3661690648544,0.5667553306958589,0.30551768085442993,0.2995840496126495,0.2997064939120744,0.3014443336540558,0.2978342338929221,0.2972300450971582,1.9421564163442384,1.9020787687650746,-0.04087143477204104,0.3316633906216103,0.3266459772097215,0.326488442289728,0.31458332133428824,0.3126980422383923,0.3117873113418723,1.5128029061287374,1.5603013411227926,0.048228030033977874,0.18836515573889567,209,270,1.2276501953601837,0.005873924379713798,0.21568861603736877,0.8052044454962015
318,0.8178651002807283,0.8178651002807283,0.7337721264953851,1033.026599280384,0.5659626468358161,0.3029000539551434,0.2987815121182364,0.2986124150819338,0.33785121333794815,0.3358391714017695,0.33499926511040035,1.3597032364731556,1.4155292537004818,0.056595548735178254,0.2774094698923943,0.2735105907548501,0.2735292359213515,0.30659983377315814,0.3046697654452127,0.3039701166576921,1.4054600007189804,1.3987388291206986,-0.006816981547183993,0.10965296345322728,343,320,1.4807909838855267,0.004317174880132731,0.1331433653831482,0.6986175160855055
319,0.8507748871661188,0.8507748871661188,0.715012522330568,530.4001057578308,0.4010194740932259,0.12079217769893007,0.1184586055881271,0.1184458434855614,0.17059424445606214,0.17097725751307277,0.16948331819225784,1.9318900902832552,1.9424554288745508,0.010773470194360172,0.22537892792068534,0.21939475770261094,0.2201930360447981,0.21344510035329825,0.21283214836071018,0.21132187495636517,2.655159589799954,2.300965721920664,-0.3638547933169932,0.09089335928841014,465,422,2.1724838986992836,0.004672008384299535,0.28622668981552124,2.6284997686743736
320,0.8604051726658214,0.8604051726658214,0.733162048232185,678.9125723477291,0.4614868453858163,0.17913139070571543,0.17606241113941526,0.1760483782397204,0.22133939549598483,0.21885545477120422,0.21797364927544935,1.7132561491369322,1.7210900076469269,0.007970412085155044,0.24153085058657853,0.23766110571067683,0.23775031584614076,0.26447176968242575,0.26200306918552363,0.2613425474702547,1.6021741597413677,1.5652388633818055,-0.03753669966196592,0.10904288519002714,482,433,2.2626836244016886,0.004694364365978607,0.2765248119831085,4.556288558058441
321,0.2410938991223672,0.2410938991223672,0.4433405439659584,708.1358486340444,0.471975705273729,0.17067290611968838,0.17297248332545692,0.17059642160888375,0.15424542131159108,0.15599713586344868,0.15296622048988717,-1.3473592605002611,0.044813504699451126,1.373664568428776,0.8018941067410014,0.7915101778005785,0.7953769626241628,0.23109541933932942,0.23135772880844535,0.2287954909543662,1.2949252093427188,0.8127187944210069,-0.48853254601591584,-0.18077861907619946,161,205,1.0745323989540339,0.006674114279217601,0.16016064584255219,0.1508569186553359
322,1.0821863716833742,1.0,0.7605796765761104,451.5406250823578,0.3630419540362404,0.13788842343918933,0.13459120291209295,0.13486496659531946,0.1403221551917739,0.1389917027888033,0.13808724357556673,2.3912236030100837,2.19268359769394,-0.20340384609335846,0.2720118582602628,0.2600908242337046,0.26173556740440085,0.2100533954375114,0.20320523521277897,0.20298307395834597,4.382542034307956,3.777883406108543,-0.6323726242715718,0.1364605135339525,467,357,2.297029636800289,0.004918693012420319,0.16867707669734955,2.591259965673089
323,0.2318907164114783,0.2318907164114783,0.4951794997258519,387.9761382641879,0.3287361343215244,0.059074235065555626,0.060378921053909185,0.0591120644886014,0.10876606043642259,0.1086152678211425,0.10717336479565888,-2.2085533344709884,-0.06403709333484423,2.0981768855668577,0.2553152324810743,0.25180668911406995,0.2525791140062782,0.2127814606497768,0.21064947591249428,0.2101281588951379,1.3742005648896893,1.0716628413461076,-0.30675312674411614,-0.12893966331630596,310,232,1.467612486332655,0.004734233826879532,0.18363074958324432,0.3182019628584385
324,0.8025223374668833,0.8025223374668833,0.7270499821957815,1080.4591891570412,0.5769562087980324,0.3431443972568649,0.3390446701918267,0.3388190233019529,0.36537390300274347,0.36272045397438807,0.36186429683648913,1.1947527331968337,1.2605113152041916,0.0665537345701797,0.41006507258915775,0.40463454859120046,0.4045646161106807,0.38779675028302146,0.3841686560971174,0.3835188920678012,1.3243078625713898,1.3413618584355658,0.017282874327777115,0.10293081915362368,265,261,1.4060144815593958,0.005305715024752437,0.11203976720571518,0.6842452147975564
325,0.4737604040768382,0.4737604040768382,0.5531973812823832,707.306696419033,0.4716837399285325,0.18319114705561612,0.1834239315467332,0.18222353872384747,0.24166093231228467,0.24212384760032823,0.2399557056695998,-0.1270719108748224,0.5281960112815315,0.6544363174223464,0.3063914689358294,0.3033333948269802,0.30312905054297234,0.28734868826189947,0.28572845481362263,0.2844432493159857,0.9980937522414215,1.064787607888766,0.06736623381820428,-0.0709217817597747,389,433,1.5771916387602687,0.004054477220463416,0.21947219967842102,0.908606618642807
326,0.7092072083397631,0.7092072083397631,0.6710759660420043,975.5923987486173,0.5518613435719381,0.25680425740925517,0.25424429149740874,0.25373582504395525,0.3333159497129341,0.33220937596676786,0.3311730574136707,0.996854934443999,1.194852607295336,0.19999129595350795,0.26933578484610654,0.2653169014972167,0.2654363073260513,0.33006533443289915,0.32697991929257025,0.3267966091795987,1.4921460775017883,1.447812633691936,-0.045004983911975174,0.04695680299984639,390,320,1.562649941071868,0.004006794720697098,0.13994482159614563,0.8617370184510946
327,0.6138302190365053,0.6138302190365053,0.6193621803144321,681.244932415063,0.4623392570814131,0.18002140578220077,0.17904877057406415,0.17841178461484503,0.2674070412611226,0.26649430534971136,0.2653685483959927,0.5402886417370627,0.8941276512989511,0.35576114662883757,0.35371027890057927,0.35273089534265445,0.35170136448312755,0.3442229901490699,0.34327694213358834,0.3420170975996485,0.27688863353617793,0.5679547746522734,0.29187430789887986,-0.004756982727725734,407,458,1.2679887698031962,0.003115451522857976,0.16041028499603271,0.23924348317086697
328,0.8207444729223078,0.8207444729223078,0.7096413530343383,609.8224389979665,0.4349500582824727,0.10077028406204216,0.09831697811215505,0.09824129856946022,0.1551696313756816,0.15356809418870068,0.15234589729792847,2.4345529763284848,2.5096540275949817,0.07697504962825168,0.12943455980799423,0.1278079261548109,0.12752081511637928,0.1679519362085636,0.1666147299247739,0.16535157892203464,1.2567228224025404,1.47854227993964,0.2246425922629042,0.08552218999218042,296,276,1.7328140549361706,0.005854101536946522,0.1744985431432724,0.4115707892924547
329,0.6538412527032554,0.6538412527032554,0.6417078207854402,1148.4177124896603,0.5917705633700321,0.2996904115728538,0.29747445206658224,0.2966125146616688,0.36408549956441916,0.3633383045669113,0.3623636622155694,0.739416217770076,1.0270254877462965,0.2897517413429817,0.39753362230317874,0.3974396684191597,0.3956107173829979,0.4203006170253496,0.4207911859901605,0.4192821851776139,0.023634198152780714,0.4837087512347123,0.46018331371816174,0.017588657743282332,368,382,1.2390115419402719,0.0033668791900550864,0.15556402504444122,0.6838831109926105
330,0.6526276416378068,0.6526276416378068,0.6441482702730718,1871.3230937774208,0.7025666825296932,0.45377034284933326,0.4501879673909547,0.4487726964989075,0.3516642942275948,0.349463233605555,0.34795481716743704,0.7894688392114799,1.1013602870219197,0.31437332726801315,0.6624998839602814,0.6570374814799832,0.6560004604834495,0.4792442913877576,0.4777968204770272,0.47638470098942204,0.8245137263489171,0.9810452249409773,0.15783285212249823,0.02002910723091389,353,391,1.6312686447054148,0.004621157633726387,0.11517982184886932,0.5770187843590975
331,0.9597174850417172,0.9597174850417172,0.8487675305030357,1604.0835309405873,0.6693965754130701,0.48179939314471926,0.4725501300672452,0.47265764047638414,0.29453681163141515,0.2945751766625159,0.2930876931004457,1.9197332352587275,1.8974188839605246,-0.022751111955809485,0.4630427564868156,0.4563182104109688,0.45637721768018386,0.28935406687736853,0.28797082528849716,0.2869884695577782,1.4522516509851164,1.439508277206259,-0.01293116686311859,0.2246483674608778,442,382,1.9790205527096987,0.004477422064954069,0.22067531943321228,1.1389897875487804
332,0.3892289778559654,0.3892289778559654,0.480957599830156,1236.4381720027147,0.6094829509309666,0.3799595477399619,0.3816774074646589,0.37885005153750895,0.2509594224145806,0.2534511984885296,0.24880653878643272,-0.45211647790271825,0.2920037696255634,0.7407710993246935,0.30308115604106944,0.29830636203124367,0.2992053593425785,0.23635726599659931,0.23382639806595323,0.23260556134333055,1.5754176446320414,1.2787983090462158,-0.30136712647137615,-0.14316156321200185,480,387,1.7246315032243729,0.00359298229838411,0.18055206537246704,0.4830926563590765
333,0.7392938165014321,0.7392938165014321,0.6628630648664796,401.5929375873715,0.3363926060174477,0.05450107120338357,0.053295739240769385,0.0531392736035112,0.11030369857902035,0.10910698797121467,0.10778250346914552,2.2115748112843634,2.4986620809534252,0.2935800112488062,0.11999112917378776,0.11845840895125984,0.11830169342484513,0.1563456589295812,0.15431171375739103,0.15335479927394835,1.2773612791892561,1.4079672060555064,0.13229582247655075,0.03874390182432175,379,338,1.5425063585862517,0.004069937621599609,0.1488969624042511,0.4619738645851612
334,0.5724495732774482,0.5724495732774482,0.5971932535831002,862.0985744504858,0.5211171519199487,0.30624328190433037,0.30545988493159765,0.30447489061071065,0.3406875681584213,0.3414538991989513,0.3394314182255647,0.2558087047204029,0.5774465590308561,0.322462742074159,0.3280091102911332,0.3255390130308072,0.3252363545400627,0.36292408451990793,0.3622167031498272,0.3609000047451927,0.7530575166444744,0.8453288838866293,0.09297149608173517,-0.026925909459057706,360,329,1.3798052538186312,0.0038327923717184197,0.17966678738594055,1.3781525455415249
335,1.3014633339683384,1.0,0.7633514793666208,466.108578615042,0.3704161070070165,0.12902191200599233,0.12433636946876507,0.1249171467510907,0.18106064241796765,0.1800262531425042,0.17916249303269127,3.631586654063572,3.1814481672779698,-0.46710168939871183,0.15985901938764085,0.15514607808610922,0.1556444475715795,0.20265226973378475,0.20094729653304616,0.2002435900258541,2.948186045169749,2.6364304198823314,-0.3212259643415984,0.13923231632446298,320,335,1.5441261054947972,0.004825394079671241,0.15939296782016754,0.4955810811370611
336,0.7158718855614894,0.7158718855614894,0.6722116477442668,872.6537518733288,0.5241532172734844,0.09346364364492059,0.09110084248523763,0.09066947075502901,0.1837173489654803,0.18224471815119395,0.18085203766108204,2.528043063096833,2.9895826665039587,0.47351014374923805,0.15480598036364684,0.15318022093546102,0.15265432385891708,0.20436841142420184,0.20391724836774797,0.2023429732674978,1.0501916168657282,1.389905286394888,0.34331917876362766,0.04809248470210892,434,478,1.2621049657464027,0.0029080759579410203,0.2818707525730133,0.23182624764740467
337,0.6639471759729235,0.6639471759729235,0.6408502162655864,573.8776427326295,0.420082549749913,0.13926340114936578,0.13808331863280932,0.13767880129215315,0.1876141663563469,0.18735605264748265,0.1858469591212898,0.8473744765796548,1.137843714956435,0.2929516357669924,0.11733786984202921,0.11551562814445834,0.11544821908427154,0.1667458785013661,0.166020985243531,0.16486438455263697,1.5529868575457608,1.610435539951157,0.05835492674853121,0.016731053223428494,454,353,1.8005365878343582,0.003965939620780525,0.21411143243312836,0.3567459024488926
338,0.1652113736806428,0.1652113736806428,0.3628035879111013,1047.7225936147313,0.5694293738065085,0.15494104861193644,0.1593405771073211,0.1550182393396544,0.2409455507689682,0.24296903399740696,0.24000047329445778,-2.8394854267468346,-0.04981941739098283,2.7126409644892155,0.21795153692890795,0.21974718038131094,0.21677928969515853,0.23504389525866773,0.23612222883733613,0.2332171254492069,-0.8238728103067691,0.5378476565328332,1.3505932958968818,-0.2613155751310566,382,370,1.9576223008334637,0.005124665708988125,0.1341252624988556,0.38998448848724365
339,0.5534420643011774,0.5534420643011774,0.5862012253254375,916.9861575678603,0.5364953909000024,0.21616725486640484,0.215552594606571,0.21441199285361814,0.18127754818762903,0.18235465908592116,0.17943234279279283,0.284344758975502,0.8119925535768489,0.5291524117511538,0.163316254721429,0.16066501651885387,0.16064464920621574,0.18271696151669964,0.18058707942401753,0.17901887107675502,1.6233768078366606,1.6358478950979205,0.012676880804192292,-0.03791793771672036,474,464,1.858214233070612,0.0039202831921320925,0.3165700435638428,1.032123375684023
340,0.7202322700561536,0.7202322700561536,0.6612102876374396,497.8597887896544,0.3859112013711158,0.057275719295477694,0.05590048360093095,0.05566698260073022,0.16007890139131195,0.15830856198588,0.1573093796972646,2.4010797445460037,2.808758605803306,0.4177083723777368,0.21414800166489342,0.21217162411326443,0.21186827541344266,0.2276514303945421,0.2266959488388933,0.22540179466439875,0.9229026356835687,1.0645563973172896,0.14297326567092075,0.037091124595281744,367,513,1.5269229728728533,0.004160553059599055,0.18526591360569,11.221960319206119
341,0.934769259864102,0.934769259864102,0.7518894489059592,553.4965828808276,0.4112996814452486,0.12620866061609906,0.12319035713831954,0.12329168008545378,0.1938522662300528,0.1909025951710424,0.19043804666521846,2.3915185083538653,2.3112364210235428,-0.08224908952936989,0.9597484240599906,0.9947849867185733,0.9812266051950693,0.426189009173993,0.4398750065234687,0.4333264472454598,-3.65059861316247,-2.237896994320689,1.3629459334954424,0.12777028586380135,159,231,0.8981761988252401,0.005648906910850567,0.20334652066230774,0.6516453297808766
342,0.7520620628753625,0.7520620628753625,0.6913670387571238,877.76108625325,0.5256085003750504,0.1706645934322644,0.16788952983964056,0.16757141556854724,0.21301010779083687,0.21104365478230636,0.20976459637378533,1.626033576627736,1.8124309216749266,0.1894783262524882,0.22322754835006944,0.21910495029432403,0.21913223291495704,0.2304602031343684,0.22807723936952637,0.2269647781903735,1.8468141975381467,1.8345923096776835,-0.012451850401534974,0.06724787571496593,504,357,2.5995280519127846,0.005157793753795208,0.19835683703422546,0.47394800558686256
343,0.5243291466147725,0.5243291466147725,0.5764993878359297,723.1282661042409,0.4771997932366295,0.10556431405977997,0.10534365013233495,0.10432989815665303,0.15680020042698165,0.15611301895514967,0.1540487521699958,0.20903269197586966,1.169349617928555,0.9623285071368046,0.11274472727129566,0.11122716978086919,0.1108394611511417,0.16893678040158153,0.16736589743068164,0.1661215579719848,1.346011939675719,1.6898937682197328,0.3485736717848033,-0.047619775206228177,370,407,1.3788553792983294,0.003726636160265755,0.1533461958169937,3.7527960166335106
344,0.3377002304029001,0.3377002304029001,0.4492204638220743,1242.4638208666447,0.61063944903519,0.14889185249572975,0.15142109682469057,0.14810015984793126,0.1691149584476627,0.17353955264169235,0.1674343144728414,-1.698712378525451,0.5317232840670029,2.193179845080742,0.22411059800682115,0.22131306037549145,0.22125514229383966,0.22071639340898866,0.2202058015876536,0.217703835947059,1.2482843989575862,1.2741279253980555,0.026170205026996463,-0.17489869922008355,519,451,1.3662012908607721,0.0026323724294041854,0.12349837273359299,0.8172214068472385
345,0.5990837928800952,0.5990837928800952,0.6137223233130683,562.6712315649596,0.4152860397824016,0.09690532980756772,0.09620605728388758,0.0956396332220941,0.17214602276866028,0.17142998336373563,0.17019238093460348,0.7216037807917689,1.3061165861434192,0.588761329364182,0.7950337910896776,0.7855249281058051,0.7862643560987912,0.532323167900354,0.5334266511411065,0.5309175751191557,1.1960325574136474,1.1030267001440295,-0.09413170308536674,-0.010396839729089558,399,466,1.6353186946362257,0.0040985430943263805,0.1815003603696823,3.680601254105568
346,0.9429648369309148,0.9429648369309148,0.7632508158090641,613.3308702724249,0.4363604845880652,0.13080298745732666,0.1273953513829874,0.1275070665591296,0.18644631622440072,0.1846450823648945,0.1838886042304781,2.6051668548097653,2.5197596494287393,-0.08769172103175739,0.32757391655093676,0.3199895684544289,0.3206894558170379,0.29963594328547727,0.2960696349948652,0.2956977748013733,2.3153089160346907,2.1016510735610887,-0.21872193083965566,0.1391316527669062,546,344,2.187795214354992,0.00400695094204211,0.18458692729473114,1.2680322341620922
347,0.7911373688108427,0.7911373688108427,0.7167393885989142,986.2693359102616,0.5545516737560489,0.0921561449209524,0.08855465160121866,0.08831906587029875,0.1466178699122481,0.14739698574348833,0.14528982189004253,3.9080338297819903,4.1636714013427145,0.2660342812716372,0.18877693242943314,0.18445602243243692,0.18414985869991143,0.20561379553073575,0.2082422017365583,0.20543631361569192,2.288897240456761,2.4510800498632705,0.1659819660470156,0.09262022555675631,257,193,0.8144748685881495,0.0031691629127943563,0.22325454652309418,0.11346975527703762
348,0.7204333259183211,0.7204333259183211,0.6610935494219207,493.63496137277184,0.383893554962451,0.08484178687465291,0.0834769765655399,0.08324592163467665,0.17229418030836277,0.17027909058953436,0.1694382126995613,1.608653423494495,1.8809896617736597,0.2767888109625638,0.11898165345574331,0.11766645937609352,0.11750928388478193,0.1728804405978407,0.1718701910240763,0.17083650887266846,1.105375527613587,1.2374761387133038,0.1335771401170568,0.0369743863797628,431,410,1.7023009527474642,0.003949654182708734,0.16136384010314941,0.21157437190413475
349,0.6849771576928702,0.6849771576928702,0.650944242383491,624.4428595725425,0.4407815192612362,0.08589556228940363,0.08444679064951129,0.08406269676196935,0.13873677025632122,0.1365729195509745,0.13541384357196287,1.6866664601496815,2.1338302917895775,0.45483538757094694,0.16238335593387984,0.16021617204498642,0.1600361213496708,0.17075096056910116,0.16904873275319357,0.16787088326078864,1.3346096195818655,1.445489638214403,0.11237985093356861,0.026825079341333158,321,327,1.747905120253563,0.0054451872905095415,0.18169257044792175,0.8198952097445726
350,0.605240730465932,0.605240730465932,0.6170861464388144,470.372765287021,0.3725424012266948,0.09483173393541906,0.09421084323942659,0.09375156617226324,0.16157848683413137,0.16077554419748513,0.15946850315047773,0.65472882359749,1.1390361837013583,0.4874991576034933,0.17962344073421335,0.17630636987644546,0.17657069172432813,0.18886160395505103,0.18649415754416943,0.18575122411482092,1.8466803910499185,1.6995270758688679,-0.14992189338814024,-0.007033016603343434,407,532,2.1731993556022644,0.00533955615627092,0.30654534697532654,1.3763504335656762
351,1.1156295056397874,1.0,0.8450513222331932,1129.5927701903242,0.5877718081590165,0.396183737821828,0.3874614490564438,0.38788537483761726,0.4326413757804434,0.4274830259140894,0.4276628926347803,2.2015766758469932,2.094574358310149,-0.10941108649797444,0.2772213944522926,0.2749405033420252,0.2746000677167171,0.24683445107856028,0.24544917188615373,0.24462491011528428,0.8227687891022188,0.9455715857553093,0.12382156181790718,0.22093215919103537,309,218,1.3044668398797512,0.004221575533591428,0.09689079970121384,0.15653540194034576
352,0.9801182934299906,0.9801182934299906,0.8920956235613537,2411.8647541970618,0.7527447053796366,0.6128521576526555,0.5983280207149544,0.5984392347028015,0.49239323204237473,0.4881577898535959,0.487612402145732,2.3699250718691216,2.3517781197113528,-0.018587461057596625,0.523922173655819,0.5086869904064408,0.5090562670276998,0.4323446127814435,0.42700085524713305,0.42659750431984617,2.907909612427778,2.837426506381277,-0.07259407616536659,0.2679764605191959,391,315,2.0847926884889603,0.00533195060994619,0.315000057220459,0.27655213233083487
353,0.2756558156816751,0.2756558156816751,0.3695864521842263,2146.7782141310354,0.7304432812975861,0.6967505050201721,0.7027912586746169,0.6958462780372173,0.2892786421708106,0.3000589643064251,0.28945155980019455,-0.8669894906312118,0.1297777291067198,0.9881996327753134,0.8481015853678862,0.8310361798312911,0.8389726555264461,0.3087004709045032,0.30980428156798884,0.305823007231352,2.0121888498996867,1.0763957996234828,-0.9550096479272628,-0.25453271085793155,369,341,3.3208253886550665,0.008999526798523215,0.28122085332870483,1.2269656723365188
354,0.2290898914599045,0.2290898914599045,0.2929384868049825,4109.268158727556,0.838369964105854,1.2037092417380675,1.217672244483668,1.202461804672831,0.4053437312204242,0.4198505987795076,0.40488302915761476,-1.1599979680673578,0.10363275631540704,1.249140717442134,0.6824301552519209,0.6680521293001774,0.6759953864829471,0.3132042786284403,0.30950038304955607,0.3097852432229612,2.106886080735359,0.9429197580810803,-1.189017568298253,-0.33118067623717534,519,448,2.2436501178890467,0.004323025275316082,0.2857978343963623,3.373581094201654
355,0.3026888355292366,0.3026888355292366,0.4794021278670718,648.7857164291114,0.4502283163348004,0.11235997401404374,0.11396559142825992,0.11211425055996668,0.20700979236568795,0.2098044612738011,0.20693675979915357,-1.4289941131665753,0.21869304993461844,1.6244735319595427,0.23017788939495534,0.22823026161451132,0.22788916870617576,0.23602310197596366,0.23603740445488947,0.23420169597233137,0.8461402550712185,0.9943269072436561,0.14945121909892836,-0.14471703517508605,355,349,2.323026018217206,0.006543735262583679,0.22054512798786163,0.6609918531030416
356,0.5957368788346878,0.5957368788346878,0.6173470877119615,248.26394799769892,0.2386021956757827,0.05012463715339609,0.049826523372685706,0.04957280129532181,0.13254848708285957,0.13290660316765712,0.13185564391646254,0.5947450149076697,1.100927387036238,0.5092108784434782,0.1386386919021986,0.13697792426787314,0.1370993072332362,0.19639558256131107,0.19628412420410782,0.1954717598504925,1.1979106348587263,1.1103571794000588,-0.08861498377336682,-0.006772075330196414,287,311,2.342563485726714,0.008162242110546043,0.16781668365001678,1.6884700953960419
357,0.6087388158704187,0.6087388158704187,0.6176266149679728,578.7243910504344,0.4221327387274409,0.09055971670591619,0.08977041050234713,0.08921509436446064,0.17122791642281346,0.17072245982015946,0.16935599082737743,0.8715864318925032,1.4847907992270752,0.6185959658410772,0.0649115074214378,0.06493651017637805,0.06414636559256703,0.15190682300073205,0.15209976156417093,0.15064792148558986,-0.038518216466502546,1.178746048682985,1.216795577195109,-0.006492548074185089,354,394,1.1152591239660978,0.0031504495027290897,0.09280592948198318,0.7434470672160387
358,0.6931372898468284,0.6931372898468284,0.6518576036356016,532.3490660877338,0.4019008031317166,0.05771338675942839,0.056423796453931266,0.05611511335122385,0.15686303347964722,0.1547263605163378,0.15382810911878209,2.2344734521864567,2.769328743202605,0.5470796403419056,0.22262364507525018,0.21805653728364488,0.21867797358783578,0.2559155344893088,0.25248352631312043,0.25226393333864505,2.0514926840145593,1.772350590199303,-0.28498861438973605,0.02773844059344377,457,585,1.0856249080970883,0.002375546844851397,0.09689261019229889,42.16518658027053
359,0.8886933856965377,0.8886933856965377,0.7477935673276812,695.3768615219993,0.4674469154430152,0.15546010344118696,0.15206997216183693,0.15210252040248165,0.18241137319605807,0.18531984754782474,0.18310346606993558,2.1807082359446484,2.159771519755576,-0.02140346327549861,0.44098945182788285,0.43266942015801063,0.4334536726550552,0.29690958161663245,0.2968459918462157,0.29490004740152387,1.8866736234588004,1.7088343364205587,-0.18125905379634846,0.12367440428552334,363,337,2.8037742655724287,0.007723896048408894,0.6120564341545105,0.9272891078144312
360,0.9205281374737034,0.9205281374737034,0.7708048944545942,776.1568361717154,0.4948761477069004,0.17159449823562603,0.1675006317307247,0.16757900515520388,0.20745233613550568,0.20532547656010652,0.20441095848980775,2.385779583259031,2.3401059601038323,-0.04678992769722099,0.21274429913379575,0.21081271261867995,0.21036189242751707,0.23616190129320508,0.23448633044208367,0.23365646003288354,0.9079380848184391,1.1198451455474128,0.21384867428670187,0.14668573141243635,314,240,1.1388374250382185,0.003626870780376492,0.13463382422924042,0.4182558301836252
361,0.6965626184647287,0.6965626184647287,0.6622243679570878,879.1378502919124,0.5259992734010001,0.2349077322974881,0.23274029252921558,0.23223915523511401,0.19769493759088005,0.19867543987103548,0.1961652007967858,0.9226770643410187,1.1360107376093465,0.21532038507627732,0.2953935514486159,0.29170155689890276,0.2912428276459578,0.22196148003953461,0.22152091549508754,0.21902779002160824,1.2498561771601056,1.4051504449920593,0.1572597890191992,0.03810520491492997,309,291,1.2332519609481096,0.003991106669734982,0.14762109518051147,0.8592892196029425
362,0.3584268069076181,0.3584268069076181,0.497536565994198,720.8870847720282,0.4764254376360821,0.11886342079579308,0.12014350165132984,0.11837010641601929,0.16886833143378605,0.17123762402688134,0.16795343126719703,-1.0769342216188862,0.4150262347079029,1.4760642156553263,0.1610890036742545,0.1607620647783061,0.15992206666644868,0.19730289661355696,0.19821750361886586,0.19590686297479198,0.20295543984461897,0.7244051308216763,0.5225101537578495,-0.12658259704795988,415,410,1.4644401101395488,0.0035287713497338525,0.14524626731872559,1.3583982549607754
363,1.4717565846938203,1.0,0.7537908931942434,417.2458584079682,0.3449809551387935,0.09695924638988589,0.09187368786158756,0.09264016794604699,0.10743350124415023,0.10787103064872385,0.10646308981959643,5.245047499491308,4.454529717022879,-0.8342759524513342,0.19225859757224686,0.1903749452646178,0.18963164486070538,0.16493439904828244,0.1677424406377569,0.16546935192573042,0.979749322742894,1.3663642327123109,0.3904402456317093,0.12967173015208555,428,381,2.2679850412532687,0.005299030470217917,0.1691490113735199,0.09645060822367668
364,0.829232083322906,0.829232083322906,0.7232790302534086,741.4353743519229,0.483440375552772,0.15123420211990068,0.14817248838134983,0.14808909163265094,0.16991149091899155,0.16801368247000226,0.16648083592233398,2.0244850011662585,2.0796291071488295,0.05628355817596636,0.2771915385534109,0.27360040781042544,0.2731351721465214,0.24563323023786895,0.24487177069149246,0.24316408542713838,1.2955412570407479,1.4633803138647739,0.1700420213651171,0.0991598672112507,350,335,1.7068970138207078,0.004876848610916308,0.21127551794052124,0.6736981756985188
365,0.9000591137947201,0.9000591137947201,0.7387052705132542,562.6048787576979,0.4152574034988021,0.1069839290582915,0.10416089061242065,0.10421750845123223,0.1788381635172195,0.17595745036618435,0.175268234994786,2.63875001668025,2.5858282000018447,-0.054356139313610254,0.17861361604539766,0.17225459303409574,0.17305549032850473,0.2177074326170675,0.21407742275640346,0.21367833475321257,3.5602117868134253,3.1118152355642583,-0.46494974694257585,0.11458610747109632,484,388,1.5978511031717062,0.0033013452544869964,0.2306935042142868,0.03917665779590607
366,0.8295363859035777,0.8295363859035777,0.7016996594150269,480.7815071030149,0.3776727934113246,0.15713352768831765,0.15514633372559436,0.155107994418278,0.18939198122128104,0.1894107309350706,0.1880805073569716,1.264653057789798,1.2890522473710395,0.024711706938673434,0.13503157657200585,0.13460291364241697,0.134177985076642,0.18050082513368523,0.18182582333691472,0.18026695047580288,0.3174538433684725,0.6321421381825225,0.31569046633257064,0.07758049637286901,372,328,1.1317428816109896,0.0030423195742230904,0.12879842519760132,0.28681138902902603
367,-0.1244752392093803,0.0,0.3019571674907345,845.2395411954412,0.5161866749630023,0.09762142568507891,0.10424182459985477,0.09850321144855402,0.14977018691722851,0.1584633416248049,0.15061522648938097,-6.781706852072506,-0.903270729030021,5.505096609090578,0.7413673310656053,0.7224001593974461,0.7328264659248093,0.34081529281418144,0.3357392708792738,0.3370340601320322,2.5584040290656875,1.1520422849655072,-1.443286853100889,-0.3221619955514234,284,359,1.1906815860420465,0.004192540795922699,0.07812764495611191,2.4854503609240055
368,0.5042233477641259,0.5042233477641259,0.5867941077061856,358.1170681190643,0.3113124111080732,0.07732743149790204,0.07730846133787125,0.07677175162183092,0.15113493132885605,0.15097951731245446,0.14969424221117994,0.024532251574012266,0.718606405653339,0.6942444678787254,0.12110105551615662,0.12040564193668292,0.12009301245518914,0.1571387008758857,0.15625864461615038,0.15518315162290588,0.5742423767569218,0.8323982451441092,0.2596468707489512,-0.0373250553359723,244,246,1.3286889977753162,0.005445446712193919,0.1824156790971756,0.7853819578886032
369,0.1655948799107909,0.1655948799107909,0.4080914358682758,705.7562993491886,0.4711369389175627,0.24029193136610869,0.24325210244825773,0.24043083294544396,0.21566751272988927,0.21909365774672487,0.21511773866963727,-1.231906150705882,-0.05780534475110637,1.1598129982921284,0.2625388585561203,0.2649866508837826,0.2619293362715023,0.22441326039359788,0.2288806707666553,0.22391035913825275,-0.9323542964741923,0.23216459764097486,1.1537617468968984,-0.21602772717388208,460,292,1.5014205984771252,0.0032639578227763593,0.23706915974617004,0.40241406485438347
370,1.0763583001969952,1.0,0.8441674487380106,1118.6923037482586,0.5854203355424923,0.4857897427816031,0.4777026517391612,0.47803997968554274,0.30032252201553944,0.29836913800543813,0.2976400986987458,1.664730711714017,1.5952916279552685,-0.07061462714377341,0.4919105755416294,0.4869309400743339,0.4868574512575014,0.31754872637606546,0.3148928920449097,0.3144030245587228,1.012305023491836,1.0272444902336488,0.015092246309360074,0.22004828569585277,184,181,1.0469914358109236,0.005690170846798498,0.14254328608512878,0.3525380529463291
371,1.00992269568587,1.0,0.749104230254715,394.6532020834535,0.3325124744962061,0.1198923398241017,0.11736822502544307,0.11753634619068169,0.2026000200847915,0.20316019742342423,0.20240832008269197,2.105317822941692,1.9650910449129388,-0.14324248765130115,0.19543113072149104,0.19247172889896125,0.19260834485719605,0.22460944713982642,0.22440305876031483,0.22365724306567128,1.5142939671915623,1.4443890560699584,-0.07097975324288831,0.12498506721255709,252,263,0.8156937547028065,0.003236879978979391,0.08790167421102524,0.5968808718025684
372,0.5840414474673759,0.5840414474673759,0.6019497329240926,980.7342959420566,0.5531610222817898,0.14360539473953812,0.14257160071721386,0.141509404198884,0.19624199632874156,0.1943268610153677,0.19268451401574302,0.7198852272919724,1.4595486085015763,0.7450267184954308,0.12371915064765802,0.11989145934031868,0.12028957741598391,0.18699657893676255,0.184256611823515,0.18339825827379239,3.0938551447384994,2.772063349708291,-0.33206541805046036,-0.02216943011806527,450,375,2.216128216125071,0.004924729369166825,0.19693557918071747,4.086638703942299
373,0.6943263461356872,0.6943263461356872,0.6591419908478229,788.5921563051876,0.4988496370664519,0.22447538025391564,0.22255329225062886,0.22209732339645025,0.17371656915932554,0.17561671563851897,0.17260896801244863,0.8562578226229547,1.059384265114264,0.20488074993971667,0.2839320709801271,0.28486580359596847,0.2832470627490529,0.18537937825245074,0.1854301989818333,0.1832225212942649,-0.32885774848121907,0.2412577870155947,0.5682468118256276,0.03502282780566501,424,344,2.7404429335147142,0.0064633088054592315,0.359025776386261,1.0377663150429726
374,0.2702889442686761,0.2702889442686761,0.4567013019378389,711.5049594021154,0.4731587417396309,0.08627711777660353,0.08832709464021898,0.08610619101516771,0.1397316947319831,0.1406385811631363,0.1376010538013144,-2.376037721755421,0.19811366656730225,2.514408103309221,0.18852257799898223,0.18517618701108238,0.18579863341697023,0.20065691437989436,0.19845267242119483,0.19724458934728537,1.775061121813174,1.4448903738345367,-0.3361373921424345,-0.16741786110431894,382,468,2.0711685931310058,0.005421907311861271,0.20226708054542542,1.0082108601927757
375,0.8951218426254485,0.8951218426254485,0.7869052844399329,1191.720747069477,0.6006808554368701,0.15926285106793328,0.1533568343927744,0.15336215112504922,0.2068596460364566,0.20432527185217939,0.20305793877505562,3.7083454399794,3.705007101980816,-0.0034669027277990172,0.22744490647114612,0.22060908819343658,0.2208347413539937,0.22589872301569938,0.22405918620797266,0.22270204827866452,3.0054831228224237,2.9062708942180686,-0.10228642999478613,0.16278612139777504,488,382,2.1508150780573487,0.004407407946838829,0.28235241770744324,0.9269502349197865
376,0.5348145014805906,0.5348145014805906,0.5744143784141162,994.3864591795456,0.5565754772361434,0.25224402927864653,0.251809814588006,0.2504701130767068,0.2630018636030398,0.26172936397392615,0.2602116335257495,0.17214072098446737,0.7032539905950108,0.5320291083535105,0.2826907776056061,0.28355813192648244,0.2810742023557996,0.2682905901184395,0.26752504116046766,0.26541996402924395,-0.30682087623190707,0.5718528434138981,0.8759860116890719,-0.04970478462804162,327,279,0.9622377082705498,0.0029426229610720177,0.0859522596001625,0.2952684313058853
377,0.7274423566828496,0.7274423566828496,0.6823504560359381,1023.077971579384,0.563583944145984,0.20506768666116942,0.20214912273223198,0.20168553481975254,0.2870704847135719,0.2847906685508376,0.2839010870668916,1.4232198043759785,1.6492856073444493,0.22932966822394385,0.31022171356495704,0.30450858704636447,0.30501443472293477,0.31880043101972566,0.3158374502755916,0.31535962794734346,1.841626897401656,1.6785668489101166,-0.1661193470689492,0.05823129299378027,334,280,0.9266277765855193,0.0027743346604356864,0.10534234344959259,0.2724653072655201
378,0.6006126134041243,0.6006126134041243,0.611393523413625,935.1365703674352,0.5413656969861212,0.18997610686422456,0.1887960128667025,0.18786123956635453,0.17510428059357688,0.17560639370434977,0.17296144709006545,0.6211802194501587,1.1132280436620996,0.49512343303984696,0.37614588647071834,0.3659393846359181,0.3678715848926199,0.253591934716552,0.25046787383797,0.24883079947227071,2.7134423642287535,2.1997586244353537,-0.528011014344415,-0.012725639628532903,457,305,2.0641245543956757,0.004516683926467562,0.18308694660663605,0.5419228784739971
379,1.3776387813002344,1.0,0.8655043153458923,1421.8475847257305,0.6421853113272907,0.5082413028127648,0.4925897301977065,0.4936568173053466,0.3571837636205453,0.35168395828882903,0.3513433416501574,3.079555425432296,2.869598638816471,-0.21662796486069613,0.4690229089227988,0.4613219028606846,0.46137919607858824,0.34911976895167746,0.3452468620330957,0.34466231026714017,1.6419253549471715,1.6297099136939417,-0.012419357838501646,0.24138515230373447,488,321,2.030794247984886,0.004161463622919848,0.14819148182868958,0.8370458008721471
380,1.152534712773727,1.0,0.8368861904721595,1033.3904339497842,0.5660491477884655,0.488592107525314,0.48013431189516476,0.48062922637528854,0.32413230992882,0.3216850380355412,0.32082353013073983,1.7310544930795995,1.6297604949774822,-0.10307834034403471,0.4559561763757898,0.44725189801354054,0.44755382165048135,0.3204448993545034,0.31938594089817635,0.318294880310926,1.9090164391314992,1.842798751427237,-0.06750639589944779,0.21276702743000164,353,427,1.8499511163681746,0.005240654720589729,0.28914135694503784,1.223284495063126
381,0.5663256126392305,0.5663256126392305,0.5959091309004343,755.4480436463164,0.4881173062573206,0.13290544046155559,0.13227698428164453,0.13139010274863339,0.21564143423974003,0.2154512837638437,0.21371462029372892,0.4728596344352403,1.1401622895644574,0.6704730515497621,0.14704284292017147,0.1446660819401918,0.14455590695019013,0.21815893240279147,0.21693543441796906,0.21573501146872437,1.6163731146506826,1.6913002500444587,0.0761581350127416,-0.028210032141723573,435,426,2.0977554973214865,0.004822426430624107,0.21554099023342133,0.3896737117320299
382,0.8606259973508364,0.8606259973508364,0.7710949667528362,1300.5381661315605,0.6214442138228096,0.37953158093711764,0.3736489816839817,0.3735559262992388,0.2720957850751844,0.2674852779301671,0.26697111860118966,1.549963046187347,1.5744815288161564,0.024904493068206864,0.35322501649099397,0.3457491406153935,0.34590781183759833,0.28015069397616393,0.2742220432481723,0.2737822771484773,2.1164627437397416,2.0715420232933024,-0.0458920076915861,0.1469758037106783,380,293,2.1647951249033213,0.005696829276061372,0.20356301963329315,1.624513341113925
383,1.33237995045493,1.0,0.8789118183848599,1667.0014942834164,0.6778548685930454,0.6472776731594725,0.6298737671136676,0.6308685664317304,0.48584513067241997,0.4807321082540964,0.4804957374730181,2.688785164001325,2.5350954324820836,-0.1579362993034867,0.44592785008406116,0.4405941715401738,0.4404866186327983,0.41605726608944293,0.41561455204642,0.41504246947779433,1.1960855422871535,1.2202044456826666,0.024410878382592614,0.254792655342702,447,494,1.218154389411211,0.0027251776049467807,0.08871355652809143,0.8399124946445227
384,1.396243335959489,1.0,0.8394975579417558,1063.0931826694298,0.572996475805321,0.34305415560027713,0.3311036466138302,0.33212341149593144,0.22156226718324873,0.2198294319185412,0.21852815973826156,3.4835633941049093,3.1863027822003915,-0.30798962576531885,0.4947517698291974,0.47738854984718576,0.4791981196846228,0.27957273564922025,0.27574390134123916,0.27492858417394594,3.5094811258595215,3.1437280456710996,-0.37905597819978526,0.21537839489959798,347,316,2.064527317881584,0.005949646449226467,0.19110079109668732,1.1365960408002138
385,0.8678915711888013,0.8678915711888013,0.6958798817589709,330.5062374397904,0.2943758863539828,0.08158871999668138,0.08006365403516946,0.0800888071822275,0.15919705443669557,0.15801677985086166,0.1574246777837432,1.8692117753213309,1.8383825785168517,-0.0314164365355888,0.13902998298380828,0.13672836954528655,0.13684211547677594,0.2117501885544086,0.21027113550489615,0.20983389011580428,1.6554799109698355,1.573665953254951,-0.08319117083577131,0.071760718716813,358,296,1.5815398190170527,0.004417708991667745,0.2227901965379715,0.5862493328750134
386,0.7806867546516406,0.7806867546516406,0.6945989126709855,648.5946665382797,0.4501554178889144,0.1828678706305837,0.18058445787678337,0.18041896087496706,0.20686130540680514,0.20604648266940112,0.20471213157771592,1.2486680934854453,1.3391689568933407,0.0916452078778749,0.2957147130674034,0.2908870501474855,0.2912547833238472,0.22569681757568927,0.22322092700585808,0.22208674621528385,1.6325406571222876,1.508186622604612,-0.12641785743821743,0.07047974962882764,385,348,1.3589220205321908,0.0035296675857978983,0.14767557382583618,0.7557860761880875
387,0.6262864259743788,0.6262864259743788,0.6252670584983366,892.118212642728,0.5296521428539711,0.13955414990246048,0.13814106515655813,0.137359696377884,0.18170232827647803,0.18211834500392093,0.1793004370089658,1.0125709245407646,1.5724745742855104,0.5656310654537,0.17167217154795145,0.1691185585722583,0.16892110709436836,0.19791680891020189,0.19768680841207553,0.19569668543368907,1.4874938393727217,1.6025104294872035,0.11675328808196606,0.0011478954561787713,456,423,2.614146623760462,0.0057327776836852236,0.34785693883895874,2.0729221645742655
388,0.984446610989715,0.984446610989715,0.8274283271654239,1025.7878959981829,0.5642344630733105,0.3734117359012161,0.36717880054838414,0.367335849446876,0.29091772487215645,0.2880176636972523,0.2874280918141953,1.669185714741667,1.6271278779377978,-0.04277177719881317,0.16017455998113198,0.15927351728757314,0.15894182757379838,0.20250271343716125,0.20172477359739432,0.20102591466061762,0.5625379546321088,0.7696181013257095,0.20825164121658837,0.20330916412326605,273,270,1.0617250446230173,0.00388910272755684,0.32211893796920776,0.6229922492057085
389,0.2981272144458081,0.2981272144458081,0.4723057559355829,690.5041915661626,0.4656967994462759,0.30922493569936105,0.31097330521306144,0.3089714283388682,0.21349926110164238,0.21643601901701165,0.2133276303463958,-0.5654037924678272,0.08198153875252556,0.6437455693573626,0.5547582650878963,0.5486830288787984,0.5502361786533824,0.2433564128539383,0.24373855315314483,0.24156029264744705,1.0951141409556693,0.8151453919839163,-0.28306867404988895,-0.15181340710657498,565,408,1.9089606795459986,0.0033786914682230064,0.19207525253295898,2.5378969917073846
390,0.7388419588552191,0.7388419588552191,0.7066174709452262,2028.195702166385,0.7191099843617647,0.34516639661438925,0.3390905106715943,0.33823620618033085,0.31432546603842515,0.3074249211835917,0.3072150155213297,1.760277362568053,2.007782478837483,0.2519399583230543,0.3272803299041719,0.3317621961289939,0.3277383453399539,0.33511699658776356,0.3334499571016034,0.33181192273161403,-1.3694273120948919,-0.13994590995313022,1.2128720016898684,0.08249830790306834,263,322,1.8828475717455149,0.007159116242378384,0.32812175154685974,0.34931324422359467
391,0.7966598701120415,0.7966598701120415,0.727860458584016,1194.587003137414,0.6012569283133873,0.6233955776597446,0.6189506395553361,0.6186763417639479,0.44705041319336575,0.4464288731514703,0.44483369586959437,0.7130204742701242,0.757021073763938,0.044316585824238176,0.6297209532460192,0.6226222804273915,0.6230554008218716,0.44832582959452033,0.44715450518667776,0.44617585114467034,1.127272767729285,1.0584930340635297,-0.0695639086642962,0.10374129554185818,496,418,1.0377300214022398,0.0020921976237948383,0.1576046496629715,2.021031784825027
392,0.6414831529781936,0.6414831529781936,0.6307826522696134,493.3423992170856,0.3837533454005711,0.0558395740320294,0.05496410195021297,0.054566782649037686,0.13317621694864032,0.13269158047425703,0.13102204946230284,1.5678344561050246,2.2793715837833,0.7228705410945894,0.050330984827727895,0.04923074536029574,0.04893941462617446,0.13206388582396086,0.13136815843343408,0.12995056330727767,2.1860082237572755,2.7648380144288454,0.5917658406127511,0.006663489227455521,394,378,1.0315519534051418,0.002618152166002898,0.09725116938352585,1.7502237278968096
393,0.9729973206616004,0.9729973206616004,0.7786252583651634,629.7419379399126,0.442865487416215,0.3024786878330812,0.2987426572120469,0.2988889846717507,0.19564044397388594,0.19566220439069903,0.19425263539792012,1.2351384647291115,1.186762342513015,-0.04898110670546583,0.2223668626014613,0.21023171961340273,0.21215850622919838,0.18574044303312603,0.18081657094035353,0.1805962974003762,5.457262312419216,4.590772317797604,-0.9165061387210446,0.15450609532300552,441,267,1.8433024771511555,0.00417982421122711,0.21568696200847626,0.5253490284085274
394,0.8130702639388209,0.8130702639388209,0.7022869850956636,558.9907720810485,0.4136933930660479,0.14645810142518143,0.14426309604997098,0.14418362457087242,0.16954445259954062,0.16996232427867583,0.16805600887878375,1.4987258156775787,1.5529880779390912,0.055087878518173525,0.24508995363635286,0.24169957460983552,0.24184028457904597,0.2106152731922828,0.21149184987048106,0.20942298833626935,1.3833202773981292,1.3259087160008693,-0.05821688740561185,0.0781678220535057,494,426,1.960052726790309,0.003967718070425726,0.3708164095878601,1.1513436916284263
395,1.2437224321243885,1.0,0.7805413669461809,564.6724151250182,0.416148386733445,0.12287317190373385,0.11760576845788885,0.11815514297039964,0.15431532902366657,0.15291840066524418,0.15171061912143283,4.286862106865606,3.8397551395764395,-0.4671322841681051,0.19867458178664563,0.19292780788243288,0.19349929803349325,0.18876091664932182,0.18771157455034085,0.18639549483341702,2.892556185362523,2.604904818025516,-0.29621968825179595,0.15642220390402306,504,350,2.0113361570984125,0.003990746343449232,0.23587630689144135,3.1957514770329
396,0.5884465849133965,0.5884465849133965,0.6002872081003822,1594.5419535769463,0.6680749245471833,0.721500104628891,0.7197311929504968,0.7180388519726524,0.34884339096527056,0.34837192521305804,0.3464128695729453,0.2451713682431227,0.479730028316346,0.2351351441232908,0.7065922356467661,0.7021367822044887,0.701255777057055,0.40044649600720955,0.39779878309530053,0.3968277754112129,0.6305551090862417,0.7552387813639748,0.12547486042073497,-0.0238319549417757,451,421,0.7785416152328253,0.0017262563530661315,0.12412893027067184,0.938313732855022
397,0.9436905618004844,0.9436905618004844,0.795228724758629,913.083070186803,0.5354345300652879,0.2936073122090404,0.28852595634432926,0.2886340114033284,0.32347005388345884,0.3206023443771084,0.31993385427685256,1.7306639356084426,1.6938613579797892,-0.03745072379906815,0.41353097319221793,0.4072399012606381,0.40726811503484045,0.4002599293149436,0.39683238053348074,0.3962739403769754,1.5213061026641956,1.5144834518758945,-0.006928047599223561,0.17110956171647118,453,358,2.0444806963205338,0.004513202420133628,0.32830244302749634,2.130603948608041
398,0.5739235723441993,0.5739235723441993,0.5952915583733718,1068.7984327618965,0.5743055170373458,0.12444867214959775,0.12345768531604316,0.12224391560318729,0.16386829485538557,0.16202011234027577,0.1601066430331533,0.7963016530729523,1.7716191810870898,0.9831463385602186,0.13054008433767325,0.13032513376399796,0.1292628147136041,0.16327005227631175,0.16168297713571214,0.1601358134243967,0.16466250559427556,0.9784501293604121,0.8151298369795537,-0.02882760466878609,382,448,2.238392767496407,0.005859666930618866,0.147227942943573,3.5904596019536257
399,0.7564733195742624,0.7564733195742624,0.7019978120640769,1132.577594531923,0.588411056082159,0.24152047971106513,0.23787714317502967,0.2374769903113928,0.25303941879587066,0.24936724624125794,0.24855652122848343,1.5085000412362735,1.6741807587123154,0.16821829045695208,0.34865990180325523,0.3442474189528068,0.34392064413774964,0.3273982641248088,0.323356260815109,0.322752990383914,1.265555008656643,1.3592780933495188,0.09492440525805668,0.07787864902191899,279,239,1.2757119294255972,0.004572444191489596,0.11245472729206085,0.18193566240370274
400,1.89969579558514,1.0,0.8385350707142523,1052.0336659232116,0.5704358578305038,0.6624815193300931,0.6440121346847145,0.6461010113369423,0.3204529871409048,0.3208956943026681,0.31970081950630297,2.78790941429657,2.4725984824021863,-0.3243536169159963,1.5709783164308648,1.5296955641000398,1.5337332953475338,0.4433663975827689,0.45069233629012795,0.44785690269902817,2.6278371826681908,2.3708170057972993,-0.26395652456961016,0.2144159076720944,250,235,1.590065099298954,0.006360260397195816,0.1531563699245453,0.6030611982569098
401,0.395312592777844,0.395312592777844,0.4717014808817701,1580.7238502208338,0.6661420691910952,0.2838958408211187,0.2859714213124623,0.2824045265270421,0.2620859443821176,0.2598642716004893,0.25843295850929865,-0.7311063400366654,0.5253033259533492,1.2472906450056938,0.35659417484352884,0.3540387239577858,0.353035029446008,0.32234986209354016,0.3181140096963883,0.31791356829698886,0.7166272098708185,0.9980940936801799,0.28349851128077813,-0.15241768216038776,339,252,1.5000226590782404,0.004424845602000709,0.1515398472547531,0.5144613347947598
402,0.8856810283582338,0.8856810283582338,0.7669121264077478,952.4778983175304,0.5459242431729732,0.23772514916804724,0.23311757522524676,0.23312377087602942,0.2409208477608711,0.24237407600676658,0.24040666883002335,1.9381937329413133,1.9355875085665062,-0.0026577364562401225,0.3134019479932653,0.3053400050978242,0.30612504585529177,0.27965801207346275,0.2778154851482008,0.2769833437851696,2.572397187401765,2.3219071178619233,-0.25710380047188314,0.1427929633655899,516,372,2.9007949102669954,0.005621695562532937,0.16720499098300934,0.7500534616410732
403,0.6156631792808552,0.6156631792808552,0.6198373229150205,812.669386883267,0.5063680640841021,0.3259449573441792,0.32476599982622895,0.32401325844472695,0.22696446678735,0.22828132432932385,0.22547318812658548,0.36170448150402357,0.5926457384682006,0.23177961421600898,0.36374464682970475,0.3543811588363015,0.356674378401745,0.2471193926399821,0.24478592894212345,0.2436667318322478,2.5741926582322954,1.94374501166745,-0.6471053858997015,-0.004281840127137393,426,252,1.7964773178100586,0.004217082905657414,0.3743841052055359,0.3190622627735138
404,0.4765607582616334,0.4765607582616334,0.5568324135443314,664.0765916446952,0.456000792350036,0.10685635249893738,0.10705158443457292,0.10593735581424629,0.1537029832338122,0.15382058006892213,0.15160783492197766,-0.1827050344409676,0.8600299965322378,1.0408333759951203,0.10924386043792257,0.1067636783616731,0.10688712952476039,0.15544830675954593,0.15375424299952678,0.15254710708304314,2.270317129317149,2.157312002445565,-0.11563030141120337,-0.06728674949782643,331,342,1.8415750600397587,0.005563670876253047,0.15459439158439636,0.4319276101887226
405,0.2473930699467448,0.2473930699467448,0.4742816191669617,523.1893670020756,0.3977360385208224,0.058364595523758826,0.060022247287692454,0.05833268720220729,0.14905805966433716,0.15051870018913954,0.14827605468876193,-2.8401666268017527,0.05467068051306958,2.8148897481078006,0.38963138828974564,0.37884386710701196,0.3830574105720621,0.24707806498701054,0.24557028874063627,0.24453846426827167,2.7686478828321825,1.6872300115602743,-1.1122110797850009,-0.14983754387519616,293,339,1.1819676700979471,0.004034019351870127,0.3004589378833771,0.9995357673615217
406,1.0955844252619016,1.0,0.821427827787165,875.3529863084,0.5249234473933473,0.34901392143593646,0.3424748560479701,0.3428373107782439,0.3701703189999356,0.3679019326023587,0.3673151920582431,1.8735829679982035,1.769731886991875,-0.10583396820904985,0.3262676745264684,0.32272665024809016,0.32266317350685436,0.35404440405761783,0.3534794965380641,0.352696766009702,1.085312629734929,1.1047680481510898,0.019668887334530673,0.1973086647450072,261,361,1.370522828772664,0.005251045320968061,0.1714322715997696,3.3055581245571375
407,0.5690540652462613,0.5690540652462613,0.598015128802457,714.0752250468544,0.4740577114101881,0.2944802144163861,0.2938617391356676,0.29303382971055053,0.21416513261820516,0.2161144083716856,0.2132800615467327,0.21002269437497958,0.4911653262349352,0.2817343379074082,0.5320996754390824,0.5255676145583167,0.5265328752218288,0.30244603692016275,0.3027641219211501,0.3005603036439646,1.227600989490468,1.0461950033440603,-0.18366060555753616,-0.02610403423970087,422,561,1.8857659734785557,0.004468639747579516,0.213669553399086,2.5955986473709345
408,1.2857305465666122,1.0,0.8483183843203714,1170.986789140498,0.5964635576869252,0.4753188094947856,0.46377857156264574,0.4645840762792027,0.4259495487447288,0.42342670892780476,0.4228724531761704,2.427894226278557,2.258428027915167,-0.17368303883529737,0.7568797845962338,0.7491395261153809,0.7488697092666159,0.56052836196104,0.5604668366786938,0.5595432457899747,1.022653615327042,1.058302189150291,0.03601690197340888,0.22419922127821357,375,570,1.3705475367605686,0.0036547934313615163,0.12228412926197052,6.551313668489456
409,0.2515505285816607,0.2515505285816607,0.4653389104116387,588.3872187494486,0.4261771870851205,0.07175971559255408,0.07359325579784716,0.0716948747859134,0.15151452252616537,0.15372941476961216,0.1504673328606562,-2.555110747238433,0.09035822690385548,2.5795584002268015,0.20669665415104593,0.20744057594349127,0.2059022001569083,0.23043046958091917,0.23149826404809015,0.22909317189930598,-0.3599099344403082,0.384357452422562,0.7415983009042751,-0.15878025263051915,491,521,1.54822345264256,0.003153204587866721,0.11654359102249146,5.30745261348784
410,0.6214913292425595,0.6214913292425595,0.6229216043763846,663.3275743724307,0.4557208549324121,0.12803177157114326,0.12702097801387668,0.12642499669109056,0.16002888972516072,0.1590255402902867,0.15728803561607038,0.7894865039065008,1.2549813693391472,0.4691991292343988,0.17180816593868486,0.16866956592616197,0.16863190343599208,0.21089567519290234,0.20833132963639306,0.20751678824158679,1.826804910799757,1.848726156489173,0.02232915580418695,-0.0011975586657733128,441,483,1.2172082401812077,0.002760109388166004,0.13441279530525208,2.016659155488014
411,0.6092753737680678,0.6092753737680678,0.6178180837289972,584.3460683242574,0.4244926411182142,0.06695839999312385,0.06615749397483625,0.0655982991071662,0.15070826464528625,0.1490154441872122,0.14778486006769134,1.1961247854934483,2.031262524339465,0.8452479591847024,0.05767333486540359,0.0563215291856179,0.056075296953694335,0.1456364091958614,0.14404098696866188,0.14303726583742812,2.3439006656030847,2.7708436063888264,0.437190245868608,-0.006301079313160707,505,500,2.037307900376618,0.004034273070052709,0.14842526614665985,1.539968278259039
412,0.8651753833989622,0.8651753833989622,0.7628329891940769,1073.7792816617855,0.5754418033544164,0.21833899567028428,0.21342080180029255,0.21336892488191203,0.24365733819361157,0.23835132931958336,0.23799004607086552,2.252549460939512,2.2763092653763044,0.02430733927663731,0.2900665633911534,0.28282076280291624,0.283257323708044,0.2669355978331347,0.2611260479860391,0.2608719557916647,2.497978568617791,2.347474870423842,-0.1543595670986852,0.13871382615191907,381,399,1.6814565677195787,0.004413271831284983,0.33443310856819153,0.46589546278119087
413,0.7544538154822195,0.7544538154822195,0.691174710474011,839.508747995155,0.5144874841530784,0.15748353153011477,0.15480421931786725,0.15450786896230942,0.19648336403545838,0.1957833833308445,0.19406462362342722,1.7013285047745854,1.889507136964558,0.19143558028565288,0.20283555724090266,0.19823717700110047,0.19854433063316707,0.22911816232754115,0.2263490962109,0.22559177842684583,2.2670483924772675,2.1156185168456494,-0.15494249701956403,0.06705554743185316,493,423,1.8390793707221746,0.0037303841191119163,0.1530744582414627,2.1591770946979523
414,0.5983633270779138,0.5983633270779138,0.6122834742562265,673.5976318268229,0.4595342508922047,0.13449096566487903,0.13365992382037908,0.13297930428074187,0.20397237965107842,0.2039340515029395,0.20219123890542362,0.6179164826362497,1.1239873077451767,0.5092173631281416,0.1332054397420898,0.13209102272054027,0.1315470698884939,0.21159951795866916,0.21157544122440602,0.21005320561775379,0.836615249127389,1.2449715693343981,0.41180151447322966,-0.011835688785931331,317,459,1.0187241286039352,0.0032136407842395433,0.1135597750544548,3.543177215382457
415,0.5375047346261156,0.5375047346261156,0.5860855801819154,620.230346070998,0.4391137083714574,0.0745688809804881,0.07427711930909967,0.07345429278380247,0.16995517278067154,0.16917470031933202,0.16758876807070386,0.3912646502832403,1.4947095652102813,1.1077792635886314,0.20510706183031646,0.2024150745692989,0.20242037755111186,0.22724888475378524,0.2251492692959694,0.2242363539153494,1.3124790716589936,1.3098936015315126,-0.0026198551784053547,-0.0380335828602425,375,294,1.4599797828122973,0.003893279420832793,0.1727362424135208,1.1879733707755804
416,0.537991742044969,0.537991742044969,0.5759753976969477,1004.1396939472388,0.5589830136302523,0.14044748830319426,0.13996899873579563,0.13863391868758504,0.19766543433426534,0.19700850001627773,0.1947081923210464,0.34068930187322133,1.2912794935101524,0.9538398218670386,0.2688498628421279,0.2631705838555013,0.2636746027073385,0.25340010064018625,0.25120421747220556,0.24951031692310002,2.112435143759612,1.924962906835625,-0.19151792896197994,-0.04814376534521014,371,418,2.2583838533610106,0.006087288014450163,0.19300663471221924,17.61546622402966
417,0.9447272688617684,0.9447272688617684,0.7591811515393139,576.6763092604917,0.4212681652320678,0.12363935219480952,0.12042261930254203,0.1205360779029797,0.16939607128762535,0.16707381305652394,0.1661733535272394,2.601706362226101,2.5099405947551583,-0.09421701761246579,0.13159328835497217,0.12797811687875835,0.12811459830484687,0.18844929475084135,0.1861107787619253,0.1852933715088825,2.747230897112255,2.6435163172923777,-0.10664434625008336,0.135061988497156,350,298,1.2458962574601173,0.003559703592743192,0.18122006952762604,0.10978412814438343
418,0.4293062346368227,0.4293062346368227,0.500150800836342,1386.2934138899968,0.6363456636095658,0.2416851195831295,0.24291432765715693,0.2401264359151403,0.2511469067074885,0.255440398796368,0.24998909390184865,-0.5085989886955522,0.6449233079296284,1.1476851813991757,0.42283849603517537,0.41352235376338237,0.4157627456317254,0.3188947838789282,0.31954279195142116,0.3161093899504119,2.203238910162524,1.6733931441429981,-0.5417825295183365,-0.12396836220581586,404,487,1.289880782365799,0.00319277421377673,0.2436836063861847,0.9263408537954092
419,0.7242562247500031,0.7242562247500031,0.6667683989654392,587.7413050692859,0.4259086016295594,0.0762464800345649,0.07459330114879731,0.07432522534414625,0.18201429807275274,0.1797097013825716,0.17911414371158654,2.16820354856795,2.519794605006927,0.3593832160830476,0.1834867619053453,0.18206757954979014,0.18173435430664905,0.22944804193056365,0.2286106792194363,0.22770995912794545,0.7734521775948439,0.955059417093126,0.18302283359018118,0.04264923592328129,336,318,1.2910318383947015,0.0038423566618889923,0.0893305242061615,2.341421177610755
420,0.4744895785983964,0.4744895785983964,0.5509529367827654,758.0679393571444,0.48898235286413,0.1970627902021301,0.1973053478052814,0.19602024846845625,0.18877645250649444,0.18891955865086965,0.18678001298212282,-0.12308645528792549,0.5290403797715956,0.6513251420297976,0.0799613063463824,0.07820019388366262,0.07829313388783056,0.13631456174095072,0.13475859923304578,0.13375089251326033,2.202455841692817,2.0862246188494344,-0.11884881552366616,-0.07316622625939251,372,311,2.1337451795116067,0.005735874138472061,0.1444678157567978,1.393092192709446
421,1.3158293341932663,1.0,0.7640190876076466,469.6685134323278,0.3721922237317449,0.178323084004357,0.17351712686752882,0.17412019560045985,0.18135519102751002,0.18147897148506512,0.18024753935023538,2.695084129831874,2.3568953101968915,-0.34755573920460586,0.4080103972022472,0.3942441231796044,0.3965349848290176,0.27018684914435165,0.2676615294230101,0.2667228051305791,3.3740007894502204,2.812529399230313,-0.5810769304402752,0.13989992456548872,304,396,1.8365589566528797,0.0060413123574107885,0.2261446863412857,2.19973598793149
422,0.540445128503083,0.540445128503083,0.5901522148996968,541.3636135620521,0.4059437115656091,0.06846359623791586,0.06818896849211249,0.06748035074536791,0.155361697096301,0.15654545442708093,0.15454331041806693,0.40112959425767253,1.4361581140597592,1.0391970466990483,0.18523910179536113,0.18418744860160133,0.1835343324985225,0.23400655620064106,0.2346409747291808,0.2329695295265008,0.5677274309619523,0.9203074730528216,0.35459316475550234,-0.03396694814246104,511,549,1.89283059630543,0.003704169464394188,0.13064713776111603,1.6252090316265821
423,0.7931823570208513,0.7931823570208513,0.7072562686166939,766.5150744142377,0.4917516558040042,0.1806971857375096,0.1778784934812285,0.1777083703368481,0.1701779353810935,0.17181408852980282,0.16961717823253372,1.5598982600513074,1.6540464581463905,0.09564008613460843,0.3216840799739555,0.3092378888251515,0.31168122538907966,0.23274099652449134,0.23090072580555915,0.22979464662024696,3.8690727715874673,3.1095273927406297,-0.7901155234278713,0.08313710557453602,336,255,2.8479835726320744,0.008476141585214507,0.1840493381023407,0.49916548654437065
424,0.9372058715617844,0.9372058715617844,0.7749456294210241,736.404236472088,0.4817402408809424,0.23261512096940595,0.2285768877761919,0.22868026812994116,0.19220980020519746,0.19098659130695453,0.1895796281758902,1.7360149144152908,1.6915722516518228,-0.04522782454300002,0.2425858088257603,0.23451544535401722,0.23544259595871528,0.20589541659621874,0.20151098559494934,0.200956505104082,3.3268077431271776,2.9446128368439366,-0.39534735262253595,0.1508264663788662,558,291,2.0682753613218665,0.003706586669035603,0.13316117227077484,0.8893689848482609
425,0.7312550861301201,0.7312550861301201,0.6591373268568977,384.68210790901975,0.3268573491077191,0.09716755322888346,0.09605176336839258,0.09589007303305187,0.15890884383122225,0.1577509251270004,0.15680254136770383,1.1483152795486937,1.314718909122277,0.16833666522140345,0.49852319197749806,0.49314190528551727,0.4935125951608903,0.3614539451163581,0.36001101142206143,0.35911872318265287,1.0794456062585123,1.0050880073868107,-0.07516900741956029,0.03501816381473988,443,560,1.2471835017204285,0.002815312644967107,0.16797758638858795,0.8023071875795722
426,1.350725103452591,1.0,0.8783650608658796,1655.947081146185,0.6764002652581019,0.9018978777556085,0.8842283544774614,0.8852680560356196,0.36487451815513533,0.3646021642534726,0.36329735219013387,1.959149002780454,1.8438697030058981,-0.11758292446668508,0.4510309382613361,0.44400995020023465,0.44407944077917205,0.2705978675140332,0.2732445196346799,0.27201026420424834,1.5566533169911652,1.5412462632743447,-0.015650680554808585,0.25424589782372176,340,293,1.2368544917553663,0.003637807328692254,0.16309754550457,0.7086389334872365
427,0.8185889823336988,0.8185889823336988,0.7147838425407415,691.9426726330701,0.4662146539184207,0.1813430062239488,0.178578038936328,0.17848198879907207,0.2488388235015706,0.24670379890817218,0.2459180711148399,1.5247168033633514,1.5776828036828376,0.05378608580766737,0.249502635880672,0.2466601357799185,0.24661546230420076,0.28214650585889134,0.28027352580936704,0.27951187063218796,1.1392665615416497,1.1571715730699061,0.01811134806055478,0.09066467949858359,339,361,1.7809312120079994,0.005253484401203538,0.2645516097545624,3.257852466776967
428,0.3140056127749256,0.3140056127749256,0.5018763152515829,515.4840609159946,0.3941873797040967,0.08379578192955933,0.08499833488503751,0.0835911344599447,0.14678123857328607,0.14684349470161154,0.14513391686061525,-1.4350996288680402,0.24422168383923978,1.6555623436577684,0.42645690812747394,0.4206025743151928,0.42168228446083306,0.31416808222361015,0.3119274440028896,0.310905198269392,1.3727843776729671,1.1196028427832818,-0.25670554855689404,-0.12224284779057493,338,401,1.9882355090230703,0.005882353576991332,0.15051209926605225,0.9730271100997925
429,0.6518593648975666,0.6518593648975666,0.6364876226548558,637.4459460322495,0.4458676860812542,0.11754125216567389,0.11632709733272956,0.11584352168449846,0.2025350697247631,0.201811871958129,0.20046584495939662,1.0329606079344702,1.444369912600968,0.41570335658589147,0.13221858900517888,0.12942902366938103,0.12960359878255343,0.2065794261119007,0.20471327134617615,0.20394445833947808,2.1098132696670895,1.9777780433907297,-0.13488096272621225,0.012368459612697946,449,406,1.918546075001359,0.004272931124724631,0.17651234567165375,0.4467875324189663
430,0.9525794803329004,0.9525794803329004,0.7980464620797463,891.6559405425244,0.5295230196213738,0.24499065834204709,0.23992913438300537,0.24005009613200562,0.22207718369861876,0.22167074037627688,0.22021155708271348,2.0660069217720958,2.0166328967301403,-0.05041561514041015,0.3659426452987706,0.35722850724589994,0.3579847505022199,0.25925332032704057,0.2573628104310801,0.25609961206451265,2.3812851999678952,2.1746289750005845,-0.21169734245184174,0.1739272990375884,339,353,2.4250833801925182,0.0071536382896534466,0.27081266045570374,0.15825763903558254
431,0.4191321847844511,0.4191321847844511,0.521939408925782,787.3939288590138,0.4984694880858091,0.1604161721221009,0.16121482286890024,0.1596008959519018,0.22082219129245378,0.22093358518009112,0.21921063503326732,-0.4978617406426049,0.5082256728944762,1.0011033032061085,0.2089603336603209,0.20819291914800855,0.20688207953942395,0.21819748148440304,0.21705358802144945,0.21526130335867344,0.3672536786622083,0.9945687224424625,0.6296273734711915,-0.10217975411637592,408,289,1.585494128987193,0.003886015022027434,0.11876854300498962,0.2625547405332327
432,0.3421422707904815,0.3421422707904815,0.5063445744831088,568.2287345366369,0.4176746102085921,0.0780676842908273,0.07919275073806731,0.07774661261643906,0.15335278198725708,0.1549024637539344,0.15259046976391785,-1.4411423336815878,0.41127347032883704,1.8260991165863139,0.11248443616776437,0.11286131692641428,0.11163110026153122,0.17508121405846092,0.17528831742444076,0.17345032479544514,-0.3350514715545356,0.7586257577541102,1.090025084223641,-0.1177745885590491,342,322,2.068963499739766,0.0060496008764320645,0.12233402580022812,0.2395470328629017
433,0.9192222871683304,0.9192222871683304,0.8162385061431566,1477.9274037654452,0.651024429747675,0.44369981629807614,0.43592864297784606,0.43596646444905074,0.39126831617975544,0.38602794880562347,0.38559124912586695,1.7514483970418042,1.742924284609161,-0.008676069309490617,0.5265337731642734,0.517283854594534,0.5172745588663875,0.41005574151755253,0.4031352734858214,0.4028812599152057,1.7567569339666198,1.7585223911168018,0.001797026538502469,0.19211934310099876,321,227,1.856892729178071,0.005784712551956607,0.1796773374080658,0.11919732391834259
434,0.5489603756932716,0.5489603756932716,0.5906168925711668,637.1506473403849,0.4457532066805965,0.1164154606266162,0.11602419112196294,0.11521823696013214,0.16100908747534937,0.1593830561618859,0.1580381804370785,0.33609754455913465,1.0284060725610675,0.6946432067633113,0.15506882870139235,0.1542291176118107,0.1535121590972583,0.19655606436981726,0.1952482568914216,0.19406201794136116,0.5415086298218108,1.0038572014570726,0.46486586038634914,-0.03350227047099108,333,377,1.254223644733429,0.003766437371571859,0.14090204238891602,0.33069704473018646
435,0.6339111493408507,0.6339111493408507,0.6297430192615223,1068.9165138116932,0.574332525374877,0.3706957514958165,0.3689003993119672,0.3680021029840259,0.23689090373588909,0.2354368654436434,0.23355143473362086,0.4843196008059883,0.7266467179408723,0.24350646668225628,0.5804402981771437,0.5872528448557927,0.5816056055914129,0.3439460452848053,0.34435425189350033,0.3408523108098069,-1.1736860276661623,-0.20076266550217986,0.9616367658068071,0.005623856219364454,500,357,2.7422621119767427,0.005484524223953485,0.3678876757621765,0.1471227239817381
436,0.2651357553223724,0.2651357553223724,0.4638493792744627,638.9617325235075,0.4464545723316502,0.17725132660903303,0.17913359212035956,0.1771278673203277,0.15729860909828813,0.1587592801018835,0.15547715419880648,-1.0619189979199892,0.06965210984155092,1.119681002480103,0.20277584336865354,0.19816110340178422,0.1995650462779553,0.18459196322986113,0.1828024863489463,0.18154610495853157,2.2757838854007653,1.5834218895891368,-0.7084855968552457,-0.16026978376769518,332,319,1.8902603778988123,0.005693555355116904,0.18140055239200592,0.7464810013771057
437,1.2441089807014307,1.0,0.8147477028116862,815.2206287997674,0.5071515252343358,0.32635327578943046,0.3187447443933968,0.3193825911019057,0.27801574077978114,0.2729884657445211,0.2728278498634848,2.3313788953486263,2.1359321951535692,-0.20011207078027338,0.43096218579238993,0.42256462185530547,0.42304085462155405,0.3384596827568848,0.3330298680373964,0.33286106033813917,1.948561663628157,1.8380571270473063,-0.1127005768153627,0.19062853976952832,273,226,1.4361684769392014,0.005260690391718686,0.22799524664878845,0.3681652005761862
438,0.5404602518645327,0.5404602518645327,0.5883817783829137,590.8033708646389,0.4271796531437795,0.1084127544610656,0.10811293440804033,0.10733900812287965,0.17652622012800118,0.17550320020890925,0.1743367584495808,0.27655422511467104,0.9904243679848275,0.7158498558921034,0.09795482420455999,0.09725919803190639,0.09677087111343118,0.1684962679955783,0.16738543542677994,0.16640861763803133,0.7101499883261714,1.208672569976088,0.5020881606642609,-0.03573738465924414,369,430,1.1602706369012594,0.0031443648696511096,0.08629494160413742,0.28604782931506634
439,0.1446557649830324,0.1446557649830324,0.2925925465630573,1775.3871686574291,0.6914534411200626,0.5594907591356579,0.5674035826770175,0.5595014478112791,0.373769412037113,0.38018811436223837,0.3735292284712935,-1.4142903009843966,-0.001910429340721141,1.3926832869923125,0.3466831222239585,0.3473939272677932,0.3455684377215129,0.27589528093547216,0.2777161850147747,0.2748605629111876,-0.20503018412750065,0.321528344182118,0.525481133374306,-0.3315266164791006,300,384,1.4930764641612768,0.004976921547204256,0.19152863323688507,1.5100991427898407
440,0.3210766117832078,0.3210766117832078,0.5115192428340929,468.40848297424446,0.3715647183548436,0.09470552825152141,0.09575671770620783,0.0945092365122038,0.14643740995450508,0.14680777458836328,0.1448115667444658,-1.1099557481952322,0.20726534442244135,1.3027610217712762,0.09946054843133825,0.09723142448004414,0.09747000271445115,0.15070889549134298,0.15028119078510688,0.1485969921057068,2.24121421654232,2.0013419876336775,-0.24537153053432523,-0.11259992020806497,445,512,1.1260013030841947,0.0025303400069307744,0.1752271056175232,1.5419816225767136
441,0.7231220979338555,0.7231220979338555,0.6588794753185064,428.65831153315605,0.3511038568136785,0.03686808301524298,0.03566846504205838,0.03547347449543706,0.11884606582128415,0.11715683976733571,0.11610130770896669,3.253811630750165,3.782698762041221,0.5466749028627979,0.10021394031063963,0.09723823042376646,0.09750568412666885,0.1676257819374434,0.1649442499558,0.16436120604193646,2.969357234781074,2.7024745016270377,-0.2750499487051754,0.03476031227634857,422,362,1.6458954270929098,0.003900226130551919,0.21487309038639069,0.5006906855851412
442,0.5113559728148619,0.5113559728148619,0.5652933709501264,864.0296232384206,0.5216754862420675,0.12005924579898355,0.11993617865929948,0.11865812540028463,0.16907331738172796,0.1685417021997408,0.16618754160888224,0.10250534131301052,1.1670241549283404,1.0656111219329365,0.17120892535003218,0.166550496862981,0.16711640143146309,0.19824181677550198,0.19529154728208864,0.19412683104791187,2.7209028253212466,2.3903683234983446,-0.3397795738475854,-0.058825792092031426,552,391,1.6221583532169461,0.0029386926688712792,0.08014844357967377,0.3574421927332878
443,0.0044623773946184,0.0044623773946184,0.2515264153901,1194.7463262487497,0.6012889010207474,0.2748658035645702,0.2822915731075892,0.27532300986777336,0.3193134729178488,0.3275218968379073,0.3194491324741871,-2.7015981787179877,-0.16633800832040127,2.4685693459081413,0.149529635908638,0.15101544545326984,0.1490571080922298,0.22173430344041192,0.2254897071988858,0.22140796219875006,-0.9936555623927741,0.31600947433383975,1.2967795149443988,-0.37259274765205785,405,538,1.5898488145321608,0.003925552628474471,0.13879363238811493,0.6821229960769415
444,0.8963115744963492,0.8963115744963492,0.7324556507429101,523.797530440056,0.398014357277498,0.092130275973777,0.08952658562652135,0.08957946427150366,0.14433451887882479,0.14365833174826878,0.1423849109173759,2.8260963290685615,2.768700815570522,-0.059064739945410255,0.18159418637073477,0.1803831967741641,0.1798350897231647,0.19026431751354406,0.18940536540542027,0.18805020877191797,0.666865840131233,0.9686965660777123,0.3038570447809557,0.10833648770075222,350,302,1.6556573547422886,0.004730449584977967,0.13932517170906067,0.51791712641716
445,0.9482718183667016,0.9482718183667016,0.7685547071048459,636.7009445664254,0.4455787780546734,0.15964331677079324,0.15606345661907003,0.15618173772821103,0.26820879568095607,0.26705337111899863,0.26656423340647734,2.242411536001201,2.168320674239151,-0.07579039430717466,0.33480256463988034,0.3280304393150305,0.32842170257907455,0.3798117356311654,0.3763827069050066,0.37636938057650215,2.022722057739925,1.9058581787356266,-0.1192765113082332,0.144435544062688,387,318,1.6692172419279814,0.004313222847359125,0.2057594209909439,0.1684871669858694
446,1.2858349670470666,1.0,0.8196342006601809,858.7699054582296,0.520151650188944,0.35126033819896524,0.3427959164104244,0.34352643053736165,0.4043757733435911,0.4013668844839156,0.40138316986258915,2.409728872875571,2.2017594418026363,-0.21310467597945956,0.26216833737909806,0.2565859498655115,0.2569228747728807,0.25459998575831305,0.25474442196949976,0.25379266384950516,2.1293141534152524,2.0007994324014575,-0.13131073916784974,0.19551503761802302,476,529,2.1975339632481337,0.004616667990017088,0.1775735765695572,0.32828707806766033
447,1.3138963335455505,1.0,0.8423329843659199,1096.458627355521,0.5805398942118358,0.5468242376486653,0.5356311353923808,0.5364826971088191,0.31021789962241175,0.3088281907578435,0.3081546872189347,2.0469286995058216,1.8912001019403593,-0.15898286342418835,0.3974285475825234,0.3883430617194488,0.3888416890634746,0.2803096237503156,0.27789694114472174,0.2771102458575061,2.286067751886399,2.160604358011241,-0.12839867456831391,0.218213821323762,477,408,2.5875370409339666,0.005424605955836408,0.1591285616159439,0.9297676961869001
448,0.7325267710906749,0.7325267710906749,0.6649272630072429,478.2485703620827,0.3764320668972025,0.10836082196412217,0.10696600965420563,0.10676514311111866,0.16515565596322507,0.16494460683717826,0.1633396850888079,1.2871924415434473,1.4725606765255317,0.18778539438492983,0.21178591787556214,0.2093607169181238,0.20925776078234357,0.22257173514378267,0.22149242579205494,0.22011034638510127,1.145119081460034,1.1937323872043417,0.04917643447910973,0.040808099965085054,379,447,1.2372562792152166,0.003264528441201099,0.1552780717611313,0.41352345049381256
449,1.1520927758360404,1.0,0.8732189466346683,1556.574229842072,0.6627094523056221,0.7522217754863665,0.7394906043754322,0.7400239723618127,0.36962863882280866,0.3687306467963129,0.3675199691105641,1.6924757466244065,1.621570063784313,-0.07212640474735475,1.013748811711357,1.009400941163337,1.0083095815126748,0.5693475948247592,0.5701161117231314,0.5689582951935109,0.4288903225129458,0.5365461479061927,0.10811953963548906,0.2490997835925104,252,329,1.7578519489616156,0.006975602972069903,0.3798656165599823,0.9004598092287779
450,0.640815492246598,0.640815492246598,0.6304763953605967,487.120401722094,0.3807562872411682,0.06444432418050226,0.06358397274622751,0.063190177332802,0.15414584700532716,0.15262830767555163,0.15166694977341727,1.3350305790545494,1.9460935678175875,0.6193312503407277,0.1303845362817716,0.12779274576778665,0.1279189903075308,0.18626661632860148,0.18416313051730984,0.18340865383340646,1.9878051400082277,1.8909803605180349,-0.0987885024190152,0.006357232318438877,236,179,1.2857900764793158,0.005448263035929304,0.3178892433643341,0.7584286583587527
451,0.8117132564944106,0.8117132564944106,0.7407777527622941,1302.8784672465429,0.621867072535675,0.36127523966136055,0.35618136436232045,0.3559328090816107,0.2677327170273255,0.2672687925607222,0.26535634436106237,1.4099707756930182,1.4787701987984474,0.0697833479173641,0.19399437468615344,0.19328415561024667,0.19219605871286644,0.22747838366053075,0.2290265779991113,0.2269258511200724,0.3661029228583388,0.9269938760834379,0.5629519367197175,0.11665858972013621,334,338,1.4417662434279919,0.004316665399485006,0.1517232358455658,0.9092140402644873
452,0.4008741722178036,0.4008741722178036,0.4861002204287514,1282.9720232641932,0.6182398185229502,0.22145747630061902,0.22305259550375298,0.2202229357739915,0.2416489282267065,0.24121237473019433,0.2391949970312002,-0.7202823900009834,0.5574616613763311,1.268606502143964,0.29836689856352433,0.29732434760110643,0.2960214267738144,0.2676238062883182,0.26609821784479903,0.26481986627707604,0.34941911030922634,0.7861032175493105,0.4382153152960302,-0.13801894261340647,322,361,1.591909198090434,0.004943817385374019,0.12916064262390137,1.4612099155783653
453,1.1985520342733795,1.0,0.8087311352771892,764.6565684942167,0.4911449429802588,0.2696166853128001,0.2629170013693657,0.26345666422108116,0.20339373510211783,0.2026875916220853,0.2015929902008708,2.4848921852375914,2.2847328920212333,-0.20525977738400913,0.2282562465213086,0.2232932307946819,0.22370560286438965,0.18026671533712335,0.18009021199679395,0.17907926013990688,2.174317593610028,1.993655694541589,-0.18467737165167797,0.18461197223503134,275,421,1.8298956640064716,0.006654166050932624,0.16720856726169586,2.4293216122314334
454,0.9202680473748344,0.9202680473748344,0.7751764470472621,824.8030204022548,0.5100721022315765,0.1363442394299436,0.13199647760406907,0.13207248588085818,0.1872603863891607,0.1844136170541817,0.18326071859975876,3.1888122622947197,3.1330649295823885,-0.057583564477454524,0.17841315574506234,0.1740647726464925,0.1740280812564665,0.21602694987869922,0.2137729041652997,0.21264822590305602,2.437254741899925,2.4578201480062134,0.021079158906284416,0.1510572840051042,397,584,1.4882463999092579,0.003748731485917526,0.16359935700893402,6.97364910505712
455,0.7162259150666705,0.7162259150666705,0.6692899279440807,762.4341323920102,0.4904175199870411,0.06827703483349563,0.06620927924004634,0.06583477179889781,0.1375056427983208,0.13558790723024886,0.13422701997216874,3.028478899957861,3.5769904779164325,0.565641924284854,0.13441931609854071,0.13088216577217643,0.1308826601119784,0.17844702649773478,0.17533092042286158,0.17434187857322958,2.6314300868569034,2.6310623273589906,-0.0003776983663628901,0.045170764901922844,420,396,1.9950371328741312,0.004750088411605074,0.16868415474891663,1.6625973656773567
456,0.4211961905083618,0.4211961905083618,0.5284991535917808,705.9727032014299,0.4712133291584416,0.17817438783565684,0.17887217704909986,0.17743991914830842,0.18566484501685762,0.18913697899690776,0.18547364957295462,-0.39163272674557414,0.4122190042408733,0.8007158656084805,0.18102530202698655,0.1805469522527187,0.1794805981956253,0.20572571558564193,0.20786223312271854,0.20500662957885202,0.264244704420684,0.8533082470045871,0.5906242358501623,-0.09562000945037707,452,574,1.4355729641392827,0.003176046380839121,0.16772429645061493,2.989556696265936
457,0.6142217802533633,0.6142217802533633,0.6206714938920436,423.48301042591686,0.3483414983219249,0.06239948005512142,0.06179277998290209,0.06139764168335415,0.16228612102069556,0.16131526443244382,0.1604485304977502,0.9722838582683585,1.6055235891104978,0.6394570687016816,0.10199736995555353,0.10084428273038082,0.1007059703169087,0.18841908252428133,0.18733975837121564,0.18658298287815114,1.1305068215731262,1.2661107234505866,0.13715444220265208,-0.0034476691501142964,479,481,1.5025596600025892,0.003136867766184946,0.18471308052539825,1.7568077705800533
458,0.4946670265375885,0.4946670265375885,0.5541000477452838,933.3395151422508,0.5408880624724384,0.12616985539023526,0.12623228609043688,0.12475826141812923,0.18487984528306636,0.1835597131677959,0.18148949414387522,-0.04948147083828143,1.1188044622386655,1.1677081339171864,0.24313748738097224,0.23804133967506325,0.23869833504353888,0.23402465253190927,0.2313840617958244,0.23002685173533635,2.095994229768377,1.825778651104365,-0.2760005339292997,-0.0700191152968741,406,372,2.199303412809968,0.005417003479827508,0.2426261454820633,4.687783187255263
459,0.8977918800348063,0.8977918800348063,0.750017147333208,674.946634353458,0.4600311849662097,0.18248069858678026,0.1791131452729805,0.17916136064656035,0.22108361569657636,0.2199253024474173,0.21878298150081738,1.8454298673118519,1.8190076900880385,-0.02691894752133818,0.27516988848570767,0.27015317934644284,0.27042978045096594,0.28145909634128213,0.2796975063913544,0.2788827239199214,1.8231315813195883,1.72261146044253,-0.10238676634946732,0.12589798429105015,483,433,2.033573874272406,0.004210297876340386,0.2562054395675659,2.367240134626627
460,1.6342999306824268,1.0,0.8223380356647012,883.8964381474588,0.5273449804645802,0.34779661722491956,0.3352213153420038,0.3366456167415281,0.2240504530061788,0.2231264401566208,0.22229780442816133,3.6157056337276994,3.2061842844722452,-0.42488390037823226,0.23718449969227173,0.22909468326970522,0.23001715387650168,0.19857116751815138,0.19609790931305543,0.19574109076167417,3.4107694360560705,3.0218441024051415,-0.40265910741824695,0.19821887262254334,402,321,1.9712286964058876,0.004903553971158925,0.2555483877658844,0.32676796428859234
461,0.5401666192229196,0.5401666192229196,0.5812657520053202,826.0447590799582,0.5104480351316953,0.14982186522320376,0.14940570747060677,0.1483190806542456,0.1933732032215146,0.19339775213111796,0.19104767397907707,0.2777683697749962,1.0030475636645728,0.7272994015807308,0.16125895480318722,0.15809537959379305,0.1583016500671133,0.21666717447522402,0.2153482726869314,0.21407454282215743,1.9617981607627557,1.8338855908394291,-0.13047217056579358,-0.04285341103683771,648,469,1.9946020534262061,0.0030780895886206886,0.33876270055770874,0.24870266392827034
462,0.554292605598641,0.554292605598641,0.5894026257835548,783.3505690662781,0.4971824264240077,0.10757866040417334,0.10704521991285551,0.1060753540925283,0.17744634907682233,0.17785696166837003,0.1758793181216052,0.4958608792056829,1.3974019624311298,0.9060337501448152,0.2771280139271579,0.27149335270786445,0.2720645647221915,0.2686528915068123,0.2663348500646194,0.2650516923276593,2.033234078159456,1.827115611017708,-0.21039631675316545,-0.03471653725860302,476,479,2.2455250648781657,0.004717489632096987,0.12789559364318848,5.3035187516361475
463,0.3632826822967407,0.3632826822967407,0.5059581016728745,656.1091089628917,0.4530081874728693,0.1677422889503848,0.16886738273798865,0.16728301738020152,0.18854861554207658,0.18860712530215845,0.18627528384786393,-0.6707275754038671,0.27379593604992314,0.9382305404978106,0.2661267617587974,0.2619623658857573,0.26252620727129516,0.23545337234673255,0.2323705812290408,0.23147469286189915,1.5648166480958823,1.352947168374439,-0.21523755278030357,-0.1181610613692834,410,488,1.7037598863244057,0.004155511917864404,0.15296122431755066,6.188622983172536
464,0.4668907603254517,0.4668907603254517,0.5274053718980507,1266.132041614599,0.6151165404787954,0.25215432068581706,0.2526801167577798,0.25045251138378105,0.19137670947067761,0.18938767395103576,0.18691309119713329,-0.20852153971927195,0.6749078490534577,0.8815910814756089,0.23331412056533218,0.23540513283474587,0.2321020826638456,0.21981124454722142,0.219041315130819,0.21641560952199962,-0.8962219107643628,0.5194875897565687,1.4031343034559087,-0.09671379114410716,338,342,0.9979131072759628,0.0029524056428282923,0.09288465976715088,0.3710832055658102
465,1.0216653441715624,1.0,0.7418790190630822,361.4305018904074,0.313290395365731,0.08030517435149527,0.07794031172904443,0.07811668181854933,0.1401040698593436,0.14019884244235942,0.1391165168794245,2.944844639898105,2.72521982626788,-0.22628866319914187,0.13798401213712083,0.1348107292700092,0.13504636086504954,0.1822012603873069,0.18155428318315042,0.18057642367629934,2.29974677353069,2.1289794568025906,-0.17478697453553238,0.11775985602092431,454,666,2.5076731629669666,0.005523509169530764,0.2602570354938507,6.258762862533331
466,0.4497972184112114,0.4497972184112114,0.5211441824261168,1143.423366447249,0.5907172549850072,0.23462399636311584,0.2353439822341934,0.23320972452638988,0.24635688951377763,0.243918277789798,0.24268327069692033,-0.30686795990094023,0.602782263812932,0.9068673384134749,0.29434442228108215,0.29295122620214353,0.2916854009576452,0.30064506665449076,0.2958902973442616,0.29592654544560376,0.47332171886994207,0.9033707188436931,0.43209419564772816,-0.10297498061604105,345,268,1.5856027333065867,0.004595949951613295,0.17509964108467102,0.4474021550267935
467,0.7295025619682871,0.7295025619682871,0.6753826753392547,750.4164088410108,0.4864477025743975,0.20727281164623393,0.20511268611477632,0.20478212988041788,0.22314879872717924,0.22208604113363178,0.2209003778132505,1.0421654023511973,1.2016442224304138,0.16115835671590764,0.16149317033245192,0.15894162027987754,0.15888905399451153,0.20205893581522716,0.20093401883186934,0.1998635511512836,1.5799739687577632,1.6125241287786476,0.03307270007279996,0.0512635122970968,274,293,1.0837783459573984,0.003955395423202184,0.13232111930847168,0.3659821515902877
468,1.209440144527243,1.0,0.7861046868513034,599.9648093993546,0.4309491410101161,0.19827408869221966,0.19293544830124615,0.19344470401055497,0.23085874002393914,0.22814302208893836,0.22776850799265425,2.69255575763138,2.4357114505069446,-0.2639513442411458,0.2699962749933238,0.26526611983282106,0.26522343810120924,0.2577457773737852,0.2568412445582663,0.2555021998484247,1.7519334889415414,1.7677417557825823,0.016090155666586784,0.16198552380914555,378,271,1.637033075094223,0.004330775330937098,0.17855629324913025,0.2780006304383278
469,0.805192657276451,0.805192657276451,0.6994395730476441,564.2485801787028,0.4159659608049994,0.19119543282304916,0.18903553261798692,0.18894081819882444,0.21664966793746204,0.2147319065460813,0.21383985482360307,1.1296819035741397,1.179219916990044,0.050104029570928445,0.3420344078659949,0.34199628378165225,0.3406224565493127,0.2843518016029124,0.28233450615903205,0.28089410310161284,0.011146271680832999,0.4128097303109308,0.40170823412123724,0.07532041000548628,303,307,1.3814974538981915,0.004559397537617794,0.17488259077072144,0.4282870702445507
470,1.5259606854505363,1.0,0.83455514398873,1007.6682427992844,0.5598475906612235,0.16120933533261866,0.14824239773116007,0.14951517152298702,0.1937498662835299,0.18679731108746078,0.18652591164540544,8.043540142823785,7.254023959284621,-0.8585760965193895,0.22518004771728573,0.21926755889811142,0.21939298173649074,0.22828921095925928,0.22427281094770057,0.22370324591641547,2.6256717143063466,2.569972801524876,-0.057200818492992585,0.21043598094657212,472,348,1.9922801107168198,0.004220932437959364,0.2571183443069458,1.4413207937031984
471,1.2681214848026323,1.0,0.8306263463799397,965.9177545137472,0.5493953482947659,0.20521866925399102,0.19591275188751595,0.19663671083988488,0.23573302022964293,0.23296970260054475,0.23229562287582967,4.534634884976037,4.18186047366119,-0.36953130686694363,0.24952855030302087,0.24308897404013596,0.24342338474491002,0.2423204834218384,0.23925949293953283,0.23874695888268097,2.5806971807694388,2.446680169742864,-0.13756720398138583,0.20650718333778184,387,337,1.9241388514637947,0.004971935016702312,0.2546580135822296,1.4058056939393282
472,0.1569865097363114,0.1569865097363114,0.3312097773873252,1331.9194922202696,0.6270368461334164,0.2706487459276329,0.2763790584122897,0.27069643247067854,0.2894179577421885,0.2890548035970005,0.2872521856785938,-2.11725070626746,-0.01761934749862312,2.056098596708471,0.2146052621346252,0.21612066159387636,0.2101772867330371,0.3050650544308822,0.3076245555914474,0.30144989476112777,-0.7061334117243276,2.0633116623255767,2.7500262200787486,-0.29290938565483265,593,622,1.195088079199195,0.0020153255973004974,0.1239786222577095,8.604657894000411
473,0.6888241286144251,0.6888241286144251,0.6516362464401608,586.2080736005652,0.4252700415591731,0.16366878375862295,0.1622804355160436,0.1619295419408129,0.22921815842781604,0.22920106132452922,0.2276264881892264,0.84826697595974,1.0626594625246684,0.21622666596553278,0.23716743508212357,0.23200036545203265,0.23268040396783568,0.2609652741111273,0.2595782569776703,0.25852141394031225,2.178658983389405,1.8919254714434848,-0.29311958818600864,0.02751708339800296,428,372,1.8779754666611552,0.004387793146404568,0.188136026263237,0.499403640627861
474,0.4591680602616008,0.4591680602616008,0.5489327471691479,663.5668837518488,0.4558103256395583,0.13376918899379256,0.1341090284856869,0.1329253417519241,0.1823463142131599,0.18183327792355464,0.18007128081492765,-0.2540491532097942,0.6308233220339017,0.882630160794224,0.24425567051966107,0.24267924836180804,0.2418455618726655,0.2654208407247043,0.2635666140923171,0.2623284825383892,0.6453983870667755,0.9867155353519473,0.3435343132015958,-0.07518641587301,368,320,1.6205541379749775,0.004403679722758091,0.1707376092672348,0.8846863657236099
475,0.6263484053269706,0.6263484053269706,0.6251751727714223,713.0740887870171,0.4737079215026635,0.300788842615429,0.2996588033068019,0.2990344603906275,0.32436693242784487,0.32633533824904,0.32399167985419364,0.37569189694708777,0.5832604060532125,0.2083512679369504,0.4600426953553349,0.4580439254684434,0.45729168454186214,0.4257809873308229,0.4256801422427356,0.42403504989477536,0.4344748665876805,0.5979903259517823,0.16422899306260888,0.001056009729264451,341,330,1.2046492397785187,0.003532695717825568,0.18222174048423767,0.47487478889524937
476,1.7367261727000245,1.0,0.8797784536867321,1684.7292327321052,0.6801604804164262,0.7374450259220362,0.7113118138004149,0.7133360958018834,0.4445420368333736,0.4365212296968667,0.43658257968581116,3.5437505445164104,3.269251167571322,-0.28458433589808535,0.800026364169025,0.7967794886627986,0.7960348509125826,0.44015233276097937,0.43757467521667454,0.4370631013207455,0.4058460635355256,0.498922714951805,0.09345593866448941,0.25565929064457427,301,284,1.1973503418266773,0.003977908112380988,0.16502989828586578,0.3162048999220133
477,0.9103506130571376,0.9103506130571376,0.8485205123339441,2875.2548960783797,0.7839856496553484,0.7494465223240117,0.7346479244750589,0.7345719381753052,0.46647132993162876,0.46229687083942167,0.4615335195120754,1.974603578526557,1.9847425674324048,0.010343226628999197,0.7054426024840783,0.6956695989179454,0.6954892553998402,0.4460012792218659,0.441590274136117,0.44096438435183855,1.385371897262675,1.4109364885519178,0.02592373137848219,0.22440134929178623,349,380,1.4233003593981266,0.004078224525496065,0.16258011758327484,0.1532808095216751
478,0.5189725844467415,0.5189725844467415,0.566519249126446,959.7378410974784,0.5478058790419152,0.17342294560151322,0.17319456025085905,0.17181548668810417,0.2482743916953895,0.24706769635657802,0.24577010413652234,0.13169269490955826,0.9269009402611732,0.7962568574656135,0.19857357208228288,0.1977501805829064,0.1967109626874716,0.2778320008854008,0.2759644885548251,0.2752998074547309,0.4146531135751049,0.9379946058680322,0.5255205797392942,-0.05759991391571184,375,343,1.170928055420518,0.0031224748144547143,0.11671528965234756,0.2932207603007555
479,0.4216100121851819,0.4216100121851819,0.5445341969891209,512.9139845157786,0.3929944188509519,0.10762939944274898,0.10813370559612345,0.10710622869948688,0.1706268072795809,0.17073385514533737,0.1690281775400596,-0.4685579925053192,0.48608535025820987,0.9501911462039128,0.21373006444355663,0.21168530103243977,0.21148306041790957,0.23322625920165221,0.23118045990913677,0.23065042317887038,0.956703689038967,1.0513280064258201,0.09553833617347125,-0.079584966053037,381,497,1.752802062779665,0.004600530348503057,0.14099356532096863,2.312598491087556
480,0.1118972324949013,0.1118972324949013,0.3969960636293367,631.1269289144473,0.443407604922662,0.23505476611759388,0.23812698801904247,0.23532691962916175,0.1866917403602261,0.18806011657282515,0.18536452136657558,-1.3070238703058743,-0.11578302200080251,1.175871921605464,0.3756929795491921,0.3707158706845869,0.37207460643812135,0.2729294509341952,0.27238979385303325,0.2704435867194786,1.324780907691553,0.9631197035974937,-0.36651674799498907,-0.22712309941282116,350,370,1.4936381448060274,0.004267537556588649,0.1432226598262787,5.292861458845437
481,0.7946836489953001,0.7946836489953001,0.724183131499716,1124.4399301312417,0.5866635595234512,0.46068344555204693,0.456527389189325,0.4562651744389037,0.3755906207367936,0.3732628048873493,0.37218319010921214,0.9021501429776003,0.9590687826537236,0.05743680590269619,0.357519730018393,0.35445658339220437,0.35408750027151104,0.2869992241196337,0.2861378941900541,0.28477457818861235,0.8567769465564965,0.9600112829312607,0.10412646794740103,0.10006396845755816,308,491,1.290713332593441,0.004190627703225458,0.13175438344478607,2.2499643294140697
482,0.742845782391972,0.742845782391972,0.6689156388263338,480.03526224200095,0.3773077682957377,0.05311335810558685,0.05165120504976086,0.051468582888518626,0.14851875473336523,0.1457019903795932,0.14522391607797303,2.7528913779454487,3.096726088752457,0.35356805531699925,0.28499628783723174,0.2810053941772622,0.2811703642391662,0.270005667043926,0.26765909588795306,0.26696355717524106,1.4003318044089101,1.3424468182022875,-0.05870708012099689,0.04479647578417589,414,485,0.9172743819653988,0.0022156386037811564,0.08850564062595367,0.6556526385247707
483,0.671547793539951,0.671547793539951,0.6469656624109126,736.2935158024429,0.4817027000140296,0.1217542927717777,0.12017003720242087,0.11967468397992459,0.177566146862451,0.17715184306160137,0.17523568696404954,1.3011907287133109,1.708037346782696,0.41221025975208425,0.2515280554368651,0.24866379628558874,0.24834686295214464,0.24935199598434607,0.2482333052623191,0.24698262894052483,1.1387434082856325,1.2647465823226731,0.127454554373529,0.022846499368754714,458,479,2.116096928715706,0.004620298970994991,0.23569945991039276,0.7114150859415531
484,0.7244524127779942,0.7244524127779942,0.670627067922946,684.527336428858,0.463534321904623,0.10848622736822017,0.10655912757550053,0.10624562067902557,0.1756966469950058,0.17361467430983166,0.17248258244225403,1.7763543257696175,2.0653374566981735,0.29420933110852027,0.13412627540971217,0.13245511618597405,0.13220766388586674,0.1827751600155361,0.1810697061258206,0.18001477127982074,1.245959614276374,1.4304516531042792,0.18681973730623813,0.04650790488078815,361,378,1.2465102346614003,0.0034529369381202223,0.08386847376823425,0.473831495270133
485,1.375173818694604,1.0,0.8234779903617092,894.7206253962564,0.5303777360214587,0.2955629200738184,0.2857415766763562,0.28665962196620737,0.24671502808872625,0.24470289634819825,0.2438364636298376,3.3229281247489637,3.0123190369710073,-0.3212851628137394,0.27059355945735086,0.25945691210396465,0.26069311465675604,0.2356796848396385,0.23267492880612387,0.23214835689956656,4.115636519849059,3.658788043754331,-0.47645774505172567,0.19935882731955135,412,352,2.0753033999353647,0.0050371441746004,0.1956084966659546,2.045926257967949
486,1.1189622373007648,1.0,0.8027168601456514,717.1941278408584,0.4751444594753964,0.11616341832594637,0.11059553650340789,0.1109817098680584,0.18712313789382884,0.18325635122711506,0.18272543197951602,4.7931456415266585,4.46070590256604,-0.34917626593240336,0.1726957126291758,0.16807188473664617,0.16823214689410332,0.19073405657392398,0.18934743561006034,0.18835848951837347,2.6774422028983627,2.5846418924463723,-0.0953533410470582,0.1785976971034935,222,216,0.9586365967988968,0.004318182868463499,0.09627030789852142,0.7234898265451193
487,0.4617030318341253,0.4617030318341253,0.5472258132106741,712.291573004398,0.47343419190914,0.07272507474904569,0.07306722064128142,0.07180551594366842,0.1609395020802792,0.16236982140908118,0.15959824852221247,-0.470464820306316,1.2644315712983607,1.7267725343040643,0.07130379073043161,0.07126208242646101,0.07027876560623683,0.16157762970605616,0.16263522341394868,0.1603222630215819,0.05849381013736132,1.4375464665966347,1.379859789024427,-0.07689334983148377,472,447,1.8524479530751705,0.003924677866684683,0.30849504470825195,0.30980783328413963
488,0.8163433299619736,0.8163433299619736,0.7011519791886589,529.793646405701,0.4007447002157356,0.06552408507853705,0.06342197934031867,0.06335399844158324,0.15236731282298707,0.15027973823784668,0.14947371611520374,3.2081420682162936,3.311891550034997,0.10718823260095212,0.0641193390228125,0.06293276078441945,0.06267146408913368,0.14989847588206634,0.14879001162482183,0.14784687881073155,1.850577776497175,2.25809397873501,0.4151997974168933,0.07703281614650104,457,563,1.2781902346760035,0.0027969151743457406,0.0639239028096199,1.7652259096503258
489,0.7014959678363427,0.7014959678363427,0.6650023573459088,887.5213932006623,0.5283649849912584,0.18636698868049595,0.18412396261564512,0.18363542469250174,0.2164403287214962,0.21522198704107728,0.2135798986822401,1.2035533120601256,1.4656908969415976,0.2653309847361861,0.227959238818541,0.2240024645732427,0.22417691271366308,0.2321349000673569,0.23046389419622912,0.2290889398078393,1.7357376107260816,1.6592115873350075,-0.0778777772613977,0.04088319430375098,478,327,2.8376794140785933,0.005936567811879902,0.22307230532169342,0.2862156964838505
490,1.0735322638555087,1.0,0.7833993688888797,582.5764600570214,0.4237518654471506,0.20198528092326776,0.19779445215538907,0.19808224068460067,0.2706133069921666,0.26959410386087784,0.26908214279204146,2.0748188921106285,1.9323389411478005,-0.14549878728929821,0.2775931527357057,0.2748898070233558,0.2746810775619794,0.29746527440452397,0.29508931951583506,0.294670585021192,0.9738517271438983,1.049044310000987,0.07593204842210305,0.15928020584672187,318,267,1.511295972391963,0.0047525030578363615,0.2434932440519333,0.13317293673753738
491,1.1746688669734486,1.0,0.8157549797597737,824.0086391810999,0.5098313025707913,0.25862868227339875,0.25165581232842776,0.2521638412565453,0.22312614454150967,0.22081139539896327,0.2201110188234953,2.6960930565310997,2.499661275008709,-0.2018745060632691,0.2507391854997871,0.24497562821260033,0.24542972163336746,0.21064686109772768,0.20815925429529247,0.2075844531160445,2.298626469452117,2.117524572729429,-0.18536269264020436,0.19163581671761587,325,472,1.7645367439836264,0.005429343827641927,0.16177870333194733,1.5231179231777787
492,1.0842638281552528,1.0,0.8751196603201246,1592.3236746421762,0.6677661444765759,0.7132597219571764,0.7015908336643724,0.701956728688278,0.492570754124929,0.48827727978088525,0.4879620174954414,1.635994285613759,1.5846952969506123,-0.052152195603034614,1.2675819972140414,1.2495989685111164,1.249943365383032,0.7211820804147983,0.7185595370904245,0.7179689668297367,1.4186876069910315,1.3915180138071106,-0.027560591885412686,0.2510004972779667,429,614,1.1293729962781072,0.002632571086895355,0.12104173004627228,1.5501258037984371
493,1.3455356061808037,1.0,0.8306413325951745,966.0733294776496,0.5494352178857675,0.2612434144284298,0.2509979624133913,0.2518808230190126,0.24548247630117012,0.24244321497223997,0.2418023348009003,3.921802981121791,3.583857388291092,-0.35174014845875645,0.4192390597662455,0.41028136481196503,0.4108320648328926,0.2611843579685928,0.25771454297387836,0.25707461033134427,2.1366556253787463,2.0052985850222,-0.13422496563545908,0.2065221695530166,444,353,2.6695083249360323,0.006012406137243316,0.27564358711242676,1.2911891788244247
494,0.704157603192848,0.704157603192848,0.6693133016906343,1027.5458092298406,0.5646554151153915,0.1716360695378931,0.16900485729648201,0.16844867854756143,0.21108304970640243,0.20955948927685786,0.20785134779549755,1.5330182335771627,1.85706361076275,0.32909039291390835,0.19066010166546185,0.18631649026651187,0.18655791957770163,0.2136751158316554,0.2116810907035977,0.21035462417394526,2.278196309037649,2.1515681843902725,-0.12958021635358696,0.045194138648476434,485,349,2.7296201195567846,0.005628082720735638,0.2682962715625763,0.9366566687822342
495,0.1856795534046293,0.1856795534046293,0.3594567874699598,1206.563456436334,0.6036461345064205,0.39330241850883096,0.39805918607446317,0.3932700451628332,0.2072786910496163,0.21296394921736336,0.2068886866494625,-1.209442744762933,0.008231158638815626,1.2031228217238228,0.134161431353303,0.1345186454201639,0.13316080505868655,0.15777495862475452,0.16142241668964255,0.15702541336289716,-0.2662568990637903,0.7458375216506006,1.0094068054552467,-0.26466237557219807,169,159,1.087871365249157,0.006437108670113355,0.30481070280075073,0.11558347335085273
496,0.8507508361259457,0.8507508361259457,0.6969261645534791,374.9712673090539,0.3212569563672764,0.04105568887682317,0.03940606157484826,0.039409322530259944,0.12209784560089428,0.12019917068763707,0.11957580480686145,4.018023682233625,4.01008092082614,-0.008275263452784697,0.035918922689462174,0.03519180966326576,0.0349644827409078,0.12094886310313414,0.12055096704810149,0.11966139416224467,2.0243174676553806,2.657206500334118,0.6459654235833494,0.07280700151132125,439,523,0.9344417992979288,0.002128569018901888,0.07159695029258728,1.6282519344240427
497,0.7611560427566192,0.7611560427566192,0.6931696806736508,804.6295488498931,0.50388273416157,0.18721247840307098,0.18457684388492576,0.18431230612404106,0.19022361547506428,0.1889694681636943,0.1871827128780674,1.4078305787238512,1.5491340661522608,0.14332120720929842,0.12179767775436072,0.11868010672497009,0.1187823337569987,0.17625328017223857,0.1751792927538418,0.17369295887615427,2.5596309280034775,2.4756990879935374,-0.08613661956465353,0.06905051763149295,384,352,2.5014671329408884,0.006514237325366897,0.16117505729198456,0.6918553449213505
498,0.6734261398053905,0.6734261398053905,0.6500356455788717,877.7836775645922,0.5256149177663506,0.1500913755178422,0.1481820007086885,0.14759791602609465,0.18920993310057302,0.18737626686729408,0.18607255248633905,1.2721415887928413,1.6612943169750292,0.39416709168484576,0.11384634867317991,0.11143779390250878,0.11129445522597098,0.19296492381963587,0.19103972379247525,0.19014785733179435,2.11561881320006,2.2415241919920397,0.12862662793127833,0.02591648253671386,370,408,1.4097542148083448,0.0038101465265090403,0.10485626757144928,0.6510616801679134
499,0.6178546814113977,0.6178546814113977,0.6216491070838196,515.7171617437881,0.3942953469940242,0.11300704692726635,0.11224470895571677,0.11177244479788626,0.15574991117824805,0.15579903940779413,0.1541287844530845,0.6745933039381474,1.0925001253901507,0.42074513999304153,0.10623136723304093,0.10548743777572482,0.10502694346630086,0.15537219828112428,0.15569071335035445,0.15411264827108886,0.7002917092125338,1.133774136689696,0.43653947724373976,-0.0024700559583382686,455,431,1.68774195574224,0.0037093229796532744,0.2675664722919464,0.4133865721523762
500,0.1254299015793453,0.1254299015793453,0.3291011739603369,1147.5445733777567,0.5915868094220443,0.2236367737418433,0.22902805263749093,0.22382208191743763,0.27995960881598686,0.29596461199402474,0.28304641775909495,-2.4107300447247106,-0.08286122737947006,2.2730712068243397,0.499938198443522,0.4941426632643877,0.4960527483713952,0.3462296289970868,0.3487129854022042,0.3455282492023273,1.1592503227754465,0.7771860770438321,-0.3865452730572033,-0.295017989081821,289,322,1.9584301672875881,0.006776574973313454,0.23568838834762573,0.25419488176703453
501,0.3676693729051929,0.3676693729051929,0.5720196478802132,201.9804321327472,0.2031567861066264,0.008990672090682744,0.009325914380029103,0.008872336236404831,0.06034855744468057,0.062171037758170525,0.0600856214428785,-3.728778960738416,1.3162069874681264,4.863631866442852,0.01051945012532986,0.01052333747672998,0.010182773640377814,0.06393279646321513,0.06510460162473654,0.0632409722616977,-0.03695394106921729,3.200514104262549,3.2362721152414604,-0.052099515161944665,256,272,1.461075883358717,0.005707327669369988,0.11729169636964798,0.6941362489014864
502,0.8385786479286251,0.8385786479286251,0.7045970526602525,475.8633707016082,0.3752591761595381,0.08192414961550457,0.0799033140665016,0.07987912403170572,0.17511333625012926,0.17336709097274322,0.1725086393603715,2.4667153195820455,2.4962426749582236,0.030274132028802955,0.5058678554054225,0.503412592949468,0.5028763276812931,0.42267060784374516,0.42138603578923833,0.4207213910618285,0.48535648780977686,0.5913654509104622,0.10652599392339637,0.08047788961809466,413,464,1.4364774897694588,0.0034781537282553483,0.1618238091468811,1.4235150143504143
503,2.099518824851624,1.0,0.8540938251878516,1248.6972618385705,0.6118286423084854,0.5175834537741134,0.49253184358884017,0.4952111501581911,0.3005157773462162,0.29883701355459474,0.2979335507290464,4.8401103247412545,4.3224534039463585,-0.5439864658959191,0.3191781416968949,0.3061797555794339,0.3074404989185132,0.2376927592624462,0.23652578457807363,0.23599775212695762,4.072454977134629,3.6774582106340628,-0.41176574091040685,0.22997466214569373,359,370,2.4199251141399145,0.006740738479498369,0.22862038016319275,1.0627680495381355
504,0.7192735022745693,0.7192735022745693,0.6723793942911445,815.30848318589,0.5071784601552691,0.23508982161895914,0.2328475034052533,0.23245580033768606,0.2657529225026857,0.26441173482076147,0.26317443058780493,0.9538133970513919,1.1204318686082368,0.16822300511656918,0.09359356322339298,0.09309720530072257,0.09263122095084014,0.19021152208875677,0.18980885636024486,0.1888863948791532,0.5303333964170951,1.0282141628221528,0.500535272113925,0.048260231248986596,317,214,0.7665648497641087,0.0024181856459435606,0.24059420824050903,0.9966596495360136
505,0.5348181045153233,0.5348181045153233,0.5860455336888576,588.8064487911346,0.4263513779275006,0.04071539401996752,0.04045825569374203,0.03966888983111915,0.12574750881372176,0.12754539821376876,0.12500405409355017,0.6315506270168724,2.5702911982999543,1.951062518854398,0.23994416774665256,0.23791500871974164,0.23767307046831562,0.1982084077783998,0.20122678024814025,0.19853295006826824,0.8456796620509769,0.9465107235842036,0.10169104199349342,-0.038073629353300276,324,276,1.351287281140685,0.0041706397566070525,0.1804099977016449,0.9574158322066069
506,0.6172295531473895,0.6172295531473895,0.6205163969346262,868.3760684242536,0.5229274461921782,0.24286260847951915,0.24158577551662955,0.24078794295945977,0.1762664509180063,0.17545365976090296,0.1737381974824042,0.525742917315855,0.8542548122365021,0.3302481511850693,0.468262442040368,0.46790547723594395,0.46595537740053666,0.26490767288199535,0.2620680331402207,0.26112843952932324,0.07623178208968323,0.49268624444418646,0.41677217521092047,-0.0036027661075316297,323,259,0.9099629949778318,0.00281722289466821,0.06449483335018158,1.3228523004800081
507,0.9452601780080206,0.9452601780080206,0.7077225588262657,278.83183721283444,0.2603323521070481,0.07471729053341952,0.07316008712342943,0.07325351312218413,0.1406487400151998,0.13896872931442814,0.13867903620240327,2.0841272466827276,1.9590879176496296,-0.12770077569355243,0.038416389190499375,0.03719425762784846,0.03726672103195419,0.12352412866917414,0.12147439550031912,0.12137282521840596,3.1812765030846637,2.9926502276000053,-0.1948241710609497,0.0836033957841078,367,349,1.1836662851274014,0.00322524873331717,0.2006056010723114,0.9082616046071053
508,0.2967510572553736,0.2967510572553736,0.3996669152762694,1727.7961482897445,0.6856264975063725,0.7281963977494589,0.732601032763734,0.7273569716280596,0.43385278464365945,0.43438778240687886,0.43177759659777126,-0.6048691023311781,0.11527468743234871,0.7158140517344402,0.3231445694369228,0.32344766475120446,0.3220923384446089,0.26252754589939437,0.2626880840564548,0.2612128167080258,-0.0937955772581211,0.3256223659111604,0.41902491633015426,-0.22445224776588846,309,282,1.720379987731576,0.005567572775830343,0.2381475418806076,1.658095184713602
509,0.5011709812114573,0.5011709812114573,0.562912934996997,785.3551381211241,0.4978213352470861,0.18705241799991965,0.1870408833306559,0.185834115335523,0.23149246357628633,0.23090030595580294,0.22907655383052064,0.006166543788672226,0.6513161804714958,0.6451894225710862,0.405635527085482,0.4006204926057875,0.4011438764687925,0.24782865511715102,0.24643898416487695,0.24472820657430694,1.2363400503224737,1.1073119381239351,-0.1306433077351341,-0.06120622804516085,331,511,1.302072698250413,0.003933754375378891,0.12318547070026398,2.3775146547704935
510,0.3054718738768163,0.3054718738768163,0.398845516568001,1911.3355115893585,0.7069686582435213,0.48215012162938986,0.4868135838441975,0.48113612193399863,0.4806470469933994,0.48970995860400285,0.48204818284215895,-0.9672220343008119,0.21030787920668711,1.1662496895353482,0.37719822770827205,0.3675710224883283,0.3719940509200184,0.37913708237837973,0.3763986457338916,0.3770231761722474,2.552293333517333,1.3796927996911437,-1.203312601126105,-0.22527364647415687,393,386,1.2140693860128522,0.00308923507891311,0.09956719726324081,0.4701734222471714
511,0.474163314314771,0.474163314314771,0.5452875240473334,878.0797139071989,0.5256989951631492,0.20433130676468753,0.20461585760723713,0.20312108258692319,0.24955253096544336,0.25002933457611437,0.24774847977372721,-0.1392595422870285,0.592285243473758,0.730527456568488,0.4006295515460487,0.39593601977740583,0.39622796517738956,0.23767888966532238,0.2373054824940824,0.2351290059624052,1.1715390815605788,1.098667422728349,-0.07373549902023549,-0.07883163899482448,299,515,1.1594416704028845,0.003877731339140082,0.12165753543376923,3.904251219704747
512,-0.0062978800553929,0.0,0.0185594787628422,25848.897269379595,0.9702629243550585,4.156350056737071,4.320498685691221,4.1564437909237695,0.942247579651781,0.9778025485838086,0.9420831755515863,-3.9493456208790656,-0.0022552043359950827,3.797128681250943,2.334507224263006,2.3013734272676207,2.333082443595259,0.6302308738402195,0.6290980854393297,0.6299338003325489,1.4193058239879854,0.06103132399587157,-1.3778301231749974,-0.6055596842793156,278,223,0.9831573627889156,0.003536537276219121,0.19927211105823517,0.2984496708959341
513,0.7987299222710337,0.7987299222710337,0.7094050081909817,756.4063952563198,0.4884340777479418,0.097913690748394,0.09507953933784521,0.09492522446425973,0.14559970424850865,0.14433874486312656,0.14265729398842114,2.8945404762972524,3.0521434349907643,0.16230082167011642,0.1719119426542938,0.1687526429481583,0.16852178232750267,0.18390384117162534,0.1819116341455717,0.1803171154465892,1.8377430080519066,1.9720330504370867,0.13680415110687125,0.08528584514882387,441,400,2.1986034540459514,0.004985495360648416,0.19325196743011475,0.8676713705062866
514,1.1729277315180722,1.0,0.8089538179140348,766.471268075352,0.4917373717900056,0.31718265897194664,0.3107134164009587,0.31120646316387907,0.2187015566102032,0.21730427916083206,0.2159987780891221,2.039595289337725,1.8841496024523023,-0.15868216076133018,0.2589029877701606,0.2482513039769224,0.24947533920468112,0.1969750785681004,0.19118387849039098,0.19071522582281084,4.114160243949802,3.6413826841769725,-0.4930629600529712,0.1848346548718769,421,349,2.5404524505138397,0.006034328861078004,0.2582709789276123,1.9111533667892218
515,0.6283006196563379,0.6283006196563379,0.6264857129977633,1033.0283116042706,0.5659630540181044,0.3276123043127625,0.32594992506706,0.3250548804630184,0.24096412222478372,0.2399825180964702,0.23850041329449342,0.5074227139269707,0.7806250913282576,0.274595738550166,0.38328723030617823,0.3845496553962523,0.38250359440346515,0.26234140914985454,0.2615094820148685,0.26013510490579667,-0.3293678970378476,0.20445134634072995,0.5320667861940533,0.002366549955605479,305,227,1.1012279894202948,0.003610583571869819,0.3777022063732147,0.23825696483254433
516,0.5826213042522748,0.5826213042522748,0.6009767907701665,998.8328496970169,0.5576762981716374,0.3252697407336682,0.32423466055139866,0.32314555056726857,0.29610245257729134,0.293487083162263,0.2924503478324222,0.3182220946636044,0.6530549572820348,0.3359017762869429,0.34371391159565157,0.3393072299592892,0.3393477467936817,0.31793833580011926,0.3135590675257293,0.31328797914403217,1.2820783470488208,1.2702903940374355,-0.011941046584050473,-0.02314237227199134,347,301,1.303616276010871,0.0037568192392244118,0.12036159634590149,0.5172071168199182
517,0.406168333995279,0.406168333995279,0.5223299158928187,694.2089785205662,0.4670284925938286,0.2246811492691823,0.22549816192483682,0.22402166814343527,0.3011206636387216,0.3028985112912102,0.30071619406124184,-0.3636320440375154,0.2935186720791342,0.6547697634421055,0.27670679446470475,0.27545018451793996,0.27468916708144303,0.34448720612852085,0.34501627232430754,0.34318453638106017,0.45413049910673003,0.7291571524887438,0.27628133117019565,-0.10178924714933912,394,361,1.0986803583800793,0.0027885288283758356,0.1082971915602684,1.245909129269421
518,0.4612413457408834,0.4612413457408834,0.5429105913240057,787.7604447965966,0.4985858299411085,0.10629560036701197,0.10667855911072659,0.1052775344423248,0.1613004209283313,0.16216500023509678,0.15924115474617748,-0.36027713507648496,0.9577686387508486,1.313314203042061,0.11364523311698362,0.11514596260441845,0.11308874473405947,0.16116232539581254,0.16265334386739302,0.15966590493199884,-1.320538878995497,0.48967155740822765,1.7866174582486305,-0.08120857171815221,460,389,2.136194033548236,0.004643900072930948,0.2944439649581909,2.556341113522649
519,0.2528960633199222,0.2528960633199222,0.4451037278772702,737.8543100212447,0.4822314001979789,0.17799119385924309,0.18027805298906716,0.17786619770145726,0.2097846637824295,0.21040781108668818,0.20843077518483707,-1.2848158834377714,0.07022603482545113,1.3378529707973739,0.16977030817567162,0.1648483804991403,0.1667068531428194,0.17866049222496297,0.17580876828406827,0.17560723884662874,2.899168723566377,1.8044704434901957,-1.1273830158669966,-0.17901543516488766,328,356,1.9160049837082624,0.005841478608866654,0.17252446711063385,1.1093923030421138
520,0.749589776170741,0.749589776170741,0.7272770544575302,3662.6949461861946,0.8221677478347496,1.793688578545725,1.7822224535733149,1.7807935527320295,0.6653142410172124,0.663925520879101,0.661419950853589,0.6392483683932806,0.7189110734122223,0.08017522382912508,0.47783853528796694,0.4689067498970097,0.46985404035187506,0.2891388955229528,0.2885010880438268,0.2873609264051866,1.8692057528542654,1.6709608678337473,-0.20202107456832713,0.10315789141537235,275,433,0.8366551175713539,0.0030423822457140144,0.12096380442380905,1.9510471383109689
521,0.6873963443711675,0.6873963443711675,0.6452058856960904,395.9548626183056,0.3332437098342312,0.04018248069948877,0.03925181024756902,0.03901357330625066,0.13026396329970952,0.12895734851313884,0.12800075932211333,2.3161099954975994,2.9089975852411323,0.6069451060110382,0.08644686149243959,0.08499217872801705,0.0846995779849431,0.17168097776612629,0.17120112038121849,0.1699773344864335,1.6827479208713212,2.021222606964516,0.34426784611593897,0.02108672265393252,355,521,1.1287865601480007,0.0031796804511211286,0.10186164081096649,0.3427445515990257
522,0.6699318278452557,0.6699318278452557,0.6507824717051474,1103.0893857157334,0.5820073723628173,0.48009864048529416,0.4777475217366567,0.4769963955907463,0.2666958272383823,0.2646867348470114,0.263314126457695,0.4897157688805177,0.6461682314726074,0.15722240550405628,0.19018842763323068,0.18500961620791606,0.1852978870788567,0.2406514243600175,0.23827985757442924,0.2374357087865569,2.7229897684951228,2.5714185743231255,-0.15581399326652837,0.026663308662989493,413,568,1.5110020469874144,0.0036586005980324804,0.15506170690059662,5.479544839821756
523,0.4451455819346036,0.4451455819346036,0.5464632685487204,607.2115212302097,0.4338958521859721,0.14786387407604834,0.14828164743847666,0.14714838794141144,0.19927828846673074,0.19873622399388527,0.19735575902693864,-0.2825391699215546,0.4838816371529101,0.7642614690637417,0.15468606662316398,0.15126478342905209,0.1518609801645418,0.20030187526832666,0.1974106721389937,0.1970167128955012,2.2117591253041526,1.8263354420307696,-0.39414113581126625,-0.07765589449343746,316,277,1.460625738836825,0.004622233350749446,0.208932027220726,0.4267191179096699
524,1.018226677475036,1.0,0.934069795181686,3724.422513285313,0.8245981217028402,3.1931292483762337,3.168920750676892,3.1690784147449502,0.38421604054832204,0.37406011467765937,0.37387955200902684,0.7581433702269333,0.7532057665224094,-0.00497532379200027,0.8588169007932654,0.8526353922657897,0.8526204455481142,0.24362955061662325,0.24115448092836714,0.24098400944412782,0.7197702469252875,0.7215106315941998,0.0017530022575904828,0.3099506321395281,102,73,0.2512926831841469,0.0024636537567073223,0.10409712046384811,0.6224814914166927
525,0.8402867653011837,0.8402867653011837,0.7114403482433825,536.9058267392676,0.4039513057862891,0.08186520121254796,0.07957363555114341,0.0795436449816279,0.14423116453948026,0.1420397107994075,0.14111015751806583,2.7991938301781265,2.835827917765167,0.03768907793113993,0.14297017297275585,0.13854833847684772,0.13903018612759102,0.1653979091542096,0.1634556296195477,0.16215846845736054,3.0928370610216374,2.755810364666503,-0.34778305971804907,0.08732118520122467,413,378,2.0143909715116024,0.004877459979446979,0.14351442456245422,1.6809607595205307
526,0.4512155445810411,0.4512155445810411,0.546636837400184,643.2920629332099,0.4481243731715098,0.27503297517210784,0.27542659664719227,0.2742483447371549,0.21772648461674643,0.21824235080805604,0.2162233466352913,-0.14311792061955833,0.2852859496072847,0.4277916237503469,0.5233324776081412,0.520170831911841,0.5194413695547019,0.31626825147670373,0.31604401954883476,0.3136653616617727,0.6041371081631092,0.7435250476376614,0.14023515206687714,-0.07748232564197388,329,359,1.333474412560463,0.004053113715989249,0.11124015599489212,1.9121409561485052
527,0.7127789854053588,0.7127789854053588,0.6603482968603908,547.4232408514802,0.4086307963692707,0.15350160621113398,0.15204063689325706,0.15176686027070385,0.19905457216206612,0.1997127083235636,0.19822759966074613,0.9517615834373964,1.130115823051437,0.18006805821618382,0.14934215865210926,0.14791132320590636,0.14760511670765708,0.19269309232794024,0.19384525683409407,0.1920925313738805,0.9580921148568725,1.1631289919269185,0.20702032245564492,0.036229133818232895,349,308,1.1351904459297657,0.0032526946874778385,0.13023218512535095,0.4959085173904896
528,0.446192784506058,0.446192784506058,0.5491249956537173,577.2009367914044,0.4214898769112237,0.15345493977100358,0.15384448391094488,0.15277263045944903,0.17507635458486434,0.17532121583756322,0.17332832090779282,-0.2538492019368069,0.4446317026827176,0.6967123059909709,0.17938047844343527,0.1773072021829221,0.17729076439747535,0.20555198293886306,0.20350573676304382,0.20266830973599217,1.1557981551303274,1.1649617974560595,0.00927079399165361,-0.07499416738844056,318,449,1.5187832117080688,0.004776047835559965,0.16122600436210632,2.8775001745671034
529,0.7656851521461352,0.7656851521461352,0.6993269774031493,897.8822322921336,0.5312562348980079,0.38155492475346175,0.37856282690206894,0.37827846576697566,0.3210909208201585,0.3212896204589517,0.3193117807209063,0.784185357671935,0.8587122780824153,0.07511596883939228,0.39016446909995556,0.38820491680075914,0.3875569218368967,0.3270731412204541,0.3267960188659698,0.3250413808316847,0.5022375060744977,0.6683200213166559,0.16692085437830606,0.07520781436099144,291,345,1.3712631091475487,0.004712244361331782,0.14876697957515717,0.5684286132454872
530,0.4542593855146202,0.4542593855146202,0.5386271255109397,802.7865614689725,0.5033094872466682,0.37871441421708646,0.37917497952190027,0.37771136562751007,0.28012046920110945,0.28062099345575575,0.2787482188417738,-0.1216128268489417,0.2648561955715335,0.3859995973984534,0.14378106639713698,0.14547279802247154,0.1438729469265342,0.22580143869122932,0.22782570232711796,0.22562435137194792,-1.1766025024893334,-0.06390307966102723,1.0997596235759444,-0.08549203753121815,357,248,1.1739785354584455,0.003288455281396206,0.21539805829524994,0.28043963480740786
531,0.5186114328717554,0.5186114328717554,0.5679691746676631,901.2499022701824,0.53218838357918,0.1923582050427269,0.19214782033400754,0.19085181710837812,0.26212277924895244,0.2621939084625644,0.2604658772386427,0.1093713203825321,0.7831160277328381,0.6744823976543682,0.31826960202736604,0.3154121460794221,0.31464499467673857,0.33644297971404447,0.3334836238170606,0.3327875683519431,0.8978098849975183,1.1388481110162119,0.24322189624566556,-0.05614998837449481,386,423,1.4255092730745673,0.003693029204856392,0.15640412271022797,0.48701184429228306
532,0.7337882259796444,0.7337882259796444,0.6823485063743884,896.7969892470346,0.5309550548947639,0.3125114373509913,0.3098817391624007,0.30949804786473484,0.3452723827624616,0.34404336515194583,0.34284457771252386,0.8414726228522336,0.9642493445358372,0.12381862148539623,0.3036509140024972,0.3015516036827953,0.3007824349675376,0.3544836584176916,0.354337512873314,0.3526862283759532,0.6913564961917527,0.944663395591174,0.2550703447980412,0.05822934333223051,403,336,1.665237158536911,0.004132102130364543,0.2074010819196701,0.3734706062823534
533,0.786783693522481,0.786783693522481,0.7022587389686825,732.3807920940745,0.4803725538431188,0.17576445316534164,0.1731300603720738,0.17295407180028594,0.1968295285779742,0.19493025649657297,0.19381624260810448,1.4988200092937334,1.5989475200722085,0.10165107746721631,0.15519439208226446,0.1519286626150998,0.1520356035622478,0.1929696784997733,0.191729867221701,0.19047798713167596,2.104283166000989,2.03537542667281,-0.07038892155519452,0.07813957592652465,368,408,2.094223827123642,0.005690825617183809,0.19280266761779785,2.576090520247817
534,0.2590296894605643,0.2590296894605643,0.4633051289698401,623.6754292246675,0.4404784188782633,0.13117162167522722,0.1330566214476545,0.13107240087820352,0.17936807671632854,0.1798335545668099,0.1776460805308339,-1.4370484624291902,0.07564196870979649,1.4912602979563874,0.160835594270726,0.15780750840777977,0.1584183083006605,0.19624555288532244,0.19390237986035128,0.1933849946175293,1.8827212201853853,1.5029546046857032,-0.3870537587491781,-0.16081403407231776,423,390,1.311950046569109,0.003101536753118461,0.14072540402412415,1.2169404178857803
535,0.57456104376427,0.57456104376427,0.6005430940013967,718.8674479824722,0.4757256607855253,0.10496756109948892,0.1042952815082571,0.10348233934046637,0.1582485023068305,0.15639874581147198,0.15512449730540043,0.6404641435791963,1.4149340457809108,0.7794620773197449,0.11981965290770823,0.11805103415189169,0.11779041887421736,0.16877561235908958,0.16719598510525954,0.1659392434331637,1.476067333610808,1.6935736202256375,0.22076492556516708,-0.02357606904076115,352,393,2.1811505164951086,0.006196450330952013,0.23079083859920502,1.0465177595615387
536,0.1610051294281442,0.1610051294281442,0.4093156944125461,685.3255663518415,0.4638241405757994,0.2345106280444892,0.2374245585540345,0.23466421550111208,0.21317051221185288,0.21540575892946046,0.21238914048891905,-1.2425579743842141,-0.0654927488376995,1.1626190103220513,1.2349823210517927,1.2069997731194264,1.2192825257421258,0.4128281228175559,0.4125909509605933,0.4088225335540336,2.2658257900027694,1.2712566845730986,-1.0176267548878888,-0.21480346862961175,290,332,1.329088132828474,0.004583062526994738,0.14027298986911774,1.650292543694377
537,1.406913801918045,1.0,0.8488441354225033,1177.8152570213315,0.5978622751804449,0.4970593240024009,0.4836615601966827,0.48473897065089167,0.42975170973796956,0.42879260024757765,0.42792267293300046,2.6954053890061322,2.4786484744524593,-0.2227612328279337,0.3771198209938264,0.373960367658959,0.3735967689944918,0.3532841161241936,0.3575668771378304,0.3559502104933171,0.8377850112840163,0.9341996371472313,0.09722919750651636,0.2247249723803454,321,449,1.161869527772069,0.003619531239165324,0.1883782297372818,0.7581543624401093
538,0.9137355359685082,0.9137355359685082,0.7552023360321065,655.0546912502627,0.4526096769511133,0.13256264715177782,0.1291633469840436,0.12923602355417135,0.15455837243773718,0.15262542816038016,0.15141494258867344,2.564297138576431,2.509472818385742,-0.056267177821524336,0.23021315384290839,0.2232898953583602,0.2238493685917005,0.20038869860734337,0.19666532707405315,0.19558244492821839,3.007325328279222,2.764301320310474,-0.2505591363381635,0.13108317298994865,436,431,1.8131936565041542,0.004158701047027876,0.17832432687282562,1.936840821057558
539,0.6573163996495005,0.6573163996495005,0.6474431803142766,1871.524044053103,0.7025891205342029,0.613170149750128,0.6094773263447006,0.6081001786174434,0.3741191392729254,0.36997138230030985,0.3690773667386545,0.6022510076415447,0.8268457188841708,0.22595553070310728,0.8060367464319739,0.8067255744048172,0.8023713260397399,0.435506861531769,0.4319010829866152,0.43026984136842344,-0.0854586314944691,0.45474606566752707,0.5397434398047578,0.023324017272118747,374,390,1.1112303845584393,0.0029712042367872706,0.09266497194766998,0.3134563975036144
540,1.4126710484142355,1.0,0.8295138950992675,954.4455420166016,0.5464357633111959,0.24599596933128948,0.2350701363305045,0.23608634687776214,0.2060033719427049,0.2020573141206869,0.20145807339577917,4.44146830148703,4.028367814507471,-0.4323009988086582,0.48838950649912216,0.4804982987418976,0.4802791673836648,0.34330263148878437,0.3391673553246759,0.33842203503612783,1.6157611193963595,1.6606292738748607,0.045605022703841765,0.20539473205710967,387,427,1.7233450841158628,0.004453088072650808,0.1537383794784546,0.2817155122756958
541,1.0779604785758672,1.0,0.8265948360128635,925.0424571335336,0.5386698470968204,0.2851335398343021,0.27842776543599923,0.2787590559542701,0.28272186096770746,0.2804681092030388,0.279980249680818,2.351801335682843,2.2356134896429225,-0.1189861642397898,0.36560330736068597,0.3603970555611371,0.36026933506892095,0.3344995433636468,0.3325571338122961,0.331924125813478,1.4240166034418935,1.4589507765318956,0.035438827883123004,0.20247567297070568,373,415,1.404301330447197,0.00376488292345093,0.11417946964502335,2.2600513054057956
542,0.4383269722026118,0.4383269722026118,0.4930185686302554,1899.0434523833444,0.7056302733688283,0.46721211888730774,0.4686811104539754,0.4649595609999327,0.36458654141802416,0.36793484139336335,0.3637375582040571,-0.3144164090105742,0.482127452673883,0.7940472468450797,0.646852900396864,0.6425040158114887,0.6404228930510965,0.41632722727625227,0.41565513944463217,0.4129281184197866,0.6723143055719666,0.9940447575983026,0.3239081327396557,-0.13110059441190247,325,392,1.2573565058410168,0.00386878924874159,0.19325682520866394,3.9384969915263355
543,0.3846600372248226,0.3846600372248226,0.5217526698366736,591.5542122470235,0.4274904656737606,0.1342567338961493,0.13511251656748274,0.1337775393909545,0.20076732815563353,0.20034549530061643,0.1991199960975763,-0.6374225310705088,0.3569240002259304,0.9880484876184578,0.19251209749740292,0.19015437154227274,0.19004430212120338,0.23045727149063686,0.22860436031166556,0.22777058786932794,1.2247157377535618,1.2818910646552124,0.05788424435190804,-0.1023664932054843,431,256,1.4367999006062746,0.0033336424608034214,0.14977258443832397,0.22922419011592865
544,0.0249406557630271,0.0249406557630271,0.2999090588158564,934.1026326709016,0.541091010921836,0.24469756778885352,0.2502634189845021,0.24513683776701856,0.21781903088008922,0.22800022897984634,0.21917081077279596,-2.2745837835426688,-0.17951546561512277,2.0484740591676407,0.3380468124078521,0.33491103300468156,0.33559505917840565,0.252830805338828,0.2556644918388573,0.25164686617576326,0.9276169122361824,0.7252703292727495,-0.20424115849134575,-0.3242101042263015,447,328,2.060420436784625,0.004609441693030481,0.15586456656455994,0.43866420444101095
545,-0.4184583871165435,0.0,0.0667571173174688,6614.403098376546,0.8930378663714263,0.5835227628618856,0.6597200085155279,0.5860251765261132,0.35627552849899397,0.3904610772188676,0.3569546499329661,-13.058144515208475,-0.4288459377239137,11.170622542620697,0.9593813926859459,0.9325853249449619,0.9566265361940722,0.3305558796902891,0.329933683595775,0.3298210185003953,2.7930568536423226,0.28714925189042984,-2.577910096379559,-0.5573620457246891,281,279,1.2787824887782335,0.004550827362200119,0.1940818578004837,0.48205406591296196
546,-0.0661306896587879,0.0,0.3015850371443659,847.2600386741848,0.5167829238340587,0.20092856601420372,0.20694476998288408,0.2016237850626571,0.20667486643774446,0.2081671643952945,0.20548239907135987,-2.9942004205888115,-0.34600309067264823,2.571210144942085,0.3757269370848487,0.37754136132724647,0.3743321556379635,0.25618888225981845,0.25383699551606625,0.253274750852319,-0.4829103434731927,0.37122210552878987,0.8500275779059003,-0.32253412589779196,327,180,1.130633994936943,0.0034575963147918747,0.1452673226594925,1.0304774846881628
547,0.5614904363663286,0.5614904363663286,0.5852417204874854,1296.765462406201,0.6207605458099896,0.2673284053332341,0.2663282714511834,0.2647690681508743,0.2490332566464737,0.251069437769304,0.247315376934144,0.3741218150027951,0.9573756964470298,0.5854441557455377,0.25012878844658804,0.24660247052023196,0.24653055994520753,0.244785160955775,0.24572628990052614,0.24304365298110597,1.409800906267564,1.4385503259049526,0.029160524982869376,-0.038877442554672514,491,398,2.96610551699996,0.006040948099796253,0.2935602366924286,0.5679358001798391
548,0.7644713163913316,0.7644713163913316,0.6980946024661241,882.9226275561259,0.5270702134503571,0.4154439803303456,0.4125151760259423,0.4122324083786722,0.2319421887190158,0.231373357124102,0.22985435707526092,0.7049817648276938,0.7730457302858627,0.0685472107945685,0.07380619948774376,0.07436568660952644,0.07366986877837256,0.15394004977630202,0.15461714641446067,0.15327427989246273,-0.7580489520742588,0.18471444176426352,0.9356705530165133,0.07397543942396623,195,191,0.9957057889550924,0.0051061835331030385,0.13750684261322021,0.5784758282825351
549,0.5709926326647349,0.5709926326647349,0.6063406961226401,398.4552227300507,0.3346438548351542,0.04481519332622478,0.04446039469512129,0.044003611931765906,0.10659972244480995,0.10670476312019556,0.10499666051347208,0.791692738042642,1.8109514524485069,1.0273925062691924,0.08210398354199004,0.08119168586448405,0.08081602040952514,0.13346099236341527,0.13236648150395613,0.13094130907792836,1.1111491040375845,1.56869749420405,0.46268956107886855,-0.017778466919517788,509,494,2.2452120259404182,0.004411025591238542,0.20393739640712738,0.644530275836587
550,0.7986672261059863,0.7986672261059863,0.7023830468251361,643.9576464556768,0.4483801332951992,0.06480988286909972,0.06239756794841119,0.06227130836505167,0.1497899984478093,0.14822445391664435,0.1470520306899727,3.7221405345860963,3.9169558586849496,0.20234696240711234,0.06810909925041171,0.06623711832452578,0.066093616996097,0.14726204564357873,0.14683377541332102,0.14564168123647517,2.74850342536958,2.9591967541730835,0.216647903862146,0.07826388378297822,539,493,1.3755111480131745,0.00255196873471832,0.08015839010477066,1.5744605958461761
551,1.9765016460911315,1.0,0.8375072803426407,1040.368431856171,0.5677015062207491,0.49900357323337535,0.47973674473928435,0.4819795544037004,0.3279416637374598,0.3261410202335745,0.3255758864247012,3.8610602263323357,3.411602590210938,-0.46750841769164503,0.30252564744533433,0.29919510073535094,0.29862704986158545,0.24546258767703033,0.24926065789908833,0.2471963463148755,1.1009138359369075,1.2886833287261548,0.1898596843228235,0.2133881173004828,356,332,2.5117478109896183,0.007055471379184321,0.19533483684062958,1.6295331316068769
552,1.1409692063389405,1.0,0.8525304051933374,1227.060088217699,0.6076692922145367,0.23341936429231172,0.2235544770397143,0.22404177836283742,0.21610167777526235,0.21219315894999613,0.21118993500735128,4.226250586580986,4.0174841354339055,-0.21797878064261098,0.36215650972169183,0.3545907754286388,0.3546629838958927,0.24591144490359246,0.24180206224845677,0.24082939197127146,2.0890786414048153,2.0691401713468407,-0.020363887686186206,0.22841124215117958,281,453,2.158946417272091,0.007683083335487868,0.12606686353683472,1.4298344068229198
553,1.0144180163304342,1.0,0.8484375883559788,1172.530861086085,0.5967806902031026,0.3362514691280465,0.3286861094094267,0.3288871610919154,0.24311283479374876,0.24203221624082363,0.24085325622207876,2.2499112757002813,2.190119215011285,-0.061168293010595405,0.46078380373447664,0.4535793103843522,0.45381253372795655,0.27536901759965426,0.27286305007022577,0.2720574651406712,1.563530074567465,1.5129155907869618,-0.05141842634020145,0.22431842531382096,471,375,2.3697900976985693,0.005031401481313311,0.34635528922080994,0.5082274843007326
554,1.5406329035250206,1.0,0.8856024728027465,1810.8320740586623,0.6956548034661206,0.32897288630684696,0.3053373826064669,0.30689070949907377,0.23688465426140243,0.23249449675217987,0.2315681684549249,7.184635781300893,6.712461034608247,-0.5087247684338879,0.2564044287089227,0.24394018374518434,0.24450570423904783,0.2174473528991603,0.21743483768407873,0.2163856147177818,4.861166020610405,4.640608015153531,-0.23182752639648108,0.26148330976058864,509,539,2.70594016648829,0.0053161889321970334,0.17566148936748505,1.4544835574924946
555,0.956863435232896,0.956863435232896,0.8961643945869766,3550.6685430060097,0.8175805093614803,0.6716076433121689,0.6512613330079959,0.6513019400455592,0.4283837575158858,0.42952310028821267,0.4279346551710726,3.0294935602327357,3.023447316124644,-0.006235137187663737,0.47141128216274186,0.46809522713881146,0.4674902022022948,0.3327680751872518,0.33115631854073435,0.33052039143004236,0.7034314089211001,0.8317747387075483,0.12925253269827386,0.27204523154481874,470,368,1.2880240753293037,0.0027404767560197953,0.1625116765499115,0.9833679422736168
556,0.637194940512293,0.637194940512293,0.630165922274727,681.520380858124,0.462439747569873,0.09792335547294043,0.0967506037657642,0.09618823446254761,0.1901147178399731,0.18965878687434778,0.18797969003291803,1.1976220601430385,1.7719174368695843,0.5812566344062398,0.08045245727994207,0.0796039313966134,0.07910684669189469,0.1744015595471453,0.1739382028344013,0.17246457607279875,1.0546923139664328,1.6725537460778905,0.624447431172798,0.006046759232569143,402,418,1.3938949489966035,0.003467400370638317,0.10789482295513153,0.670924611389637
557,0.8923101947018027,0.8923101947018027,0.7485145227498118,685.3449348004776,0.4638311689166445,0.12041446619374631,0.11704215276798033,0.1170811792160358,0.17977263555671474,0.17785993609174297,0.17694402884333052,2.8005882784381932,2.7681781791460764,-0.03334392535724266,0.18704503730656413,0.18348604156781972,0.18353869955531457,0.22457750725696518,0.22238180228289578,0.22164710463333967,1.9027480172656306,1.8745954459634893,-0.028698633991394964,0.12439535970765392,404,435,1.8609909359365702,0.004606413207763787,0.1990123838186264,2.2499133944511414
558,0.6172644220228921,0.6172644220228921,0.6216493703811322,446.2177628009886,0.3603042994745028,0.05729555723084933,0.05663925746099174,0.056229386972307144,0.1288898007997278,0.12715941526166932,0.12606781972802578,1.1454636303008476,1.8608253590177735,0.7236508864313467,0.10836802868016855,0.10747544068413778,0.10671709053611342,0.14706678652154467,0.14589517384747822,0.14427925359773147,0.8236635905457939,1.5234549932873853,0.7056031993886821,-0.0024697926610256493,443,306,1.2939660884439945,0.002920916678203148,0.1036323606967926,0.06852085888385773
559,1.0908756689279593,1.0,0.8347579823317297,1009.8776579260988,0.5603872253620542,0.2153546346601914,0.2078702861670336,0.20823342236868622,0.2168240733742307,0.21310502393870256,0.2125449357449848,3.4753598430641466,3.306737420692964,-0.17469365552363172,0.2585408974145931,0.25490059836755163,0.25451349467654816,0.2504686252079311,0.2466609853402954,0.2459018958224756,1.4080167135816428,1.5577430024877734,0.15186456739709012,0.21063881928957184,285,337,1.5599804390221834,0.005473615575516433,0.22189949452877045,0.555274210870266
560,0.9317544242351836,0.9317544242351836,0.7766028910205676,778.606941484291,0.4956640125942314,0.15623660014813112,0.15202017691255432,0.15211497607555333,0.20584404782492405,0.20405903379743054,0.2030853922527415,2.698742312351349,2.638065644458468,-0.06235959260430309,0.1969752594662136,0.19231107773781214,0.1924763699109811,0.2177746173092329,0.21500144162033,0.21432244244478577,2.367902314758213,2.2839871197144848,-0.08595041695638266,0.1524837279784097,450,428,2.3033237121999264,0.005118497138222058,0.21498112380504608,1.3450304009020329
561,0.777598397254349,0.777598397254349,0.6949233330199038,678.4770106080973,0.4613273602854727,0.12477990561318517,0.12241757204506945,0.12223619506589421,0.2050823350797527,0.20340343342930908,0.2023621726507435,1.8932003165949614,2.038557838933135,0.14816253593762,0.13197338520171098,0.12868414432345998,0.12892658633241277,0.203799156792875,0.20156423894620457,0.20092236535615612,2.492351676229,2.3086464476465562,-0.18840084007816146,0.07080416997774597,486,487,1.7523708138614893,0.003605701263089484,0.17371146380901337,2.6001899000257254
562,0.3571127877881208,0.3571127877881208,0.4950706510494254,741.066845200508,0.4833162199589887,0.10884014542342238,0.11016827325270886,0.10833590816455912,0.16311428396809052,0.16326680005959282,0.16086145013786352,-1.2202554711036542,0.46328241927793595,1.6632420878074214,0.1133248402054048,0.1136472894621211,0.1122026636003349,0.17498316800953648,0.1737517368051033,0.17201175138507688,-0.28453537294370246,0.9902300352119795,1.2711485409141234,-0.12904851199273248,462,503,1.216560854576528,0.002633248602979498,0.10496095567941666,1.9053371641784906
563,0.3226587412127312,0.3226587412127312,0.5033045025484849,529.8375132777945,0.4007645838233211,0.027370724694866285,0.028549257350362477,0.02713322629155731,0.10529588506249457,0.10603229329836873,0.10344394308312178,-4.305814583408673,0.8677095910197855,4.959957596890654,0.03202493272517122,0.03219370790339511,0.03131987253414853,0.11154975610764345,0.11157356485856645,0.10947523850228816,-0.527011811928756,2.201597727224957,2.7143048320769148,-0.12081466049367295,523,542,1.1367614157497883,0.0021735399918734,0.0689035952091217,0.9669091124087572
564,1.1097273206275395,1.0,0.8363700496025118,1027.6318494147035,0.5646759975267361,0.5963846141428467,0.5885257036705515,0.5889296783763878,0.3201364044071176,0.3200558850493143,0.3188678206228127,1.317758755998504,1.2500214776958236,-0.06864181178779014,0.5897598928575314,0.5898112782504371,0.5885236218951198,0.3214086321913472,0.3226875182214562,0.3210149456062865,-0.008712934454858913,0.20962275959824905,0.2183166722645495,0.21225088656035396,318,337,2.2956238724291325,0.007218942995060165,0.16466012597084045,0.7754186699166894
565,0.8159440748636618,0.8159440748636618,0.6839448967385964,359.0605138052329,0.3118767689157459,0.10253342209326621,0.10111054629236482,0.10107349813475539,0.15757561078214766,0.15581513737618055,0.15509990168153462,1.3877190206400387,1.4238517828682782,0.036641239680686874,0.16014687462103114,0.15616373049387422,0.1567251245273716,0.18794205631449595,0.18535382068183037,0.1847826930571038,2.487181930076727,2.136632451776969,-0.35949066516403033,0.05982573369643851,456,246,1.1921855797991157,0.0026144420609629728,0.3773473799228668,0.2639263514429331
566,0.2588569226591263,0.2588569226591263,0.4168407777129745,1039.4225907052212,0.567478272902836,0.12967140841063368,0.13281521688670583,0.12939731618858938,0.2185984555459496,0.22039633016274432,0.21725506500515618,-2.4244422996599027,0.2113744466909224,2.5734255292689814,0.18138479962994158,0.18188179589702044,0.17996218712911258,0.21011197725386643,0.21022001024728584,0.2076543162246514,-0.27400105636901356,0.7843063496673363,1.055415556263106,-0.20727838532918336,354,378,0.89873225428164,0.002538791678761695,0.14121659100055695,1.2909241113811731
567,1.0776723520330729,1.0,0.931599527592891,3561.3046585840243,0.8180261782944241,0.5390405054926192,0.5132369328653041,0.5135787399380671,0.3979519496312318,0.38763101512911785,0.38713556621017825,4.786945018859691,4.723534742770954,-0.06659830009791887,5.480799916492437,5.604471304937361,5.589838431386314,0.9062634069464708,0.9293236308701321,0.9256637863525892,-2.256447787352734,-1.9894635191072352,0.26109284453211773,0.30748036455073313,431,753,1.5469204168766737,0.0035891424985537673,0.2593909204006195,21.688177681528032
568,0.9382168197607044,0.9382168197607044,0.7778590875928232,759.5346647322813,0.4894653661438393,0.2451651363333958,0.24099043152107147,0.24109473531294315,0.2211285089730494,0.22001308500546884,0.21897351349168406,1.7028134076319938,1.6602691073160474,-0.0432813000969955,0.22583709193425408,0.21953037832694608,0.21987952155058818,0.2127500923900491,0.20841884536793545,0.20796282254451176,2.79259423387546,2.637994641464952,-0.1590409611202523,0.15373992455066532,496,418,1.4407595060765743,0.002904757068702771,0.13115423917770386,2.6419034842401743
569,1.019063139020392,1.0,0.8535645739720354,1241.3208855282223,0.6104206130508631,0.5566519519695001,0.5485704258384816,0.548780818672432,0.3270449012868057,0.32528403872175854,0.32407135383220803,1.451809537795591,1.4140134188372333,-0.038352930460811875,0.6363738477475853,0.6288410003186968,0.628712847836964,0.3680523030291413,0.3659938032192654,0.364822394580154,1.183714172974053,1.2038520969610935,0.02037915493230643,0.22944541092987758,456,467,2.3026914820075035,0.00504976202194628,0.2703853249549866,1.0935462042689323
570,0.4058142497242641,0.4058142497242641,0.5427449562564344,470.8003324843053,0.3727548113735169,0.023847129937991842,0.024403304463191274,0.023416250356740793,0.09828486265217641,0.1008907252680566,0.0976744138583434,-2.332249317404723,1.8068404138000582,4.044755938439831,0.027902152061684088,0.027384556473830843,0.026930724013068567,0.10412229745391043,0.10517217740557,0.10275614624701186,1.8550382304167112,3.4815524138351672,1.657256933103762,-0.08137420678572349,382,535,1.3621854577213526,0.003565930517595164,0.14434269070625305,1.4585053399205208
571,1.2188332566620663,1.0,0.9516204947686148,5362.934458673608,0.8712903120495835,2.0649663192238696,2.016613724875666,2.0174045863799392,0.7368762086497226,0.7307674727854598,0.7304957694139812,2.341568184336155,2.3032691817369093,-0.03921730247679732,1.9311166269157427,1.8808855913741294,1.8822855344093203,0.6186505647000589,0.6108359575408269,0.6107533973389381,2.601139405124339,2.5286454389040345,-0.07442999412676725,0.3275013317264569,266,250,0.6643380876630545,0.002497511607755844,0.15580591559410095,0.5389228751882911
572,0.8731685362618274,0.8731685362618274,0.7275860450229976,563.0449355784833,0.4154472691227316,0.12007912993469455,0.1174437865865677,0.11746182326710551,0.1734865611489711,0.17181929804504875,0.17061629146979568,2.194672254504247,2.179651592256265,-0.01535771373014348,0.11517454497482232,0.11300008186238913,0.1128604502241339,0.181640053860042,0.17998632976932624,0.17894260518922717,1.8879719584813959,2.009206766299175,0.12356773194666376,0.10346688198083975,486,459,1.9495829939842224,0.004011487641942845,0.20544415712356567,1.0728207044303417
573,1.2779957529691943,1.0,0.8424060622010059,1097.3344301876823,0.580734311771607,0.3844613322069866,0.37375340618008396,0.3745273040123804,0.30447053501703575,0.2997370447179448,0.2994745928421838,2.785176331110897,2.583882269142717,-0.20706107810654656,0.5850597737629042,0.5766642801425399,0.576890196789915,0.4017392565386308,0.3972803599524403,0.3969982340284729,1.43498049205594,1.3963662072415648,-0.039176459363722695,0.21828689915884802,286,328,1.3230857495218515,0.004626173949377103,0.2152339071035385,0.41920305229723454
574,0.8076059533694028,0.8076059533694028,0.7089785984751453,681.637686754753,0.4624825322937005,0.12924576976009056,0.12661588050554118,0.12649923010082864,0.1953603048137677,0.1930681905876535,0.19217247709526372,2.0347971615868343,2.1250518793459277,0.09212936343117886,0.22344699205787372,0.2181245606624547,0.21866940236723878,0.22290726913436537,0.21988157902602773,0.21917218353277923,2.381966007419105,2.1381311274924304,-0.24978466575674574,0.08485943543298746,324,457,1.246874324977398,0.0038483775462265367,0.10757730156183243,3.3452433459460735
575,0.4496469683678821,0.4496469683678821,0.5668268859497507,387.34123880185336,0.3283748290056577,0.1016122438485597,0.1018568731588373,0.10115446900349662,0.1430914222499629,0.1444549298475555,0.14263244913819653,-0.24074786759181765,0.45051150109955157,0.6895991733865104,0.05838136090547053,0.058833733850082115,0.058168346762765784,0.13611513402019954,0.136790313833293,0.13543179170536165,-0.7748585123667339,0.3648666961526553,1.1309618543195732,-0.05729227709240714,242,223,1.4262866023927927,0.0058937462908793085,0.24857614934444427,0.4944242313504219
576,0.6735204306034128,0.6735204306034128,0.6455646535072884,607.7364096719599,0.4341081013465758,0.08612216959573141,0.08479948893774863,0.0843962240902466,0.14127397929969474,0.1396237012487133,0.1381703111676383,1.535819016394508,2.0040664483798127,0.4755510352168256,0.20754768159202128,0.20656353359159957,0.20580826321733167,0.21689646053234338,0.21645198447625544,0.21489914935843019,0.4741792309471608,0.8380813321291629,0.36563587054100033,0.021445490465130557,375,325,1.5398784503340721,0.0041063425342241925,0.27225014567375183,0.0341402031481266
577,0.3593220512548036,0.3593220512548036,0.4572110867680367,1350.8096168033824,0.630324383629067,0.46338312241767,0.46576659028387984,0.46237053980907866,0.42687477543069313,0.427832765258518,0.4253018682040178,-0.5143622525080914,0.21851952727761145,0.7291314030770917,0.24964158478590598,0.24772813751453326,0.2470999660620343,0.2728869408088805,0.2734696787320553,0.27118246540906227,0.7664777777363085,1.0181071098596761,0.2535729121453203,-0.1669080762741212,280,448,1.0102972500026226,0.0036082044642950805,0.11659329384565353,2.1052315086126328
578,1.629494085232859,1.0,0.845891315996214,1140.0679648430223,0.5900065423631308,0.4097787858869187,0.3936276216403095,0.3951846227370102,0.32390890414902435,0.3210167352474322,0.3204542780516322,3.9414349407209675,3.5614735687991006,-0.39555178831516746,0.40508832771139397,0.38910435606787064,0.3908043529530608,0.3299082365616461,0.32505065702435004,0.32500176932494995,3.9457991134494366,3.526138321247755,-0.4368999880570994,0.22177215295405617,340,396,2.393431954085827,0.007039505747311255,0.15739776194095612,3.719359766691923
579,0.7731844164308536,0.7731844164308536,0.7301028810575537,1948.9415744735263,0.7109887489275422,0.9772744845415822,0.9705965236410153,0.9699904214596253,0.4309517316808703,0.42888816255468226,0.42737704973918555,0.6833250029749124,0.7453446495509017,0.062446358154707775,0.4435615841277658,0.44164277884765807,0.44064919744371783,0.2966285540405204,0.29493073141019277,0.2937498305001862,0.43259050124481374,0.6565912802784731,0.22497399516702288,0.10598371801539586,249,226,0.8119941344484687,0.0032610206202749745,0.2947753965854645,0.5315626142546535
580,1.374009491029499,1.0,0.8226927825143733,887.2499411559182,0.5282887552325178,0.2920280211975443,0.28230164063506136,0.2832145473193998,0.25899482344278063,0.2570855630203773,0.25630293205271604,3.330632629908982,3.01802335337626,-0.32337987207045815,0.28682506626990745,0.27612447681943786,0.2772700898464038,0.2569286642337431,0.2538136702962599,0.2533351945511249,3.730702337012674,3.33129058340817,-0.4148900670312736,0.1985736194722154,591,407,2.582303060218692,0.0043693791205054,0.15848754346370697,0.3380701784044504
581,0.9104918943655824,0.9104918943655824,0.7338949398567806,492.46361753472695,0.3833318078411726,0.16260729658995343,0.1600717717646981,0.16014334472308633,0.2061343873194188,0.20466446396633034,0.20401257044643234,1.5592933886903912,1.5152775542910855,-0.044713041905622496,0.21868284703970964,0.21416251336869074,0.21447908697499415,0.22704039222271957,0.22408461829467086,0.223477251010382,2.067072809875238,1.9223090066831543,-0.1478193365047106,0.1097757768146227,427,421,2.2039290443062782,0.005161426333269973,0.1526830941438675,2.1211131140589714
582,0.6273130717865166,0.6273130717865166,0.6256949942782472,771.5449364404516,0.4933864309281313,0.17627224931317487,0.17504021344272075,0.17436816513142017,0.21358803713787167,0.21264749070807767,0.21133549733323925,0.6989392120737145,1.0801950897964634,0.3839393806043859,0.3121028182437964,0.3068953059466009,0.30696354310563906,0.26503341322352764,0.2626399887687372,0.2610769748751654,1.6685245992004012,1.6466609199737563,-0.0222346701679483,0.0015758312360892868,275,300,1.9037142302840948,0.006922597201033072,0.16282661259174347,1.9966083811596036
583,0.621277389747253,0.621277389747253,0.6227090942652591,780.2571235688738,0.4961932675723667,0.2483250224975991,0.24713814276553342,0.24643631081068437,0.26039867937671873,0.2594654747021677,0.2581509737784069,0.47795414257021274,0.7605804956417533,0.28398366476149084,0.25170441251619374,0.247868210216008,0.24796059635572432,0.2188952085987565,0.2176035994001092,0.21614908375592765,1.5240902063800494,1.4873859870170385,-0.03727228257137557,-0.001410068776898754,490,383,2.0010886155068874,0.004083854317360995,0.13171859085559845,0.5737606845796108
584,0.9269476543739112,0.9269476543739112,0.7609902469971673,653.3801056760217,0.4519755831199682,0.1459020664004194,0.14240318139724664,0.142494168542831,0.18443138684072802,0.1825620165750469,0.18158462736111042,2.398105173898133,2.3357433802449465,-0.06389403993057416,0.21943912187073605,0.21675828296939603,0.21654672851062648,0.20204589828514202,0.20018365470782643,0.1992904500442393,1.221677738447755,1.3180846402645479,0.09759925012850469,0.13687108395500946,401,261,2.0811516605317593,0.005189904390353515,0.3197314143180847,0.14073403738439083
585,0.802884353448054,0.802884353448054,0.7201167870851075,918.8637959936814,0.5370040097011156,0.12731576602949513,0.12382502918978547,0.12364060579880477,0.2050145172239712,0.20186493720681278,0.20089684408076897,2.7417946328037344,2.886649741273152,0.14893870180158106,0.13844149330770517,0.137342089710714,0.1364289771289848,0.18581964289695743,0.18433576926214304,0.18274948184977843,0.7941286753875173,1.4536943589934206,0.6648454116669487,0.09599762404294965,429,390,1.3330525727942586,0.003107348654532071,0.15770255029201508,0.39296560175716877
586,0.8214509313859407,0.8214509313859407,0.748778034543417,1358.9440003759637,0.6317222642229804,0.47565394117055726,0.4701748897128236,0.4699482079746998,0.38518837140105616,0.3820340598352414,0.38132349773151925,1.1518986774817859,1.1995555385951282,0.04821221700338884,0.06815522997647001,0.06928459613241442,0.06862448909736205,0.11040022092549352,0.11221816328067973,0.11095930876099641,-1.6570498791278476,-0.6885152042683147,0.9527471788834507,0.1246588715012591,522,591,2.6535106245428324,0.005083353686863664,0.25644153356552124,4.5184635408222675
587,0.7291270106779657,0.7291270106779657,0.6768171288745702,798.1066960627375,0.5018478810762933,0.29845503527598616,0.29616138936149033,0.2958078438884437,0.2026506886455186,0.20499403612092187,0.20244337744721458,0.7685063555301896,0.8869648940901719,0.11937595032520597,0.31735236869443884,0.31180302926854353,0.31272920424038597,0.18288382676393794,0.18438834683529953,0.18227865620472566,1.7486365230941319,1.4567921686143943,-0.29703847779001663,0.052697965832412375,314,356,1.6911349035799503,0.005385779947706848,0.20637397468090057,0.4782406333833933
588,0.962779331731488,0.962779331731488,0.7712285594405891,608.425416296386,0.4343864735193643,0.14109014864976113,0.13755855739496864,0.1376932733202212,0.20703175655726944,0.20545602000190255,0.20459359091094337,2.503074302911986,2.4075921402367135,-0.09793351122877951,0.1940746584367915,0.18978719675261174,0.1899969689189652,0.24164071727901945,0.23912693357339967,0.23843701493445316,2.209181620472181,2.101093234258802,-0.11053019905599558,0.14710939639843124,422,447,2.023985693231225,0.004796174628510012,0.14797309041023254,0.49454473331570625
589,0.9394041599077718,0.9394041599077718,0.7945270836597158,931.8391349858684,0.5404885177273183,0.16701377435420503,0.16187813828810968,0.16197933946479645,0.20746209644628563,0.20465961670977373,0.20362371138839153,3.074977549578411,3.0143830404859195,-0.06251688940643382,0.19310295595501564,0.18886577947034877,0.18865561081263343,0.21798923822978328,0.21526595355583486,0.2142421008855837,2.194257702432035,2.30309532051816,0.11127937432854686,0.17040792061755794,509,391,2.3138541523367167,0.004545882421093746,0.19503414630889893,0.23559542372822762
590,0.4159425572668421,0.4159425572668421,0.5075925111758666,1007.2652676730931,0.5597490238267122,0.10233037766061762,0.10339234011489377,0.10129056466088505,0.18220114530331935,0.18135768352458445,0.17908252204429384,-1.0377783005924153,1.0161332573022832,2.0328154403635135,0.12895569860049455,0.12987471468492598,0.1277160760188844,0.18659121448421473,0.18624580511697802,0.1834950345732505,-0.7126603123438117,0.9612778613611347,1.66209309585657,-0.1165266518662913,421,288,1.2568508451804519,0.0029853939315450163,0.20654183626174927,0.4275505542755127
591,1.132113665678456,1.0,0.8489532234420332,1179.238049697364,0.5981524948692505,0.21333007536401088,0.20398063117499682,0.2044445125479426,0.2283378183332397,0.2247260984738847,0.22418458264216368,4.382618893778037,4.165171179406657,-0.22741442178782978,0.3479593127637998,0.33557202559343147,0.3361525404879498,0.315048598773291,0.3096337077705809,0.30925338730652435,3.5599815024284283,3.393147371763161,-0.17299263652616215,0.2248340603998753,457,449,2.5069018974900246,0.0054855621389278434,0.21726107597351074,2.2703710589557886
592,0.8982955724055314,0.8982955724055314,0.768330206195069,879.0664901879359,0.5259790347672993,0.2535372981551481,0.24914576330049318,0.24918185745337798,0.31912274725506923,0.3171375687377725,0.3164512716369039,1.732106039864626,1.7178698098710747,-0.014487163019211973,0.376685693385069,0.3690656893158187,0.3695016934313834,0.3832305937325018,0.37952946608265575,0.3792195114726154,2.0229077459176956,1.9071602876995235,-0.11813726612543891,0.1442110431529111,410,420,1.5159568535163999,0.003697455740283902,0.12392225116491318,0.3265102207660675
593,0.8925267784965355,0.8925267784965355,0.7584993148553607,794.3139138583327,0.5006570010531017,0.2086713976927572,0.20476073291097682,0.20479267796176084,0.2467685327923502,0.24572811646789763,0.24462007217815532,1.8740780121376963,1.8587692294596523,-0.01560116059845809,0.2750453949266732,0.26906162763669766,0.2695718217488694,0.26679492808152444,0.26423755764198825,0.2637064649370265,2.1755562537488706,1.990061742085531,-0.1896197970156595,0.13438015181320284,341,303,0.9179861545562744,0.0026920415089626815,0.09805575013160706,0.2750710751861334
594,0.8370568080139862,0.8370568080139862,0.6988076337324187,427.9981212145689,0.350752778824722,0.10907761018705782,0.10726821222683598,0.10724824872552041,0.14836587989426048,0.147998385616366,0.1466323964884632,1.658817017643575,1.677119124997536,0.018610826918000815,0.16197358431315212,0.15912683515430354,0.15926967987849033,0.18991691605424643,0.18860614222812744,0.18758941892539993,1.7575391511648044,1.6693490152284238,-0.08976784088509143,0.07468847069026086,407,357,1.7607622193172574,0.0043261970990596,0.15128180384635925,1.6508378125727177
595,1.090213272703624,1.0,0.8543018342948796,1251.6110342069458,0.6123820334010228,0.3717538825905349,0.36248841193215575,0.36286137541289415,0.3038639616197636,0.2992507029468553,0.29876200444109446,2.492366883652564,2.392041507589392,-0.10288976653085458,0.32514973367072253,0.3174842287895755,0.31768667249459637,0.2889107871441676,0.2834383154047779,0.28316734598069493,2.357530727338639,2.2952690417037114,-0.06376496426064954,0.23018267125272174,365,418,1.8031979911029339,0.004940268468775161,0.20699481666088104,0.6149752363562584
596,0.2123727382605615,0.2123727382605615,0.4916565094902226,375.74965651394587,0.3217092986835229,0.04427763763501312,0.04563319458868862,0.04435515825811561,0.12832640592590142,0.13031683397252558,0.12784507107460283,-3.0614933995565656,-0.17507849840929715,2.8006724974933146,0.11306550715624201,0.11257486443544418,0.11202269690188724,0.18755243359939103,0.18760052640825814,0.18612585944654406,0.433945535767891,0.9223062634953281,0.4904891836432814,-0.13246265355193526,385,334,1.248831800185144,0.0032437189615198542,0.14352180063724518,0.06242833472788334
597,1.2759285156669122,1.0,0.8951013491721522,2046.546804052336,0.720925781487464,0.23798651566659285,0.218069121226607,0.21895332946541743,0.2148798783010747,0.2090931359182568,0.20821751571228003,8.369127294543498,7.997590177688872,-0.4054715467448572,0.2095730754955777,0.20098546598506323,0.20071459423348484,0.21908940306619032,0.218361564608445,0.217280810658717,4.097668314599731,4.226917623432871,0.13477181061366858,0.27098218612999436,423,460,2.9002374075353146,0.006856353209303344,0.14719481766223907,0.6448761885985732
598,1.0130492104747364,1.0,0.8291527088404879,950.752917401258,0.5454748570258345,0.2520921645262611,0.2459740751018523,0.24617469842893358,0.25282425607894043,0.25036511065740363,0.2496364193497389,2.426925658679673,2.347342333486561,-0.08156279355790484,0.25093134457881233,0.24570571310736566,0.24587384549184407,0.2649063544046523,0.2619788160275438,0.2615965087862621,2.0824945086943516,2.0154911676965903,-0.06842835779115168,0.20503354579833,267,331,0.8473773337900639,0.003173697879363535,0.11224652081727982,0.3481918182224035
599,0.7246407646098463,0.7246407646098463,0.6808232168053172,1025.219552356073,0.5640981926156083,0.2533262810522628,0.2504376333483917,0.24996247703684976,0.22793665582864917,0.2301171369986319,0.22743651847601734,1.140287415846581,1.3278543392499638,0.1897303952241597,0.3652916857400071,0.36001078986292623,0.3604001845826844,0.2556336671633354,0.25688772198947735,0.2546983145255963,1.4456655005390646,1.3390672025325414,-0.10816195811976817,0.056704053763159346,314,252,1.5487436968833208,0.0049323047671443335,0.11493893712759018,0.8790965164080262
600,0.7165925388851208,0.7165925388851208,0.662466663131599,561.2843879507309,0.4146869273439555,0.20814164319117398,0.2066168337061395,0.20634442063279637,0.1935214878040369,0.19431878525721685,0.1927185553211558,0.7325826113681468,0.86346130972306,0.1318445687395323,0.2709995865062892,0.2665951459365803,0.2673145170083034,0.1912689628969721,0.19199874779102924,0.19053548208458881,1.625257302599864,1.3598063176012571,-0.2698365227903383,0.0383475000894411,376,372,1.2168258652091026,0.0032362390032156987,0.28910157084465027,0.7134779952466488
601,0.7294756142312423,0.7294756142312423,0.6827065383266382,992.4213411642428,0.556087212726375,0.18262892563098695,0.1797725075991806,0.17933064249759761,0.25236383935082835,0.2500285411789519,0.24892048837257855,1.564055651062599,1.8060025935068607,0.24579125444929367,0.28380680986229995,0.27769006884100134,0.27790940139877446,0.3065976223403645,0.3030466581803847,0.3022934537093037,2.155248150763679,2.0779658058194053,-0.07898466037642367,0.058587375284480325,463,529,1.9579653590917587,0.004228866866288896,0.20829348266124725,0.4815892446786165
602,1.317057607862349,1.0,0.820776315977788,869.2910113592087,0.5231901538989249,0.31156910944041133,0.3026605599436549,0.30345523808539093,0.26807701135724027,0.2636321743269316,0.2635347097563123,2.859253124533577,2.604196343338781,-0.2625641550005547,0.4621684335712206,0.4584751404862675,0.45783263435895777,0.33934063748665627,0.3375503703978364,0.33682406138412285,0.7991227476127493,0.938142654780575,0.1401397961573775,0.19665715293563013,347,445,1.7317469976842403,0.004990625353556889,0.15443405508995056,0.9620014792308211
603,0.8467082966575659,0.8467082966575659,0.707204770231976,471.8364131001882,0.3732689275540934,0.08589113324484789,0.0838392869789566,0.08382734100861039,0.19134953535890728,0.189426196561032,0.1889441146473688,2.3888918312931557,2.402800100860576,0.014248654511105137,0.22505515439879215,0.22262140939831174,0.222652168511534,0.25544917177407733,0.25394444056654314,0.2533110062013719,1.081399360517588,1.0677319938205552,-0.013816781281454542,0.08308560718981817,226,274,0.5788717148825526,0.0025613792693918256,0.08333615958690643,0.08620376186445355
604,0.6056504224492794,0.6056504224492794,0.6145126322538389,858.7670908940055,0.5201508321592418,0.12738725942770251,0.12624927646138592,0.12541217538866892,0.2042825773195818,0.20366169380130825,0.20196517463047353,0.8933255738674901,1.5504564961259244,0.6630541545899774,0.18528963532699155,0.1849713543000162,0.18339527458730434,0.22884637883557596,0.2280558812744058,0.22611824499759925,0.1717748682562049,1.0223781467021196,0.8520669152670693,-0.009606530788318968,354,306,1.2978650946170092,0.00366628557801415,0.14919257164001465,0.9496389124542475
605,0.730258100105781,0.730258100105781,0.6735974500756147,691.8053954633286,0.4661652773458425,0.2299138432326798,0.2279158776998392,0.22761413146636694,0.20261446258649674,0.20087663667258945,0.19957439170076183,0.869006191514355,1.000249369058425,0.13239368688023345,0.43052956379212215,0.42385458504176293,0.424941617711581,0.24651802644037485,0.24315326279877664,0.24254994742077907,1.5504112404188295,1.2979238943133846,-0.2564635863762028,0.0494782870334568,249,226,1.1305416179820895,0.0045403277830606,0.10000718384981155,0.3298816718161106
606,1.0464788624198742,1.0,0.8424877527187797,1098.3144138613268,0.580951642664118,0.12964108631015703,0.12211292040274323,0.12238466180545479,0.18308069060071222,0.1789722057147332,0.1779431022817988,5.806929054422763,5.597318497734398,-0.22253288334709245,0.12477586550173866,0.11916750212025935,0.11923745033611947,0.191004027646093,0.18738688171463894,0.18652068680457712,4.494750133711685,4.438691042813898,-0.058697392003343805,0.21836858967662187,433,692,1.1672647260129452,0.0026957614919467555,0.16084925830364227,16.739382956176996
607,0.7540419197124731,0.7540419197124731,0.6390064627828861,102.52624514628629,0.1145857748270026,0.03881494950095849,0.03848826421927735,0.03845787578581017,0.08909699974489174,0.08830182315455537,0.08799150878440412,0.841648091473304,0.9199386312212113,0.07895506353325651,0.03311426560137665,0.032714992519108636,0.032681996096070844,0.08984626396668456,0.08891129277743003,0.0885687888097458,1.2057434311676585,1.3053875647111817,0.10086024937502185,0.014887299740728221,338,210,0.35555234365165234,0.0010519300108037051,0.13335421681404114,0.21747406013309956
608,1.2536846616250965,1.0,0.7890970747647195,619.7178995989668,0.4389101425276041,0.2115812142572526,0.20572289753712586,0.20631163932907523,0.24236381004904567,0.2401649245822183,0.23969555845093976,2.768826495628227,2.4905684309809826,-0.2861819461993157,0.24411593374883378,0.23994508961375516,0.23997682912095394,0.2236415118684882,0.22472709557736292,0.22307791072187325,1.7085505526115816,1.6955487355194445,-0.013227821102685451,0.1649779117225616,403,485,2.2221528701484203,0.005514026973073003,0.15938712656497955,4.709897825494409
609,0.791196745490267,0.791196745490267,0.6901351299475238,517.5038603667308,0.3951216311492248,0.1501251993421781,0.14823507993723328,0.14812673000392676,0.15264508489006973,0.1528409767317572,0.15114724386148884,1.25902873949676,1.331201788246266,0.07309331458680446,0.31995603873346756,0.3162001130709081,0.3162775272242536,0.22600750390823093,0.22415206405114657,0.2228915303802841,1.1738880370650662,1.1496927902268,-0.024482645687144537,0.06601596690536593,335,484,1.6713397866114974,0.004989073989885067,0.1216001957654953,4.06740790233016
610,0.7757516133615201,0.7757516133615201,0.689748914204759,604.5601510404983,0.4328212795109121,0.08307291342464995,0.08098194868173027,0.0808193325766274,0.1509789170301699,0.14848984905488677,0.14750552104215908,2.517023487825864,2.7127745436141746,0.20080537422230232,0.1278465289399544,0.12576309615430636,0.12557502428606887,0.19873395639689487,0.19710788938610357,0.19610642023344194,1.6296357851268433,1.7767433130330763,0.1495445595635917,0.06562975116260117,297,445,1.107687789015472,0.003729588515203609,0.187460258603096,1.9642802104353905
611,0.9441628136518012,0.9441628136518012,0.7762344099322002,717.6280879131447,0.4752953123746765,0.15013410519824266,0.14613621599140109,0.14624909766818467,0.20051156762569824,0.19873666809670876,0.19782655490028528,2.6628787653295793,2.5876915341308258,-0.07724414924649814,0.24023767800451687,0.2362787255847408,0.2362510891375466,0.22322769508188928,0.22128354391166724,0.22046778433198103,1.6479315204260456,1.6594353142621134,0.011696544886045672,0.1521152468900423,491,411,2.213451220653951,0.0045080472925742385,0.3700716495513916,0.27067163214087486
612,1.315883160455689,1.0,0.7961362315923614,668.4706382238129,0.4576372393506629,0.16831811810085084,0.16147743556791538,0.1621915956770817,0.1797682812851051,0.17635951396905664,0.17575778679061582,4.0641391492012415,3.6398472683126943,-0.4422661944404855,0.25040478831479973,0.2403212654847606,0.24126535381731917,0.21653902408850284,0.20973358257080751,0.20945509587196978,4.0268889815966675,3.6498641096234934,-0.392844274789507,0.1720170685502035,432,411,2.0834872145205736,0.004822887070649476,0.22762970626354218,3.95868125744164
613,0.4320415475652722,0.4320415475652722,0.5143259648255711,1057.0820053459156,0.5716085028648177,0.260800725329319,0.2617017595604538,0.25960818564274685,0.2628803627204271,0.26272294301209964,0.26030126480039995,-0.34548762469774147,0.45726087803871457,0.7999846547547972,0.20291345565403673,0.20295499992331156,0.2014002829100591,0.2324800233037145,0.23170348662562407,0.2296636704837733,-0.020473885845037922,0.7457232144119437,0.7660402620482029,-0.10979319821658673,393,436,0.9768132036551833,0.0024855297802930873,0.08492125570774078,2.2914626598358154
614,1.6131722890807878,1.0,0.8146026540861591,813.9630134502415,0.5067656350498267,0.32579127356346377,0.31442662035619034,0.3157626701062443,0.24705948723030224,0.24364932480016988,0.24309390129738173,3.4883233927564365,3.078229612330575,-0.4249162327733125,0.41920305338217717,0.4129833174562371,0.41323553094879933,0.282780675353336,0.2804987650574899,0.27984971789835544,1.4837048241320108,1.4235398299776678,-0.0610711091469066,0.1904834910440012,275,280,1.3252583052963018,0.00481912111016837,0.15784749388694763,0.6437422577291727
615,0.5009944183453158,0.5009944183453158,0.5771263705786561,489.007058825628,0.381668141357023,0.16439879859726805,0.16439269939008505,0.1636468406609922,0.132707326107739,0.13415361930130645,0.13163607439412656,0.003710007150322169,0.4573986809465381,0.4537055063029412,0.28722293244136443,0.2854354221861857,0.285145529922879,0.20007354908316402,0.19898273619314563,0.19763780488677055,0.6223424571238293,0.7232718156686607,0.10156141837141387,-0.04699279246350174,262,254,1.5549653470516205,0.00593498224065504,0.1567056030035019,0.8677054699510336
616,0.7496183579900282,0.7496183579900282,0.6766774762716012,570.8490093298159,0.4187940269359896,0.06496359867762379,0.06317634210064776,0.06297095662129996,0.14608208762793218,0.14421994512898875,0.14320314320446148,2.7511662120892177,3.0673209256958445,0.3250987197400498,0.37087645627625837,0.36753341975750503,0.367389324540581,0.23263484216464736,0.2319777759241957,0.23048752567016467,0.9013881744661568,0.9402407935757159,0.039206017515119485,0.052558313229443376,453,405,1.2414983650669456,0.0027406144924215134,0.13162091374397278,1.9541070498526096
617,0.8868017182374696,0.8868017182374696,0.7988805653313318,1574.718712219062,0.665295044656597,0.5927863599161193,0.5851465858890895,0.5850963812436102,0.4894446976795552,0.48411821243664377,0.48406420627739777,1.2887904553186416,1.2972597199431581,0.00857984079374783,0.5303963353705915,0.5236971988971627,0.5237206186819781,0.45021386516766543,0.4444731949181033,0.4445396497364612,1.2630435066539552,1.258627981271604,-0.004472008799105156,0.17476140228917392,530,427,1.9223155416548252,0.0036270104559525005,0.2100115269422531,0.5933865699917078
618,1.1400835523736044,1.0,0.8265207942007429,924.3095168120456,0.5384728649555655,0.1895350328871889,0.18211436111549284,0.1825705465005341,0.19605401216061846,0.19249378679284332,0.19155925579886132,3.915197976150845,3.674511398006335,-0.25049391066525734,0.23120668219706297,0.2236902805278188,0.22425466788002912,0.24118726276584596,0.23724569126400402,0.23663707538806975,3.250944824699209,3.0068397033215857,-0.25230749895730364,0.202401631158585,386,376,1.9570282883942127,0.005070021472523867,0.13126462697982788,0.4986490309238434
619,1.3761255332465216,1.0,0.8082576419953365,760.8119566082908,0.4898852531123611,0.31017537347486884,0.30181486297437,0.30267848457610014,0.26508301508497417,0.26282978627867704,0.26221106369403047,2.695414019119813,2.416983919381376,-0.2861428337952612,0.36549012099833106,0.3601420373854433,0.36025767883185295,0.2983046234117481,0.29655517301890727,0.29576460111871244,1.4632635208523639,1.4316234190368187,-0.032109955074715556,0.18413847895317859,417,364,1.6231843419373035,0.0038925283979311834,0.2749728858470917,2.1497736424207687
620,1.0537666387388211,1.0,0.8074372665101253,754.1955315946362,0.4877027117201185,0.21579363556220882,0.2105552208963073,0.21082854350325353,0.19657360836450263,0.19500721135094448,0.1939513993086453,2.427511197099879,2.300851944043529,-0.1298104154258135,0.366948451141586,0.357150697552702,0.35791403279916195,0.2983041183165588,0.29412796455680984,0.2935214748228834,2.670062663680117,2.462040189655445,-0.21372917698062177,0.1833181034679674,428,462,1.6135585624724627,0.0037699966412908007,0.34644728899002075,3.0107105812057853
621,0.7246074000207346,0.7246074000207346,0.6780478605627801,917.6183657941358,0.5366667695853735,0.3448744863235099,0.3422893985832895,0.3418654323035606,0.30845655106244196,0.3070763873266965,0.3055188202375472,0.7495734949193898,0.872506995813742,0.12386193714548847,0.4277254004710054,0.42288054978116446,0.42287047473136363,0.3530059254802052,0.3497302194217325,0.34898293758949395,1.1327011873753194,1.1350566822301338,0.002382481248201678,0.05392869752062224,366,435,2.0405618883669376,0.005575305705920595,0.26752591133117676,1.9710673838853836
622,1.0826282730445924,1.0,0.835293122945884,1015.7327902931106,0.5618109228787602,0.3715091788235655,0.3640865087266956,0.3644327000194416,0.3216831867605352,0.31933748111459015,0.3187482552193382,1.9979775790129233,1.9047924539933339,-0.0950849000026697,0.3496347256796758,0.3449474384617566,0.3446818772559626,0.32743412821088025,0.32620429533862094,0.32527183164746076,1.3406240495154838,1.4165779483388121,0.0769859915406807,0.21117395990372612,360,285,1.4378949776291847,0.0039941527156366246,0.18601436913013458,0.7533493433147669
623,0.9303631769661116,0.9303631769661116,0.8283798163541213,1586.741714906087,0.6669865990023408,0.47331161988140213,0.4647465586049166,0.4648017996054742,0.28788314876041265,0.2876655954592233,0.2862218037152487,1.8096030007950559,1.7979318314771686,-0.011886263498844718,0.6159134168471506,0.6098060754423802,0.6095573416510465,0.29901446758090794,0.2968121403884352,0.29574858615178834,0.9915909018565946,1.0319754404183596,0.0407889985604488,0.2042606533119634,440,336,1.9511048812419176,0.004434329275549813,0.1521027684211731,0.35843300074338913
624,0.9396051838097168,0.9396051838097168,0.7590509633212706,592.0488091557269,0.4276950210054683,0.11158099269273282,0.1083165470077385,0.10842404481543073,0.15148783735634122,0.14992674979951898,0.1486567087970805,2.925628824600811,2.829288215776642,-0.09924412350824902,0.23948945038868605,0.23420792878250737,0.23445899516601001,0.22151828677704766,0.21928124531657456,0.21813367949483517,2.205325369283232,2.10049136382071,-0.1071980717338517,0.13493180027911278,408,508,1.3601175844669342,0.003333621530556211,0.1280173361301422,1.3021210283041
625,0.9052755303124936,0.9052755303124936,0.7562606462861845,702.5227130812799,0.4699928531832636,0.1596993307872364,0.15612824829299862,0.15618654826091796,0.22684874705761404,0.22380558104091725,0.22327979323458017,2.2361286529092808,2.1996225713672035,-0.037341076042774035,0.1600783601100155,0.15827313282617247,0.1579795334257517,0.23258527225905418,0.23096057957900457,0.2302567136052786,1.127714753326036,1.3111245535132732,0.1855017305705564,0.13214148324402664,351,493,1.4277030220255256,0.004067529977280699,0.11359792202711105,1.389978900551796
626,0.6606692151572727,0.6606692151572727,0.6389936413544087,543.6532409668771,0.4069618906534924,0.15782492392886682,0.1567293447152423,0.15633836704752327,0.2508370644029302,0.25121661831690617,0.24944562406818627,0.6941737631492907,0.9419024855754462,0.24946041114980175,0.21595238258316407,0.21555542080463244,0.21479605738741542,0.2915064525093955,0.29339640442828246,0.29130568277308944,0.1838191242825292,0.5354537800958727,0.35228221790129277,0.01487447831225086,330,345,1.1587950494140387,0.003511500149739511,0.10726527869701385,0.872917827218771
627,0.5050419840116462,0.5050419840116462,0.5627103407723678,843.614495624149,0.5157060552639985,0.16205034539148838,0.16199699536641649,0.16071848579914585,0.17595659580977452,0.17837362996252978,0.17449410394222079,0.03292188297594258,0.8218801318349317,0.7892180743098384,0.26444364682428034,0.2599805146964863,0.26036027038055903,0.22300566880676564,0.22280862816726407,0.22017353562893188,1.6877441305140266,1.5441386067537726,-0.14607082554477957,-0.06140882226979005,390,606,2.28465118072927,0.005858079950587872,0.26083528995513916,21.315919483080506
628,0.8147569711942368,0.8147569711942368,0.710094406897194,650.7780361004243,0.4509873707027227,0.16465170907104226,0.1620825122573419,0.1619871715472366,0.22417530578580033,0.2227913348671078,0.2217052971532012,1.560382718281911,1.6182871947329696,0.05882232992164676,0.2375191997354724,0.22954321683530488,0.2307499924885892,0.25557719882297186,0.25321975049637946,0.2525410884540599,3.3580371224938665,2.8499621312391237,-0.5257291720147788,0.08597524385503619,361,350,1.7722732741385698,0.004909344249691329,0.19593484699726105,1.1134474761784077
629,0.597724269711288,0.597724269711288,0.6119331623959723,679.4410845752832,0.4616802384245107,0.19557206290192838,0.19473925781711546,0.19405057944879828,0.22488705513869536,0.22412947778082626,0.2228548524162851,0.4258302911242211,0.7779656411831533,0.3536412616730498,0.14763458776427169,0.14494691518162514,0.14535844041604498,0.1796792162820596,0.17737500393487474,0.1769418078606913,1.820489780442205,1.5417439657575571,-0.2839144481993153,-0.01218600064618558,253,526,0.6571117034181952,0.0025972794601509695,0.197157621383667,2.644980913028121
630,1.097219633689901,1.0,0.8244895764856057,904.4436663057464,0.5330689775651448,0.26644680469626125,0.2596718760001411,0.2600401628730588,0.2374032308173664,0.23282604433115528,0.23221418400072222,2.5426946680195033,2.4044731294510204,-0.14182778612402888,0.3275023174160172,0.31895158864262996,0.3195826311780056,0.2694194004137548,0.26492894625933966,0.26446621654193536,2.6108910742532228,2.4182076940699724,-0.1978490021201029,0.20037041344344786,383,371,1.7049401085823774,0.004451540753478792,0.1563965231180191,0.05294033885002136
631,1.5035681938477572,1.0,0.8322855297237683,983.3109354736569,0.5538094688901577,0.38111163915469637,0.36873431149685915,0.36994938703209873,0.3002367933532944,0.2982855434676404,0.2975513833456937,3.2476908040095736,2.9288667612869173,-0.32952602927214564,0.32464411084664385,0.3196477195703255,0.3198525210709203,0.2852305484787352,0.2845041337127593,0.2837579067515257,1.539036473906207,1.4759515468269155,-0.06407100318754559,0.20816636668161048,309,324,1.5284913321956992,0.004946573890600968,0.18802189826965332,1.0020885141566396
632,1.031673531077215,1.0,0.8564190898527683,1281.7496652811417,0.6180148173839055,0.5604841485254316,0.551936682509765,0.5521755066655647,0.4348939406458296,0.4316083336279459,0.43121201063915765,1.525014764138106,1.4824044322619958,-0.04327020895108778,0.5570787301571108,0.5461960840982726,0.546713304378962,0.4299177694988848,0.42371518981326667,0.42373053717494735,1.9535202960933495,1.860675200294487,-0.09469498148148521,0.2322999268106104,484,394,2.0069364914670587,0.0041465629988988815,0.1753975749015808,1.6767822578549385
633,0.6001535523143599,0.6001535523143599,0.6128991233718563,697.4064113663172,0.4681724908970233,0.13832201238983147,0.13744593711508302,0.1367473990971486,0.21301829135255992,0.21243645274163273,0.21074819406694728,0.6333592604765006,1.138367831321861,0.5082274766329009,0.1979713704526575,0.1954560552527921,0.19541225534707465,0.2628615274715818,0.261660687977336,0.2605354343539617,1.2705449248111862,1.29266928835795,0.022409080987953082,-0.011220039670301607,388,453,1.3114845333620906,0.003380114776706419,0.13155382871627808,1.0465151853859425
634,0.3991570083126373,0.3991570083126373,0.5107239124986973,805.2121591904177,0.5040636754204254,0.11450656742424713,0.11552503023625549,0.11376486518653686,0.16648062937183739,0.16837236369735462,0.16485927747847412,-0.8894361562991874,0.647737727533353,1.5236222367732646,0.11965841878680795,0.119688005266967,0.11854670192369467,0.17023206960301077,0.17082639005198683,0.16837338462471857,-0.024725782321896567,0.9290753416138672,0.9535653474436578,-0.11339525054346056,485,491,2.5512990187853575,0.005260410348011046,0.2146902084350586,0.7784625925123692
635,1.0573501988366647,1.0,0.8043495931872211,729.7904999598596,0.4794882112207209,0.19945102188294364,0.19434931507653014,0.19462721662770466,0.22706751041648865,0.22500142843159898,0.22409991166157928,2.557874488809417,2.418541258750752,-0.14299075407859746,0.17097779152476278,0.16801192972303325,0.1680943983961679,0.22652451407290958,0.22442629700574135,0.22408997157251642,1.734647392085412,1.6864138335634462,-0.049085010374329066,0.18023043014506324,611,401,2.3260621232911944,0.003806975651867749,0.27148038148880005,2.723496589809656
636,1.0708289250812608,1.0,0.733087095433962,323.429761735644,0.2899002068680231,0.062149664605203506,0.059834003065583216,0.060055198400603915,0.1515943837785721,0.1483741921489556,0.1482999336033199,3.7259437429472624,3.3700362148442395,-0.3696816587355019,0.32414473917934417,0.31583734246644823,0.3167713000187051,0.3283787089091001,0.32492718379640917,0.3247602050053009,2.5628664324240598,2.2747366436693675,-0.29570840007815336,0.10896793239180413,359,470,1.1189535651355982,0.00311686229842785,0.12306982278823853,4.04843998234719
637,1.023621321497743,1.0,0.7898964069174526,625.0896054913484,0.4410366998674313,0.13699257198103448,0.1328872357718999,0.13309919518674648,0.1678144012183331,0.16596078922839214,0.16504579221309013,2.996758254675981,2.842034964368,-0.1595032161030216,0.22555994482039937,0.2191782637159354,0.21967154825259108,0.21361472062201264,0.20977753978981728,0.20912350684925923,2.8292616889693503,2.6105683668688995,-0.22506088345283778,0.1657772438752947,381,486,2.257747745141387,0.005925847100108627,0.17733637988567352,6.023693321272731
638,0.6795208429648522,0.6795208429648522,0.6503942274757459,714.6684480636762,0.4742647600262555,0.177369537974322,0.1757603431840755,0.17530382177492584,0.21498618344495543,0.2135229384614357,0.21260570201318207,0.9072554445507325,1.1646397814348581,0.25974084988644275,0.3983896641384638,0.39164459802553164,0.3926168397269232,0.35461316828594397,0.35230751165649565,0.35184742835861466,1.6930826073308527,1.4490397043870582,-0.24824591129127727,0.02627506443358807,355,406,2.1391262374818325,0.0060257077112164294,0.19684168696403503,1.7238612556830049
639,1.6116114567657738,1.0,0.8228539625396758,888.7780503544018,0.5287175614111115,0.35254091920828984,0.3401490886933402,0.34153178362273706,0.2675173620414522,0.2633111122637804,0.2628839811990658,3.515004880221644,3.1227965282090584,-0.40649673197961056,0.5340713492372817,0.5159343657471016,0.5177579840295008,0.36188062696673745,0.35588846711293964,0.35577558729940667,3.395985108746596,3.054529180619477,-0.3534593551950132,0.19873479949751793,227,313,1.5348227564245462,0.006761333728742495,0.18303319811820984,1.679978834465146
640,0.7650319660601588,0.7650319660601588,0.7042171839474284,1043.4303675544086,0.5684225931907578,0.28427037747072925,0.2808018042999509,0.28046472884130985,0.29452783577127006,0.2915321212507128,0.29082180327897444,1.2201669416418592,1.3387425954402372,0.12004034642205218,0.6532634696811365,0.6441063891556902,0.6446935847909546,0.48604232221958693,0.4830319893438385,0.48257136658765115,1.4017438522799892,1.311857357394388,-0.09116438606270415,0.08009802090527052,292,443,1.6246492601931095,0.005563867329428457,0.08159372210502625,0.26707722432911396
641,0.5117777217914465,0.5117777217914465,0.5716774391201224,693.5903284440444,0.4668065794616413,0.17791184422105533,0.1778093844337077,0.17678818552094017,0.2589585949300782,0.2595754723281721,0.2576658234238842,0.057590200245647795,0.6315817280377437,0.5743222811438621,0.43161283519719507,0.43389714475543306,0.4305687509647452,0.4055137974454143,0.40814701998535374,0.40467870555120705,-0.5292496821125214,0.24190296193876454,0.7670928078044728,-0.0524417239220355,447,445,2.0986317982897162,0.004694925723243213,0.3149791955947876,0.7167224120348692
642,0.0017282636790331,0.0017282636790331,0.0261526104779535,19395.66954252496,0.960757223757749,3.5439675269175686,3.665183585768432,3.544039725699284,0.8796108073321004,0.9072220022936149,0.8793406152403633,-3.4203490277545856,-0.002037230340487308,3.3052603569310492,2.663756123394322,2.654349359893046,2.6622911660901027,0.6734630870101733,0.6766914243202123,0.6730680894996534,0.35313906624790975,0.0549959244149056,-0.29919973297625274,-0.5979665525642044,282,216,0.9311897214502096,0.003302091210816346,0.16328583657741547,0.19263509288430214
643,0.6014119735339049,0.6014119735339049,0.6132416838898473,728.4587931618636,0.4790323852433216,0.22834672388266805,0.22742014295937046,0.2266949895279043,0.22058821070151946,0.2206488521575851,0.21906955174397605,0.4057780674680031,0.7233448882815926,0.31886068754944286,0.1078115962845239,0.10902587526173331,0.10799353723442386,0.17434356208497648,0.1753795101630713,0.1739415496347308,-1.1262971879247805,-0.16875823767584172,0.9468743312825222,-0.01087747915231052,225,230,1.486382083967328,0.006606142595410347,0.23144486546516418,1.1037313928827643
644,0.0859015148253903,0.0859015148253903,0.3554622275251298,789.5730243964374,0.4991603980418461,0.06683645365586965,0.07093740932185023,0.06715971783127764,0.1248550733705834,0.13082496869808358,0.12462970041952032,-6.1358067965361425,-0.4836644641147773,5.32538688216372,0.10777630730211685,0.1048991245550007,0.10578409608574438,0.1615242184962475,0.16110038211598335,0.1596559455431886,2.6695874252314837,1.8484686163796038,-0.8436405303646507,-0.2686569355170281,410,386,2.5222470927983522,0.0061518221775569565,0.29449254274368286,0.8726228764280677
645,1.0818580284986643,1.0,0.7973700169113505,677.3646329801094,0.4609196235471401,0.11515202840030984,0.1102085951030927,0.1105239335043373,0.1501869559208607,0.14926451903124638,0.1478712911276436,4.292962413160452,4.019117127388867,-0.28612868256747814,0.23666466003691686,0.23005083795190184,0.2304858064067054,0.215819967869978,0.2142069644989605,0.21300995973661757,2.7945964065709417,2.610805360313459,-0.18907492738387907,0.1732508538691926,329,357,1.7103651156648993,0.005198678163115196,0.25732192397117615,0.9357192423194647
646,0.9291827003746496,0.9291827003746496,0.7435014140353552,509.3572228655292,0.3913356936626664,0.04833999022870888,0.04559807636701964,0.04569218955057876,0.12689324976903824,0.1244796497886268,0.12340037301506195,5.672144013096697,5.477453896044862,-0.2063972672917178,0.09868511820702319,0.09503776203029461,0.09508365047872508,0.17891516830231122,0.1770233183376522,0.17580255377412302,3.6959535976610978,3.649453730949481,-0.048284437101790825,0.11938225099319733,346,489,0.75458940025419,0.002180894220387832,0.10020028054714203,2.361096067354083
647,0.1797336296494719,0.1797336296494719,0.2808565562600258,2689.2285165194617,0.7724432525097625,0.8496418963464154,0.8604444933766785,0.8492695448623788,0.4727792288469973,0.47929163497217203,0.4714669870656488,-1.2714294194667004,0.04382452014639903,1.2987413598807933,0.8966290795835642,0.9033921718624742,0.8937176061616238,0.4728961779818016,0.4800738749742988,0.4712395672852899,-0.7542798279586386,0.32471324968543813,1.070915378966029,-0.34326260678213205,472,381,0.8952968157827854,0.0018968152876753929,0.14348551630973816,2.3730510408058763
648,0.4278302944780273,0.4278302944780273,0.5284278834822208,753.5908755003782,0.4875023237941446,0.14620546912614663,0.14688761882975024,0.14538825249798012,0.22705094650873878,0.22678269618480754,0.22513307409996045,-0.46656921090622916,0.5589507923683777,1.0207574632331338,0.20996477964518787,0.20763949801158063,0.20765195436630585,0.24845098406752253,0.24693053922476504,0.24613036016391976,1.1074627075725019,1.1015301150937704,-0.005999029493184731,-0.09569127955993706,233,336,1.2809458747506142,0.0054976217800455545,0.2422577291727066,0.9222919531166553
649,0.5541753771060033,0.5541753771060033,0.5961658211450304,527.3926960315978,0.3996544013594525,0.09287761510293431,0.09251925043568486,0.09186769476568185,0.1669638583557331,0.16726227680940425,0.1654181922283649,0.3858461124914566,1.087366784917104,0.7042379471674829,0.10321288341578622,0.10180235401060424,0.10159372406252563,0.21673059053332883,0.21589958479572385,0.21516796845297562,1.366621451219181,1.5687570191580706,0.20493627097942319,-0.027953341897127504,394,367,1.290984895080328,0.0032766114088333196,0.10386504232883453,0.7056338079273701
650,0.0116014864174518,0.0116014864174518,0.1916738191632034,1902.5456077546348,0.7060128391101385,0.49974849886182876,0.5114031301939878,0.5001337835634414,0.3627087173290374,0.37158355348777117,0.36239630571210535,-2.3320993176972573,-0.07709571964500622,2.2036131507978083,0.5195247645744162,0.5310447046992216,0.519185764925159,0.36113660640900047,0.3702477364025914,0.3605823823938895,-2.217399614095834,0.06525187486200229,2.2331339846010496,-0.4324453438789545,516,518,0.5036015063524246,0.0009759719115357067,0.10879390686750412,5.531253017485142
651,1.1442064642499945,1.0,0.8523928190692995,1225.177888559492,0.6073032556664876,0.4358623987648848,0.42596289651139574,0.4264574033368041,0.2660063417217083,0.2602061998928656,0.2596373186813113,2.2712448427626604,2.157790039868523,-0.11609152568412234,0.4234191388253455,0.40902532414956483,0.41023127417716215,0.252685173972277,0.2464159188483232,0.24603365701723565,3.399424673082127,3.1146123164789548,-0.29483505210947647,0.22827365602714167,353,310,1.7276527024805546,0.004894200290313185,0.14360329508781433,1.136656079441309
652,0.6191679309708278,0.6191679309708278,0.622284049362885,466.5517949090566,0.3706377832497718,0.04491962105564185,0.044222274927681306,0.04379795156326902,0.12580681670311086,0.12593073830357285,0.12417547207214329,1.5524310124894978,2.4970591158447637,0.959524052315711,0.060855770323192414,0.06086827873232397,0.06011453617836449,0.15061038780642705,0.15220268358995773,0.14998856268857091,-0.020554187491386273,1.2180178492382556,1.238317510626769,-0.001835113679272915,321,202,0.6108693834394217,0.0019030198861041173,0.11944106966257095,0.20182068459689617
653,0.0112957464814488,0.0112957464814488,0.1775261845600035,2128.3947691886738,0.7287465955340381,0.6018608977416866,0.6149071998798206,0.6022280298840887,0.38565880148570847,0.3906596498262977,0.38460206524947105,-2.1676606981923117,-0.06099950067859496,2.0619647969986166,0.9218067581757806,0.9276349781899412,0.9197246491514758,0.47950269066557144,0.48480845938922584,0.4782260102971205,-0.632260499553554,0.22587261438886028,0.8527415658582184,-0.4465929784821544,321,467,0.9918143227696419,0.0030897642453882926,0.14835256338119507,2.535436441190541
654,1.233156169397274,1.0,0.8779423522440365,1647.468585633233,0.6752756837942946,0.4533072406477071,0.4381575848499296,0.4388995641399668,0.2578087770274963,0.2531532991689484,0.2521555771618885,3.342028196181235,3.1783468728966144,-0.16934073851335815,0.43590018254261165,0.418851363384841,0.41959592206880725,0.24811859485740664,0.24389966028401142,0.24281743572891193,3.9111750443242834,3.740365599000539,-0.17776202945819758,0.25382318920187863,438,272,1.772269630804658,0.004046277695901045,0.18241071701049805,0.19876606296747923
655,0.357736650032503,0.357736650032503,0.5157627975352382,543.220709641585,0.4067698148901852,0.0778301923299707,0.07879949292606407,0.0774792899042701,0.15494059370773008,0.1575725534218853,0.15457830988599272,-1.245404343836009,0.45085642884307137,1.6753953265063448,0.59075521234502,0.5879289976733371,0.5871262637827664,0.3213105590445054,0.3207529602813069,0.3189238626965487,0.4784070648254188,0.6142897238008922,0.13653585615735,-0.10835636550691963,378,238,0.9348510913550854,0.002473151035330914,0.1107051819562912,0.0998369324952364
656,0.5611605626579118,0.5611605626579118,0.5952743998689214,669.864937973452,0.4581544538346225,0.16376036988380235,0.1632465062911967,0.16244237808965653,0.14171765359902738,0.1460462833783355,0.14238037269092133,0.3137899560011246,0.8048295171053997,0.4925852441250833,0.19472782636922187,0.1954979916869044,0.19414714158665522,0.16215529067347143,0.16458962696050305,0.16179262668708183,-0.39550860914055086,0.298203288864128,0.6909790165070389,-0.028844763173236476,267,300,1.1316428016871214,0.004238362553135286,0.17225588858127594,0.6442626295611262
657,0.3511136018408941,0.3511136018408941,0.4512308272781945,1368.068143133651,0.6332777068834413,0.4621884386457197,0.4647432090935848,0.4612167366864262,0.3276747930489646,0.32770229945687135,0.3247955631213335,-0.5527551609362995,0.21023934786008486,0.7588002015212805,0.4321203306535705,0.4337859723281928,0.43078033781034275,0.345181068009056,0.34561102662318,0.342784422195307,-0.38545783580770543,0.3100971530779444,0.6928842123958954,-0.17288833576396334,402,549,1.2695623207837343,0.003158115225830185,0.14604537189006805,1.4992048358544707
658,0.6539244039643333,0.6539244039643333,0.64033641812527,945.52519095203,0.5441074985925138,0.1772457858395132,0.17542033679462868,0.1747112422079284,0.2018936513768405,0.19894698308391803,0.19789158221094197,1.0298970078404956,1.4299598828711684,0.40422598636920265,0.20086673364137542,0.1967300714329407,0.19660396389449036,0.19808055205169453,0.19571065578215682,0.19436552973029525,2.0594063205210795,2.1221880147141445,0.06410181093911335,0.016217255083112114,477,366,2.3662673803046346,0.004960728260596718,0.2173183560371399,0.2602933309972286
659,0.9060685520042452,0.9060685520042452,0.7742680260251974,902.5177376832884,0.5325383521339337,0.2199564240329937,0.21535974443612432,0.21540812742474738,0.2317852172693058,0.22764744814391014,0.22698202842171214,2.0898137515546593,2.06781712707062,-0.02246612464633956,0.2719425513767293,0.2615465067673223,0.2626786757699102,0.2401232773427422,0.23601939681793152,0.23526526826271957,3.8228826481094162,3.4065561126495343,-0.43287483231238466,0.15014886298303953,518,342,1.701935587450862,0.003285589937163826,0.1651289314031601,0.7586123086512089
660,0.8957730031163238,0.8957730031163238,0.76092413962957,803.7212430322555,0.5036003781505981,0.19378823590397196,0.18979853128296978,0.18983543175905265,0.19950648407221594,0.19827417821320625,0.19692130732285315,2.0587960886228402,2.0397544394170755,-0.019441918666830562,0.21216964212921702,0.20780424910349024,0.20798291677781083,0.2214873778003139,0.22009454759124256,0.21910952944652093,2.057501243777437,1.9732914234998595,-0.08597883589551296,0.13680497658741209,420,446,1.5194321442395449,0.003617695581522726,0.16856150329113007,1.1682906076312065
661,0.6608066571185744,0.6608066571185744,0.6418775895626174,743.2349146325147,0.4840457754751638,0.13715708605901744,0.13565802522623768,0.13512342980651165,0.19092647712209124,0.18919076568020116,0.1877636555494293,1.0929517940726199,1.4827205148049916,0.39407577902927793,0.25790342627732754,0.25077122257252016,0.2520803590185606,0.2405753241349027,0.23808574523293333,0.23710601755268543,2.765455196837135,2.2578479637976323,-0.522044129549924,0.017758426520459558,451,433,2.8567686062306166,0.006334298461708684,0.1626599282026291,2.344975857064128
662,0.7855504024659374,0.7855504024659374,0.701736214973492,733.6525741587812,0.4808056495656246,0.11864909847873453,0.11602147972721424,0.1158422083240165,0.20996524688034013,0.206601729325245,0.2060718482590087,2.2146133305776754,2.365707106675669,0.1545157014194652,0.2529084071408516,0.24785875586078307,0.24824932090310606,0.2913304524056508,0.28782280238485436,0.2873791510836135,1.9966324319366144,1.8422029897767611,-0.15757564866595225,0.07761705193133417,432,413,1.3587327091954648,0.0031452146046191316,0.1183149591088295,0.7634641826152802
663,0.4467609784860782,0.4467609784860782,0.5458906443256243,625.1904081153829,0.4410764516581875,0.014821985709132958,0.015239461697342275,0.014077946229419486,0.07990491716611697,0.08173261366122199,0.07802126728565321,-2.8165995865997773,5.01983670956458,7.621761785229951,0.020739358641411725,0.021086292655227143,0.020074644730005427,0.08795608677415724,0.09033453444821259,0.08676154988058654,-1.6728290388048468,3.2050842212594643,4.797656666170456,-0.07822851871653358,573,581,1.331951945554465,0.0023245234651910387,0.09658019244670868,0.28594665229320526
664,0.7795390333861824,0.7795390333861824,0.7089863354063394,952.96499480184,0.5460509790435842,0.06577148719480916,0.06243024053745196,0.0621695201140919,0.1493186764916408,0.14548809316093755,0.14426311474369957,5.08008378685543,5.476487204932067,0.41761880318826394,0.1561024651734114,0.15124198144790812,0.15130195432344185,0.20952918704233733,0.2053404886387376,0.20463859878461427,3.1136495635119177,3.0752306471500925,-0.0396535902000045,0.08486717236418151,485,401,1.4782375749200583,0.0030479125256083674,0.11549641191959381,0.5903527699410915
665,0.7473369103411971,0.7473369103411971,0.6943774185483278,1051.0040630699166,0.5701959096497596,0.13228974217847222,0.129029255301644,0.1286269693577194,0.19718050401780188,0.19525474821819416,0.19362148636118476,2.464655855500498,2.768750441596133,0.31177886207600375,0.2746619808084804,0.26677851172779943,0.26742441677453394,0.27720791895337493,0.2734089523131927,0.2723124480150251,2.8702440204776916,2.6350804041543636,-0.24211284580279085,0.07025825550616993,494,379,2.4890986531972885,0.005038661241290058,0.18733377754688263,0.6683480124920607
666,0.6138031565492876,0.6138031565492876,0.6202126814822166,482.8483804332515,0.3786815724322292,0.14117225063674713,0.14048303643561308,0.14003152608306355,0.20375774612624137,0.20380592176944207,0.20253014639134195,0.4882079856525607,0.8080373788321897,0.3213984862552939,0.19212922519619102,0.18854052946953262,0.1887526156732223,0.20950808658530506,0.208799878388418,0.20742843615266626,1.867855201619555,1.757467933116751,-0.11248838872278054,-0.003906481559941222,443,420,2.334439279511571,0.005269614626436955,0.17652276158332825,1.0180770084261894
667,0.4599317032084309,0.4599317032084309,0.5106316862316129,1773.33574478462,0.6912067275142332,0.14202830791197962,0.14291951981912804,0.13970435591875416,0.1814945652839264,0.18669174452544024,0.1804224900513153,-0.6274889282640281,1.6362597199043636,2.2496324535954457,0.14579784693434555,0.1408736572721731,0.14079091836826674,0.21357571435718034,0.21416840656499195,0.21086231815071263,3.377409039784977,3.4341580972272476,0.05873270099498494,-0.11348747681054494,281,276,1.0033978391438723,0.00357081081545862,0.11908262223005295,0.18180767446756363
668,0.3702224561448547,0.3702224561448547,0.4909029747507642,874.5218743428622,0.5246865543052408,0.0535078034621623,0.05493130964442969,0.052835958572559044,0.11643372865692751,0.12296716246764491,0.11674828968446146,-2.6603711798298915,1.2556016994387516,3.814493201479901,1.5556345130839717,1.6342370378083217,1.570508749609586,0.5763914377464929,0.6192816115480991,0.5898505968046189,-5.052762976344891,-0.9561523867278304,3.8995743410761206,-0.13321618829139364,295,217,1.525915862992406,0.005172596145736969,0.19267214834690094,0.1211529653519392
669,0.6784604449462565,0.6784604449462565,0.6496452554031996,701.8005388515936,0.4697366618271932,0.12798549222371775,0.1264146057543848,0.12596322846064356,0.21192499869777648,0.21005537170357258,0.20892105169042363,1.2273941694790347,1.580072653499883,0.35706103028808617,0.23378519454443053,0.23152069851254475,0.23089901680447822,0.2722558635279689,0.27112255974281657,0.2695829818404875,0.9686225153387172,1.2345425661263583,0.26852100570733617,0.025526092361041752,375,427,1.2278725309297442,0.0032743267491459845,0.12329438328742981,2.5280042961239815
670,0.8171415547753105,0.8171415547753105,0.7033986135918682,552.1880695808317,0.4107267029377174,0.15461157438537945,0.15241508403173654,0.15234409441851815,0.18486368241973503,0.18234019071552474,0.18158417075662295,1.420650661099938,1.4665654727824322,0.0465765010526153,0.16383114750596597,0.1643405930280505,0.16317650246010978,0.1867669282775965,0.18687937698418736,0.1851688585082069,-0.31095767187127094,0.3995852167441787,0.7083402502643006,0.0792794505497103,399,276,1.7567785223945975,0.004402953690212024,0.1797301173210144,0.31189374439418316
671,0.9978012853038338,0.9978012853038338,0.7961329955764621,675.7352873678175,0.4603212792017094,0.17103462337177047,0.16681550468602827,0.16698783407063442,0.19452634251892614,0.1922594473790961,0.19144658674110557,2.4668213970754294,2.3660643800405996,-0.10330537615823002,0.19483119222395676,0.19099667578988389,0.1910574250724693,0.2104369102204743,0.20793337242353493,0.20710784954112646,1.968122450159381,1.9369419795725176,-0.03180646068010975,0.17201383253430425,341,291,1.6560104321688414,0.004856335578207746,0.2251005321741104,0.1492818733677268
672,1.8921248162825972,1.0,0.8459228497102104,1140.4634323462365,0.5900904352113312,0.4833259011540862,0.4634123520090929,0.46554837406754596,0.3188110767174329,0.3129096562498138,0.31256544940534947,4.120108005270082,3.6781656112554764,-0.4609333456893102,0.29138817788608995,0.27807092478564716,0.2791307603519815,0.2654683171642873,0.2619693302297414,0.26134458331202437,4.570279136598604,4.206559656274101,-0.3811385771997929,0.2218036866680525,358,349,1.9356686901301146,0.005406895782486354,0.1436295360326767,3.4989003920927644
673,0.7408248499693241,0.7408248499693241,0.6771806597124135,660.4980990425175,0.4546607630472224,0.15693305250983255,0.15493796476641822,0.1546765044489173,0.22714368832758516,0.22731064760050992,0.2257571127237208,1.2712986279861824,1.4379049058348363,0.1687516148124694,0.25991426899764924,0.2519272506207645,0.25319599125019027,0.29095693023591457,0.2894636138834275,0.28858978216995573,3.072943400793819,2.5848052795899945,-0.5036138910338296,0.053061496670255615,410,388,1.6869928743690252,0.00411461676675372,0.14213262498378754,1.7573271747678518
674,0.2466199818781292,0.2466199818781292,0.3749881068496913,1537.5226179478284,0.659951249229904,0.27852380676917643,0.28341013915928287,0.2780962378669333,0.27674752774818695,0.27662848964869124,0.27428944339531,-1.7543679467787596,0.15351251557373904,1.8749863036350338,0.34665779708114686,0.3457579358562895,0.3439266512241046,0.33383676120620126,0.3297467718567793,0.3300292541341632,0.2595819948185715,0.787850693115362,0.5296435576090602,-0.24913105619246656,334,288,1.443257818929851,0.004321131194400751,0.12500540912151337,0.7360588908195496
675,0.5800483748089216,0.5800483748089216,0.6087906451242746,422.5031371846891,0.3478158329449428,0.12579376332382122,0.12536956242221442,0.1249044601460331,0.19205566817508105,0.19204140861801822,0.19071866924406994,0.3372193425160633,0.7069533133362587,0.3709850040115564,0.1447451140627072,0.14415570766811603,0.1437606994671526,0.2149639054688149,0.2147405283191391,0.213669921734345,0.40720296391893007,0.6801021242956424,0.2740149574048461,-0.015328517917883255,423,391,1.5081079062074423,0.0035652669177480903,0.18050958216190338,0.5235498454421759
676,0.254916083719015,0.254916083719015,0.5050579569318484,377.0810620706429,0.3224816172405264,0.06565658413926168,0.0668157315334979,0.0656508820155175,0.14022459205661775,0.14099354527539876,0.13923623361384738,-1.7654701496160734,0.008684770642474077,1.743376134999599,0.2565006995679855,0.25533740833420954,0.25501116716571487,0.21347297061432846,0.21357654900256412,0.21197902300320096,0.45352361055359364,0.5807128030369448,0.12776865349383218,-0.11906120611030946,354,482,1.0452724546194077,0.0029527470469474792,0.158822163939476,0.7077875696122646
677,0.8267791585242035,0.8267791585242035,0.7634676157423181,1743.6932881462678,0.6875972357973611,0.48894814402075004,0.4818013119739818,0.48151702675703095,0.3999318074076936,0.3923925528420571,0.3922739815355315,1.4616748491972902,1.5198170510702924,0.05900465812060582,0.29996048755446836,0.2924766216127427,0.2930934543360632,0.3061639508789903,0.30383719391268593,0.3030256786838345,2.4949505859056575,2.289312593932292,-0.21089983873557294,0.13934845270016027,406,517,0.925271401181817,0.002278993598969993,0.13712070882320404,3.6116037582978606
678,1.469333248743346,1.0,0.8539215653814243,1246.290543852174,0.6113703592850107,0.5576129395079883,0.542460535562695,0.5436990246106964,0.31973572722883103,0.3165209908022316,0.3159709042022469,2.7173694998295854,2.4952639925409317,-0.22830952056571335,0.430604051400914,0.4221154306859014,0.4225198760956086,0.29853111268668364,0.2955604205426533,0.2951734453705326,1.9713285760772545,1.8774034473211785,-0.09581393626146265,0.2298024023392664,290,320,2.0023330748081207,0.0069045968096831745,0.15671901404857635,0.3230991456657648
679,1.109089483560625,1.0,0.7714044631418482,510.4374128382972,0.3918404069005771,0.0949008931723721,0.0910013590040034,0.09132829125260228,0.16121007816121488,0.15858602318221332,0.15805584225554672,4.109059501985753,3.7645609017406945,-0.3592608420106088,0.14346336346575508,0.14063535494431198,0.1406693825474006,0.1862455884096724,0.18480104103559006,0.1840011533970772,1.971240916931488,1.947522245999345,-0.024195624992094406,0.14728530009969032,408,375,1.0226975716650486,0.002506611695257472,0.16479070484638214,0.2722401060163975
680,1.231403617140864,1.0,0.8422627991572418,1095.6182552170376,0.5803531722463158,0.4549616527914631,0.44491074025294086,0.44558329154196913,0.37516912151138543,0.3700803082846849,0.3699696423069878,2.2091779552966413,2.0613520264734624,-0.15116544245389713,0.3780131752476683,0.37246248037796004,0.37233263425736074,0.35672157544565775,0.35358225732384546,0.3530296383163024,1.4683866153796212,1.5027362436734562,0.03486153033925315,0.21814363611508392,318,254,1.7353668827563524,0.005457128562126895,0.15774399042129517,0.4707177672535181
681,0.9862806651288584,0.9862806651288584,0.7999289902282471,747.4130702894186,0.4854459299873372,0.22352479800123412,0.2189661420090314,0.2191280342908128,0.2681089651553411,0.26593936116400096,0.265313316762606,2.0394408284746834,1.9670138390627494,-0.07393484686537667,0.18890593452631518,0.1845519473057598,0.1847687766345603,0.2590969078005798,0.2568197379778415,0.2563771893915568,2.3048440651020727,2.190062425581752,-0.11748959139469421,0.17580982718608928,299,340,1.6343336291611195,0.005465998759736185,0.16921287775039673,0.69405004568398
682,1.0606182726864313,1.0,0.8100382540049591,775.3694334714444,0.4946224246692667,0.22050775844663992,0.21505564284752018,0.215343098708059,0.25544545858182716,0.2531684228052584,0.2526257430735827,2.472527786562701,2.3421669037693698,-0.1336658070128576,0.2472581910987446,0.2434417275279839,0.24351499949256916,0.27683903667206194,0.27406687184022693,0.27376783117058173,1.5435135045684178,1.5138797180153176,-0.030098358785609566,0.18591909096280124,346,350,1.2531784065067768,0.003621902908979124,0.16044941544532776,1.012467016465962
683,0.5827648602263814,0.5827648602263814,0.5967770775072275,1545.8794222705185,0.6611666422411412,0.5193944175376626,0.517789655166713,0.5161038537667844,0.3168771043887599,0.31727351710338875,0.3144385583138592,0.30896796668654325,0.6335385325237177,0.3255764929073196,0.30817129608081884,0.30542964433301895,0.30478474568985336,0.2529026822292493,0.25097877650732614,0.2494926017360085,0.8896518860344744,1.0989181776609518,0.21114474483113013,-0.027342085534930338,411,591,1.1144219767302275,0.002711488994477439,0.13713917136192322,10.097438814118505
684,0.8249113764633418,0.8249113764633418,0.7363068779762739,1003.0910887178233,0.5587254257653403,0.21098169530148414,0.20689385029905816,0.20675038901789378,0.20087060671251458,0.19850250952295728,0.196893464682522,1.9375353850411623,2.005532412441753,0.06934052460090644,0.25555337427440333,0.2497948279354956,0.2499334548705794,0.25103704002941596,0.24726296025669972,0.24636108134247664,2.2533634530391424,2.1991176676029593,-0.055496319211067215,0.11218771493411606,500,254,1.3385280286893249,0.0026770560573786497,0.10389939695596695,0.5332895405590534
685,0.3357860959488182,0.3357860959488182,0.500857376941198,591.5722270280374,0.427497918790762,0.20340479201658762,0.20462323954980713,0.2030875781252611,0.25241386697396234,0.25390519867166744,0.2517636582279536,-0.5990259723675259,0.15595202462125596,0.7504824124203338,0.32244332541015486,0.3240976151367802,0.3220929056063974,0.29518196302855393,0.29614825831589503,0.2939083119815642,-0.5130482153789521,0.108676401755781,0.6185511514908035,-0.12326178610095984,457,416,1.9794868044555187,0.004331480972550369,0.18611416220664978,0.5176897644996643
686,0.7459403903330163,0.7459403903330163,0.6870870381465416,847.6150808353211,0.5168875450092338,0.21996608279401592,0.2173514081021537,0.21702671347803834,0.20159746905819245,0.2003363009149871,0.19865748359700494,1.1886717527768553,1.336282975375847,0.1493869429926825,0.25655269712232454,0.25745238769999246,0.25575787797414745,0.23932810506472998,0.23881438620795056,0.23697122277131857,-0.35068451345843726,0.309807363981098,0.6581837290317178,0.06296787510438373,397,205,1.2805071417242289,0.0032254587952751357,0.24527010321617126,0.21387953869998455
687,0.967462692681922,0.967462692681922,0.8095430216769897,930.2083326994824,0.5400534526728332,0.2818688129687119,0.2764147981689068,0.27655410509287226,0.255062487946561,0.2556184150072441,0.2539428780722927,1.9349479434642265,1.8855253335279762,-0.050397780758590256,0.27353263597608535,0.2679994175262206,0.2682618868343431,0.23986801705051577,0.23939597732967577,0.2381451011329228,2.0228732231968567,1.9269178330161172,-0.09793652185711761,0.1854238586348318,364,389,1.9338473826646805,0.005312767534793078,0.13303036987781525,0.553532661870122
688,1.030598638120649,1.0,0.8775215070670458,1639.0856032923102,0.6741560598719986,0.4527218757340331,0.4418135801682336,0.4420448252321969,0.33884630504507696,0.3338992344738394,0.3334040799491816,2.4094915996964064,2.358412763802207,-0.05233996290364644,0.33510059238746165,0.3233253993915195,0.3239126695019455,0.26959837756739097,0.26438655593813265,0.26399374109620155,3.5139278364291964,3.3386759497518383,-0.18163438799773854,0.2534023440248879,464,292,1.6200722008943558,0.0034915349157205945,0.10475491732358932,0.18014994263648987
689,1.6719411002748177,1.0,0.8247358384907426,906.8276451909056,0.5337241373416581,0.2968058521512225,0.28347617389183244,0.28499035081597623,0.22700183277042713,0.22209981262309472,0.22168271030450432,4.491042936915748,3.980885568666714,-0.5341460988963285,0.2716549653294111,0.26604375944707614,0.2662976244883658,0.2617310452179219,0.2593043055066045,0.2586411579090177,2.065563526707763,1.9721122470737544,-0.09542228760308857,0.20061667544858475,508,452,1.9595442786812782,0.0038573706273253507,0.3532520830631256,1.8076338022947311
690,1.373993205559722,1.0,0.8090645202803991,767.374986073357,0.4920318863155672,0.1854889789275815,0.1770768712120412,0.1779396170530843,0.22427995310730167,0.21832582214377622,0.21837608737049313,4.535098400010371,4.069978668352376,-0.4872154308678883,0.2490165541035918,0.24220570686138132,0.24261977933285328,0.25826481441009697,0.2537278876289018,0.2534390133069411,2.735098181214549,2.568815070855667,-0.17095900705136616,0.18494535723824124,456,409,1.8676978684961796,0.00409582865898285,0.18221920728683472,0.9490809682756662
691,0.741046365016683,0.741046365016683,0.6740718398139445,590.8809160055869,0.4272117687607862,0.1774548342698799,0.17566838914444247,0.17543652427267506,0.2057660397839262,0.20328094330524246,0.20249527500921097,1.006704118705802,1.1373654628846694,0.1319900938903452,0.20165184183132792,0.19752121205859427,0.19798238555511405,0.2026770537641318,0.20019936815045322,0.19937892903886398,2.048396749179571,1.8196988645822518,-0.2334804913929815,0.04995267677178661,345,275,1.3273313352838159,0.0038473372037212054,0.1058298870921135,0.3536135256290436
692,0.4178887009856395,0.4178887009856395,0.5543533023206542,405.0174989622767,0.3382907647386447,0.020632799859667303,0.021049924495470787,0.020236539302038337,0.09142138846971792,0.09362279195691027,0.09077628770849881,-2.0216579361043157,1.9205370106049962,3.864076536747021,0.02414120525025138,0.02379079937571927,0.023284477977856776,0.09685108716519054,0.09793227691408944,0.09555175888968567,1.4514845920067008,3.548817316756312,2.1282235618330745,-0.0697658607215037,454,493,0.630795007571578,0.001389416316236956,0.06398268789052963,0.7373851630836725
693,0.9266459306740176,0.9266459306740176,0.7901740029153793,963.9600900071551,0.548893048945973,0.6174346851506779,0.6122762759376823,0.6123563385467278,0.28739909353288434,0.2901893165105041,0.288247028839038,0.8354582819941101,0.8224913057339516,-0.013076222645219945,0.6033124577614138,0.5866058557234053,0.5890650209141816,0.29678513639672444,0.2972760506932776,0.29592132772900176,2.769145875090707,2.3615353311445433,-0.41921933897908575,0.16605483987322145,305,218,1.8788587804883718,0.006160192722912694,0.19133788347244263,1.3317457968369126
694,0.8552963585744531,0.8552963585744531,0.7605931419702806,1141.6578449124725,0.5903436046703727,0.34675615077282024,0.34166851687964145,0.341582812033212,0.26342324068630724,0.2606564646086421,0.25941355804525273,1.4672079736263968,1.491924145564064,0.02508420945897023,0.14799309530693613,0.14460493901212548,0.14425197189139785,0.22370561563231087,0.22213531498583508,0.22086781194387217,2.2894016020028842,2.527904026724512,0.24409063973813147,0.13647397892812274,305,370,1.2012197896838188,0.003938425539946947,0.0986759215593338,1.586077542975545
695,1.0850309983305806,1.0,0.8108716826018663,782.2773441515716,0.4968396927898031,0.29481653463575785,0.2890763116824618,0.28940958539772355,0.33004860741871206,0.32747278077822606,0.3269881345277802,1.9470491912497527,1.8340047462787414,-0.11528918205786738,0.1301171497877671,0.12898340034724087,0.12878034306563227,0.16999880633683617,0.1695978934410644,0.16887058909181107,0.8713297535147861,1.0273870310833533,0.15742900331511356,0.1867525195597084,337,439,0.6352333053946495,0.0018849652979069718,0.09176402539014816,0.6182734528556466
696,0.9837183871853168,0.9837183871853168,0.8772760491641491,1884.196451257617,0.7039973090186864,0.9104551348347251,0.8990235114584629,0.8991542585510621,0.49593840810528567,0.4915576702920768,0.49122190672278304,1.2555943658154356,1.2412337358846781,-0.014543233956927892,0.32129292854678776,0.32002498866989004,0.3195939369352065,0.2638030976182743,0.2639513908260402,0.2632395645517703,0.3946367206501014,0.528798320979497,0.1346931489553734,0.2531568861219913,289,304,1.461872911080718,0.005058383775365807,0.16042940318584442,0.4212358621880412
697,1.1403752266285587,1.0,0.8345511820803767,1007.6251416833312,0.5598370503304492,0.27034565554909107,0.26225241128782656,0.2627189102210109,0.29108920082888806,0.2864904187712155,0.2859912515833444,2.993665366963845,2.8211088920921283,-0.17788165641396309,0.09875789473783028,0.09631196697891574,0.09616086580176492,0.19263660357453127,0.19093167670534614,0.19032462150831023,2.4766908664949536,2.6296924847979217,0.15688722999905194,0.21043201903821884,263,348,1.2390319239348173,0.004711147999752157,0.12557263672351837,0.8826875630766153
698,0.5889760278771964,0.5889760278771964,0.6016191530612169,1409.870145824242,0.6402391213910252,0.3112244516045192,0.3096510439510213,0.30815872574703623,0.2443241233492574,0.24492238992850732,0.24193094285503236,0.5055539966047777,0.9850530193490992,0.4819354667575703,0.29507306630929625,0.2884570262433223,0.28917915666803556,0.2456566928280805,0.24357036689384776,0.24160895212846595,2.242170100011429,1.9974407406885035,-0.2503424631799792,-0.022500009980940927,492,417,1.9688420481979847,0.004001711480077204,0.18270252645015717,1.2022466510534286
699,0.4263280501692172,0.4263280501692172,0.4858326869777223,1841.110024258284,0.6991541432565257,0.6477997654196193,0.6495010267749788,0.6457420625853232,0.3575867512036785,0.356460911547528,0.35451867754280125,-0.2626214837014519,0.317644887222701,0.578746458388264,0.2021066643291957,0.20137982946664768,0.20027901744294532,0.2253461098972009,0.22553823622428523,0.22350771652108514,0.3596293397649325,0.9042981795362554,0.5466346985285672,-0.13828647606443556,315,381,1.160718330182135,0.003684820095816302,0.23691411316394806,2.0800997838377953
700,1.2057017148189404,1.0,0.918011232374475,2839.777735686733,0.7818756383297065,1.9076435864858423,1.8825076741617057,1.8832281013926786,0.6465002405539289,0.6414333737953107,0.6412207979469579,1.3176419590223667,1.279876663865738,-0.03826955081570581,0.6277023193822409,0.6180429763973064,0.6182008383658703,0.2660189686890841,0.262986556350851,0.26271331744215937,1.5388413722034293,1.5136921950075917,-0.025542231623443074,0.29389206933231715,362,518,0.7650945363566279,0.002113520818664718,0.0609651617705822,1.8635252816602588
701,0.2983570157566181,0.2983570157566181,0.4393523822372004,1038.1733902389662,0.5671830884728425,0.3554794328683726,0.3581051149445548,0.3550292998072847,0.28835639974107796,0.2941274216413654,0.28886267059161064,-0.7386312212201842,0.1266270336530418,0.8589140475545421,0.35354468175536696,0.35496915693610415,0.352516173363083,0.28159518771927516,0.2877876799209037,0.2822260816028248,-0.40291234863570663,0.29091326934331785,0.6910413271378102,-0.18476678080495745,313,416,1.7608145996928215,0.005625605749817321,0.2729746103286743,4.410048400983214
702,0.6793869599303857,0.6793869599303857,0.6549363609654816,998.514755098326,0.5575977270389058,0.13459782572614798,0.13235118055302533,0.13171123533155937,0.2101875236774251,0.2086972471300961,0.20699397309826592,1.6691541345501815,2.1446040298315423,0.48352059935692915,0.14667673402701145,0.14503274760438822,0.14432259211658308,0.22053958027364542,0.22065766306138013,0.2188470815007866,1.1208228990976017,1.6049865890761144,0.48965181969955346,0.030817197923323714,399,401,1.4220235496759415,0.0035639687961803042,0.43709975481033325,0.7622463908046484
703,0.6965758234581869,0.6965758234581869,0.6656361225568662,1063.0661049970554,0.5729902437723158,0.1552704700303406,0.15264939468691943,0.15204198666575575,0.21805164637025673,0.2155113893173785,0.2140958452839349,1.6880707213090873,2.079264243841089,0.39791053374922725,0.21450081920088993,0.20971553118995048,0.20965119211455865,0.24518929988319405,0.24158360535640652,0.2407053801350731,2.2308949815514687,2.2608897739403835,0.03067921342151476,0.04151695951470835,541,630,1.470726323314011,0.0027185329451275622,0.18068529665470123,18.60615834314376
704,0.7707304170414722,0.7707304170414722,0.7268892971276155,1857.103571672067,0.7009702958132963,0.5167951981733564,0.5104890770559575,0.509899269437044,0.29486072576867867,0.2937476724182138,0.2913616442720194,1.2202360121936668,1.3343639338535787,0.11553775495353484,0.5391355067840334,0.5254626955591115,0.5270675890431495,0.3132682294903643,0.3099928575846819,0.3083016057339127,2.5360620943852927,2.238383038963533,-0.30542481846981784,0.10277013408545765,429,407,1.9183743707835674,0.004471735130031625,0.17801906168460846,0.42295487225055695
705,0.8706440290722427,0.8706440290722427,0.775095997298511,1251.8128665266886,0.6124203074830128,0.28994170607418507,0.28412220772361907,0.28406251595753185,0.30022347472297567,0.29747659724632264,0.2965693224607225,2.0071270288645575,2.027714534848243,0.021009187055623414,0.1523154357009735,0.14711151634797154,0.1470766060606765,0.24343219129609048,0.24051868055820505,0.23968720920567443,3.4165410281977757,3.4394607586468844,0.02373049246020455,0.1509768342563531,478,545,1.5404592491686344,0.003222718094495051,0.16618430614471436,7.822555872728117
706,1.0245383780865642,1.0,0.7987129291821407,687.1692149326362,0.4644923310085234,0.22979704820006117,0.22527609413785235,0.22549326936820144,0.21295571274091332,0.21143951588849566,0.21052900029410052,1.967368204953127,1.872860798504627,-0.09640402865658343,0.3887955981710949,0.3806968147419537,0.3814021056306777,0.24428359792498155,0.24144054293133066,0.24069738621380676,2.083044012647793,1.9016399813157217,-0.18526314416422765,0.1745937661399828,415,352,1.1106576062738895,0.002676283388611782,0.1231173500418663,0.8591218441724777
707,0.7416432051895581,0.7416432051895581,0.6857387909974181,873.2202783208218,0.5243150833595059,0.19222432543166698,0.18957773017165847,0.1892293153578314,0.1920855115006472,0.19152381926409506,0.1892308573307225,1.3768264001266288,1.5580806784520373,0.18378467423972777,0.18162221071396145,0.1783662224398577,0.1783811295443362,0.1967340791022743,0.1956871937707076,0.19389197769486125,1.7927258242834858,1.7845180701658094,-0.008357582660313561,0.061619627955260214,290,311,1.7743906183168292,0.006118588339023549,0.24014681577682495,0.9077473469078541
708,1.0080429206598702,1.0,0.8074929215231553,754.6426127558661,0.4878507772971788,0.22112580547614272,0.216317070313604,0.2165071110593243,0.2775917285487986,0.27446247089606185,0.27409352714018703,2.1746603261361677,2.088717961647733,-0.08785286590872528,0.2366278480323319,0.22979478753601493,0.23028067097175559,0.28015787242554857,0.2774028911243734,0.27701469953127583,2.8876823049936706,2.682345765029757,-0.21144232249589537,0.18337375848099746,284,325,1.2906259410083294,0.004544457538761724,0.19292348623275757,1.2453666105866432
709,0.6617356716134934,0.6617356716134934,0.6496171652102511,1666.893675291222,0.6778407443035038,0.6659676969122705,0.6625862478845574,0.6613916501833114,0.32661545768839717,0.3240811973795434,0.3220611690668554,0.5077497066886318,0.6871274312816984,0.18029316259733416,0.7552693231316004,0.7388305473462506,0.741394590823682,0.357202105616453,0.3537089659821676,0.3514952716564753,2.1765448803334304,1.837057574427777,-0.3470408047746436,0.02549800216809328,417,339,2.2106806114315987,0.005301392353552994,0.22131231427192688,0.5354383382946253
710,0.9123047813284072,0.9123047813284072,0.7825364247094664,967.12929575439,0.5497056466917639,0.3152936860319874,0.3102922808443204,0.3103477734479353,0.3738951728645954,0.3710985749491174,0.3709597150209867,1.586268742203593,1.5686684520381755,-0.01788397812020091,0.2720376604036811,0.2662880161216665,0.2665068648877066,0.3201515658675335,0.3173606161171608,0.31702018779400754,2.113547173388635,2.0330992068404354,-0.08218498497509058,0.15841726166730852,404,388,1.6064988691359758,0.003976482349346474,0.2793411910533905,0.1325470209121704
711,1.0704732826464538,1.0,0.9373538411885752,3961.195082929564,0.833335055549929,2.820702189418279,2.792358872614122,2.792675714118186,0.5536057810521953,0.5495400310469369,0.548788306272213,1.0048319496643654,0.9935992323199899,-0.011346732942222142,1.357994574798461,1.325149730882652,1.3263670948001105,0.3364789468714796,0.3336497563369627,0.3332011908559617,2.4186285074580187,2.3289842673373187,-0.09186614079056224,0.31323467814641737,237,206,0.8208902943879366,0.0034636721282191416,0.1642942875623703,0.45518362428992987
712,0.6341959760510761,0.6341959760510761,0.6296989627285893,982.9813445023184,0.5537266278031688,0.16760288259703288,0.16594835544263933,0.1651235799891501,0.17898530366589846,0.1783438780686851,0.1763220256692696,0.9871710609963179,1.4792720563427113,0.49700730765863643,0.1905760317215065,0.1877904463352902,0.18737748315888658,0.19154028177536406,0.18883655294057491,0.18748858015333594,1.4616661712669794,1.6783582561389656,0.21990638206711832,0.005579799686431408,393,422,1.6355437003076077,0.004161688804853963,0.14398601651191711,1.3561179414391518
713,0.7706630623206616,0.7706630623206616,0.6834600242713271,539.1046418528005,0.404935732714421,0.19447200886073873,0.19264183987023148,0.19248972963353939,0.26872572898502683,0.2670176242429253,0.26649882814662607,0.9410963568632827,1.0193133905552727,0.07896012454748087,0.1451346546382618,0.14654256411271482,0.14540557997151407,0.21030593629121114,0.21108852376890522,0.20978754458266147,-0.9700711921368025,-0.1866717042373699,0.7758729677516966,0.05934086122916926,357,463,1.2382773980498314,0.003468564140195606,0.4258173406124115,0.30543691851198673
714,0.5414858913303005,0.5414858913303005,0.5945929476418349,440.4599203920867,0.3573163059945268,0.1290610023977695,0.12883181224634543,0.1282588772748573,0.15468537098835244,0.15616574335046826,0.1543024780099411,0.17758280748330757,0.621508517685322,0.4447154483805606,0.11782444944479212,0.11522118893211508,0.11551068834646959,0.15475871843910266,0.15648860032821788,0.1545518204165385,2.209439997338431,1.9637359726485846,-0.2512553611342026,-0.029526215400322964,268,327,0.899745861068368,0.0033572606756282386,0.1192665696144104,1.1305559389293194
715,1.040108805354441,1.0,0.8131041915688036,801.0851493769431,0.5027790989723742,0.20095039514544652,0.19552352951458704,0.19577433272028788,0.22766592460701912,0.22405725320111688,0.2234875365798476,2.7005996315317273,2.5757911157190017,-0.1282726464295582,0.3663615602357446,0.35661445845184386,0.3572966235960278,0.27956601912145457,0.2760581453932465,0.2754292750041218,2.660514322962469,2.474314345064952,-0.19128925595036478,0.18898502852664578,347,321,2.0940313786268234,0.006034672560884217,0.2529185712337494,2.559353766962886
716,0.6056236205145716,0.6056236205145716,0.616225708219946,589.8296181441982,0.4267760629588844,0.13732575236439246,0.13654434633696022,0.13596944473017364,0.24805822520134463,0.2476876004289809,0.2467296775614216,0.5690163818354933,0.9876571661663788,0.42103655128119055,0.08371413580747165,0.08300709733397221,0.08255487253141022,0.2090043442897992,0.20848577315475167,0.20766885167336915,0.8445867196497255,1.3847879630837265,0.5448025736190978,-0.00789345482221182,334,304,1.6513015925884247,0.004944016744276721,0.16824176907539368,2.100139182060957
717,1.111471085436459,1.0,0.8343885734942919,1005.8579220253866,0.5594044435835851,0.37856027205897275,0.3708458801844026,0.371251796966872,0.2671284313645872,0.26236037803890816,0.2619177141053759,2.0378239461346235,1.9305974851376444,-0.10945700199434107,0.5628951793940882,0.5494697442429884,0.5503718031268113,0.3092246422081252,0.303905665051748,0.30340681524684093,2.3850684181646646,2.2248149790085714,-0.16416898169082364,0.210269410452134,398,289,1.5377971846610308,0.003863812021761384,0.3975587487220764,0.17932555079460144
718,0.4426383768783003,0.4426383768783003,0.5548246826559892,489.3387823624208,0.3818281915728712,0.08830059592112185,0.08865265876996674,0.08773795278769703,0.1972392533616156,0.19825165602598738,0.19649272344311572,-0.3987094822773089,0.6371906413037489,1.031786293790876,0.3291194273358678,0.31864611475993787,0.32196416093429636,0.3066513141393686,0.30424244832359715,0.3041598541537839,3.1822225326254796,2.1740638222092725,-1.0412950356724877,-0.0692944803861687,338,210,0.6082564890384674,0.0017995754113564123,0.09006927162408829,0.20088844187557697
719,0.7353023866702532,0.7353023866702532,0.6705461118152485,567.9879553987183,0.417571529751534,0.05093557763085968,0.049259266654724874,0.04902463019712884,0.1493493393346465,0.1473001924553769,0.1463357344491529,3.2910414568837645,3.751694832205217,0.47632957924583286,0.06195431597554268,0.060938252878823526,0.06054738541055734,0.15441429652918798,0.15372590006460912,0.15246027763417247,1.6400198770982413,2.2709161465695824,0.6414156130196753,0.046426948773090615,503,605,0.9519499028101563,0.001892544538389973,0.12190231680870056,2.646937033161521
720,0.6107327951594204,0.6107327951594204,0.6210982417490332,230.88846361795004,0.225671468137402,0.033869414026523215,0.033548737163357455,0.03332948244236148,0.12417867694507187,0.12372714153184237,0.12302201300936362,0.9468036940781946,1.5941568511900197,0.6535409065574228,0.05556810384242291,0.055602603696889706,0.055232928787784456,0.11802224225200109,0.11812091833225562,0.11720035873411976,-0.06208571479176098,0.6031788588448604,0.6648517956469882,-0.003020921293124701,325,475,0.6792016942054033,0.0020898513667858562,0.10274078696966171,0.6893001804128289
721,0.8199882745416761,0.8199882745416761,0.7021532336263538,524.6390910158455,0.3983990634704438,0.07345103091363799,0.07134539227362101,0.07128446100349024,0.15454033032207862,0.1504587466474373,0.1502903040168635,2.866724420100703,2.9496793757668898,0.08540323094318969,0.04181528876643928,0.04073758904063963,0.04046856674625236,0.14075289549372044,0.1389964584937656,0.1382741774876859,2.5772863409342444,3.2206450317946578,0.6603785366848536,0.07803407058419598,382,544,1.2858070395886898,0.003365987014630078,0.15929362177848816,2.128856036812067
722,0.6913406014786867,0.6913406014786867,0.6773930565494869,3025.9901558901,0.7925134413425381,3.0661309913331407,3.0588688653987566,3.0570646102232475,0.4666725126796931,0.46473477064192015,0.46207611624075484,0.23684982653746936,0.29569451323249546,0.058984391123085296,4.338064188581059,4.401223466919565,4.369306934900185,0.6959826429746223,0.7066507922130938,0.6989208918984418,-1.4559323143432918,-0.7202001851739449,0.7251740853258446,0.05327389350732903,114,209,0.6757716313004494,0.005927821327196925,0.1485726535320282,0.49475213047116995
723,0.4917032564291493,0.4917032564291493,0.5830373545354054,356.3423592059333,0.3102482893298911,0.02756735798461817,0.027604440078459275,0.0270457027365503,0.112984794347871,0.11226185962170547,0.11114272913137392,-0.13451450030792433,1.892293227225246,2.0240850396562693,0.026227408500865506,0.02598553589154366,0.025580490747748406,0.10991891226868872,0.10987011094937225,0.10847993893977974,0.9222131470361064,2.4665713850293365,1.558733079378459,-0.04108180850675247,172,148,0.5593316294252872,0.0032519280780539954,0.10384364426136017,0.044212265871465206
724,0.0144444281722428,0.0144444281722428,0.0363529581373482,21254.075323734687,0.9640652159060192,5.426293418986036,5.555733950511801,5.426329586500161,1.0993344476377416,1.1372322793023664,1.099915241265704,-2.385431850641647,-0.0006665233766827704,2.3292037589330334,2.72241781980811,2.785597658324719,2.720889311533316,0.690841445925458,0.7287487227652512,0.6913921731391955,-2.320725277983309,0.05614524940560079,2.322960984621118,-0.5877662049048097,321,313,0.8252865429967642,0.002570986115254717,0.07980123162269592,1.9982931315898895
725,-0.0012339650122517,0.0,0.3998174198607277,444.4488412307496,0.3593892904811818,0.06591046740512897,0.06870462823865282,0.06635877576967596,0.11794477881278766,0.1236215105325913,0.1186077544630201,-4.239327899693239,-0.6801777960265203,3.4144023905177088,0.0712391135886638,0.07400433492851397,0.07162379509389687,0.13512091377173865,0.1399140594479729,0.1355616113022638,-3.8816054840555827,-0.5399863724501416,3.2167572844437164,-0.22430174318143015,193,254,1.0915405824780464,0.005655650686414748,0.11218295991420746,0.2659849589690566
726,0.6163058685416398,0.6163058685416398,0.6187154137316019,1776.6871410555686,0.6916095777776824,1.3090886684185223,1.3064968670304626,1.3048565670499597,0.3651381514701729,0.3632385801536461,0.3613285454630774,0.1979851671308706,0.32328607455409153,0.1255494767646253,1.3339361777028518,1.3439049276180093,1.3360812327272686,0.4166913190371633,0.4205597695636401,0.4165876874091556,-0.7473183561393855,-0.1608064208971996,0.5821613367106012,-0.005403749310555983,112,235,0.6413706075400114,0.005726523281607244,0.10499484091997147,0.2811576798558235
727,1.2650668446217923,1.0,0.8394967652993467,1063.0840201924225,0.5729943670454928,0.4432125847796574,0.4330112711019474,0.4337502981055624,0.2723076332837726,0.2732639064708279,0.27206623589563744,2.3016750940818973,2.134931858669842,-0.17067153973481794,0.7910393375041747,0.7666884736813062,0.7694363677930549,0.3309593250681016,0.3289342780365863,0.3281709735683984,3.0783379117021386,2.7309602300284768,-0.3584107764858517,0.21537760225718883,372,313,1.7169326767325401,0.004615410421324032,0.20230408012866974,1.0029063886031508
728,1.7981649540181408,1.0,0.8678443203932199,1461.0509761363078,0.6484107019757372,0.4463195560153306,0.4225301072237624,0.4246231403326585,0.3222305989829413,0.3182499575658864,0.31793061679306583,5.330138119861154,4.861184187485346,-0.49535715280703374,2.9164674656566376,2.8362299978645904,2.8398512142784234,0.8041464618827244,0.7896575539892755,0.7899273032383488,2.7511867948776136,2.6270223234245558,-0.127677107165476,0.24372515735106204,429,375,2.4010145403444767,0.005596770490313465,0.16712839901447296,1.541633315384388
729,0.5392837064554427,0.5392837064554427,0.5803424341938733,844.6730932118281,0.5160192519685195,0.16831463190556764,0.1678984432410515,0.16678298866408317,0.240229523648481,0.23914594865674982,0.23793339511524206,0.24726826170980168,0.9099881716426138,0.6643626679533091,0.2211232739748292,0.219637113567472,0.21883160027564247,0.28405785311442,0.2817240244295686,0.28102237402109104,0.6720958769479697,1.0363783323177438,0.3667473491824453,-0.04377672884828454,350,392,1.4709378387778997,0.004202679539365428,0.08650260418653488,0.6250828057527542
730,1.3637118595808762,1.0,0.7829254620236903,579.5750493743161,0.4224910752748584,0.1646312935288812,0.15835262300332217,0.15909783332508942,0.17789637870520372,0.17408752730933585,0.17368532176566098,3.8137770717676847,3.361122958571085,-0.47060181740823687,0.15742251920821432,0.15532558110683398,0.15535692385607414,0.1997265499806953,0.19869357129829898,0.19835001004829786,1.3320445587627991,1.3121346059823433,-0.020178742623600372,0.15880629898153242,421,457,1.6331083811819553,0.003879117294969015,0.11852908879518509,1.5201141107827425
731,0.5428456915414926,0.5428456915414926,0.5862978040839993,689.567961776945,0.4653592157417435,0.08190388708018805,0.08153331443084039,0.08063770130098445,0.15175137100291744,0.15368944316901376,0.1506726588595838,0.4524481835457323,1.5459410100572317,1.098462801503829,0.07588483387942346,0.07529418313290179,0.07458709537479366,0.14635033517653748,0.14759103556652997,0.14503438880661562,0.7783515049399531,1.7101421170557387,0.9391001119701985,-0.037821358958158524,470,349,2.2390472227707505,0.004763930261214363,0.20424580574035645,0.36185405775904655
732,0.7017485753284429,0.7017485753284429,0.6635068257825808,815.9683234323879,0.5073806638541515,0.17012847108469203,0.1680636952623257,0.1676159838121891,0.20038870327207847,0.198805899398529,0.1970435194401101,1.213656837801394,1.476817640506625,0.2663939106169195,0.2588483144539557,0.2517947406961279,0.2530080490855671,0.23934751617746647,0.2363973621424708,0.23533310486449144,2.724983460953724,2.256250105668518,-0.48186407153891975,0.039387662740422935,473,468,2.073075939901173,0.004382824397254066,0.17564018070697784,1.1520458925515413
733,0.8731708225482149,0.8731708225482149,0.7595420098329612,944.1789458690992,0.5437540430743838,0.09877065702919566,0.0943513810676429,0.09433258622947881,0.19343362012384469,0.18853624240832642,0.18780856858875877,4.4742802108185415,4.493308977791855,0.019920045633059383,0.12258511039132433,0.12057375929473808,0.1199295102902766,0.19048919914073617,0.18892781816315823,0.18739594548058086,1.640779284013759,2.166331696052115,0.5343194142986315,0.1354228467908033,486,646,1.4560551969334483,0.002995998347599688,0.0911986455321312,1.8023478481918573
734,0.8255887208366517,0.8255887208366517,0.7193402568754691,710.004902656776,0.4726326640893317,0.11920666843771677,0.11630719036171121,0.11622200830448971,0.15107254277567048,0.14983371939571166,0.14836263126692434,2.4323119788558496,2.5037694386925033,0.07323885733683479,0.2832316067917888,0.27371415375527747,0.27494188409700593,0.22954665800042773,0.22559351246672002,0.2245590821809385,3.3603075392316275,2.9268353163977547,-0.4485447043510038,0.09522109383331123,426,487,1.5830319495871663,0.0037160374403454608,0.10038053244352341,4.837716594338417
735,0.6137033250140846,0.6137033250140846,0.6207647081463187,376.3422894494414,0.3220532891158763,0.05968053447634196,0.059143817518010955,0.05879173946441038,0.14777711697273965,0.14774088978172306,0.1465070697444982,0.8993166080705345,1.4892544440665272,0.5952913903356956,0.11449054981933511,0.11259410353352037,0.11252606770524054,0.18158845319250672,0.18030636003760628,0.17946703361339947,1.6564216774286746,1.7158465193804229,0.0604257471258899,-0.0033544548958391873,407,422,1.2346704481169581,0.0030335883246116906,0.13645125925540924,0.8223557714372873
736,0.6663237223824892,0.6663237223824892,0.64686110784112,925.7149153410136,0.5388504264568789,0.38517222509361876,0.38324105473208314,0.38259687506633566,0.4402431679030458,0.4407656576290521,0.439364649694614,0.5013784057420632,0.6686229846030928,0.16808733244871532,0.3408136510090101,0.3334479659474585,0.33490682734863403,0.25675040404774047,0.2581573135602574,0.25597855938093017,2.1612059962225163,1.7331534822294818,-0.4375079623083946,0.022741944798962188,304,297,1.3022459149360657,0.004283703667552848,0.13038495182991028,0.3579671010375023
737,0.5573799369023162,0.5573799369023162,0.5859263674544355,1059.9380390777394,0.5722690806707186,0.5538773356025897,0.5531145022466464,0.5518176467477982,0.3488550591441717,0.3479226828945938,0.3467506036136334,0.13772604634803665,0.3718673291714725,0.23446420109770927,1.7989119974242351,1.7978886227437938,1.7940466413112797,0.6404639342753294,0.6395135118811938,0.6379070265240269,0.05688853495371928,0.2704610408914892,0.2136940733653904,-0.03819279558772237,195,173,0.6373461615294218,0.003268441853997035,0.08270802348852158,0.23125270195305347
738,1.1506016698786812,1.0,0.8113738484261283,786.469039557402,0.4981756635946098,0.1160353545426761,0.1096175581544069,0.11007326714699482,0.18556161967394502,0.17953649174018893,0.17945097861853596,5.530897383442596,5.1381645009655355,-0.41572627621025604,0.31427203405056175,0.30593323381869303,0.3065582174495696,0.2833645445311002,0.2791293151550052,0.2788109793166035,2.653370115180893,2.454503030884094,-0.20428759016321327,0.1872546853839704,432,557,1.6970626907423139,0.003928385858199801,0.13360945880413055,5.7442847192287445
739,0.618402330445549,0.618402330445549,0.6222963807332617,370.8378810410987,0.3188447935273668,0.0928601737109716,0.09230945038500386,0.09197083286409316,0.14659004936998526,0.14627190038151097,0.14518811930112713,0.5930673010389521,0.9577204212933401,0.3668286610941765,0.25404297274938537,0.24980409357337052,0.250181285070377,0.21265175122157265,0.21341396427716472,0.21108759292021778,1.6685677742389347,1.520092304547989,-0.15099492230526826,-0.0018227823088962092,331,441,1.4943513041362166,0.004514656507964401,0.12380257248878479,0.7392130251973867
740,0.438950986597295,0.438950986597295,0.5406319906588244,650.4752367767686,0.4508721422128027,0.20788748748155486,0.20838556684449022,0.20714366494428968,0.20676261885980388,0.20897796824390316,0.2060763673458769,-0.23959083298823056,0.35780053252660465,0.5959634916209549,0.21486916139661139,0.21433396636295823,0.213581960299827,0.21508788350534436,0.2171644628538601,0.21442520184690997,0.24907950036872636,0.5990627451691045,0.3508571580566736,-0.08348717238333347,339,373,1.5452098762616515,0.004558141227910477,0.16777870059013367,0.918537138029933
741,0.4570140931846306,0.4570140931846306,0.514134060471706,1525.4457097233724,0.6581793279176059,0.5864291234112082,0.5872515780962634,0.5844622460068721,0.3329328494184839,0.3333860556595407,0.33088339929952504,-0.14024792634291472,0.33539899807413043,0.4749807737313594,0.19027284686234702,0.19215584010097783,0.18988007425573802,0.22030227677637493,0.22216518034419147,0.21934842859883108,-0.9896279315109324,0.20642598935472398,1.184333426475039,-0.10998510257045191,263,261,1.170729455538094,0.004451442796722791,0.1953754872083664,0.6841382328420877
742,0.8533792448895904,0.8533792448895904,0.813069440555848,3713.536404412168,0.8241743437893051,1.4169973222176524,1.4005377761301905,1.4000749635790515,0.5833866243830329,0.5764569505612535,0.5752192235746382,1.1615791949205754,1.194240692855849,0.033045345796940545,0.3568578384822423,0.3504807128348064,0.3508003364496123,0.23377096439743633,0.23331372992540664,0.23221023335343627,1.7870213176649055,1.6974552270991887,-0.09119577856956528,0.1889502775136901,351,382,1.7930675353854895,0.005108454516767776,0.17050419747829437,1.675391304306686
743,0.8672943424392419,0.8672943424392419,0.8326424385777317,4767.363632697537,0.8575022995873824,1.8482763497363668,1.8263138561250838,1.825823234172212,0.6245159775510251,0.6219497914724952,0.6196189138476133,1.1882689303694043,1.2148137678306277,0.026864054676380214,0.4849285446297574,0.4824486155329839,0.4811014892837638,0.31312912518245795,0.31769277953738156,0.31507782284136443,0.5114009320005887,0.7891998498285031,0.27922688672904294,0.20852327553557382,396,395,1.5340362302958965,0.003873828864383577,0.14428383111953735,2.018251641653478
744,0.3215096904627046,0.3215096904627046,0.4384019357383669,1258.685798555762,0.6137191467297144,0.47530700366331313,0.47812487464708814,0.47459890856569986,0.29200987527494104,0.29395661175143317,0.2903213856072354,-0.5928528218723795,0.14897636520307922,0.7374571515424396,0.1201900958589207,0.12107556009725297,0.1195111868698212,0.15534511140720525,0.15757149419175728,0.15455662172052553,-0.7367198037445882,0.564862673790021,1.292063589196029,-0.18571722730379098,304,403,1.3506230842322111,0.004442839092869116,0.15698634088039398,1.241920631378889
745,0.839119444000284,0.839119444000284,0.7811735397885726,2147.227898500432,0.7304845186551313,1.1031258779824429,1.0939927411787935,1.0936894228107936,0.5065893048017797,0.5031209080972842,0.5018374905933933,0.8279324223952904,0.855428683162435,0.02772581175201173,0.5269916952346997,0.5276308055971801,0.5261213929676369,0.3290407741459466,0.32981677932217335,0.32832890588986485,-0.12127522468751624,0.16514534762737668,0.28607363587021956,0.15705437674641476,374,479,1.361578792333603,0.00364058500623958,0.20929054915905,2.8658230025321245
746,0.599464837849911,0.599464837849911,0.6050203279713365,2723.5499231015838,0.7746646854819387,1.2967231111652229,1.2933253406018397,1.2905857087147958,0.493492180007547,0.494182718584368,0.4904968214658533,0.262027454753235,0.4733009227322271,0.21182851685013604,0.5978908060814792,0.5953290371816415,0.5935423222635372,0.2873082659166339,0.28927755598796234,0.2853889923558805,0.42846768570120836,0.727304011654153,0.30012225282389354,-0.01909883507082133,434,511,1.2569348253309727,0.0028961631920068494,0.13447882235050201,4.97685884963721
747,0.7222566469482938,0.7222566469482938,0.6964893012054151,2225.0540167156555,0.7374362504797445,0.9988049935693027,0.9926022411481451,0.991535072917804,0.40304855070753043,0.40484555998669103,0.40133322727322773,0.6210173618567577,0.7278618647589247,0.10751217215737359,0.26111487057370014,0.2618448355168076,0.26053295527567866,0.18133863926948893,0.18407418581550325,0.18176587635826033,-0.2795570169954832,0.22285796926959706,0.5010143654503085,0.07237013816325721,319,382,2.3359468542039394,0.007322717411297616,0.26454776525497437,1.8712961385026574
748,-0.1793860092137116,0.0,0.1388208593272186,2769.5224285365675,0.7775731502129161,1.8198085953137042,1.8434085199343058,1.8210083512432123,0.6034780140671906,0.599731443326495,0.6010080635209666,-1.2968355398130942,-0.06592758890125107,1.2151494608417996,0.41158424353865647,0.4045856987505982,0.40994344970818175,0.2140190155902842,0.21095220771743775,0.2127118784318589,1.7003918147806767,0.39865321771498113,-1.3242561400783177,-0.48529830371493926,239,138,1.03171868622303,0.004316814586707239,0.1904272586107254,0.9411543915048242
749,0.154258143053438,0.154258143053438,0.3263132623316708,1371.2496863961774,0.63381699702954,0.24754774680358996,0.25349419488847863,0.24759768773309107,0.21455442776285735,0.22412692772806225,0.21560171190745198,-2.402141874313532,-0.020174261388344432,2.3260915927410677,0.19811573989056194,0.19859683725968855,0.19689750675611387,0.19884066957677773,0.2029070659125872,0.19815306722317041,-0.24283652040587972,0.6149098174234022,0.8556684623091998,-0.29780590071048707,368,425,2.0778949689120054,0.00564645371986958,0.1746625304222107,0.9680011365562677
750,0.4618417434334625,0.4618417434334625,0.5619048522896427,492.5690772165578,0.3833824256174058,0.074525117603227,0.07476086385580041,0.07389715760981881,0.17613445208271938,0.17705124384823737,0.17524235412070943,-0.31633127213368867,0.842615233096922,1.155291955490948,0.12213246110547861,0.12089260755801683,0.1207699364347822,0.1906786195992035,0.1893830666787264,0.1887032909092707,1.015171180732201,1.1156122282017005,0.10147115337532228,-0.062214310752515156,287,379,1.342812379822135,0.0046787887798680665,0.1742209494113922,0.544538227841258
751,0.482345013670222,0.482345013670222,0.558314993338718,686.2182203999131,0.4641478717732,0.13922776610677595,0.13937972242451133,0.13825136628967982,0.24862589579807967,0.24918022116986632,0.24742663983305663,-0.10914225084875438,0.7012967631379745,0.8095554469500589,0.17689670963047674,0.17722814676385532,0.17595502137045596,0.27459682707434313,0.27618784630638377,0.2740407319685689,-0.1873619549345615,0.5323379174140046,0.7183539503438522,-0.06580416970343983,403,380,1.9628976229578257,0.004870713704609989,0.21193675696849823,0.38026767410337925
752,0.695842316698677,0.695842316698677,0.6511602492684214,479.4482249265072,0.3770203183725406,0.10679758637360118,0.10561987902979879,0.1053477196112073,0.17585730705467573,0.1755344593153156,0.17421278513535884,1.1027471535569286,1.3575838290220614,0.2576782146424385,0.16960559634018121,0.16926183194451908,0.16862292597054168,0.23068026995169988,0.23080043393131605,0.22940172165445505,0.20268458298548325,0.57938558092657,0.3774660634577177,0.027041086226263555,451,445,1.4764720797538757,0.003273774012758039,0.1709187626838684,1.7083944138139486
753,0.593775105779719,0.593775105779719,0.6112649423281616,582.2518051025887,0.4236157545717435,0.0757042441354282,0.07501940663023646,0.07441795978702162,0.18168669878689966,0.18140056152250775,0.18000581300791,0.9046223405475518,1.6990914619073814,0.8017216747385263,0.15803293478314817,0.1555513221043249,0.15566235942262202,0.22649015807683084,0.22481131009884242,0.22410393970283665,1.5703136072417583,1.5000514695111113,-0.07138307588452951,-0.012854220713996223,393,502,1.3122334983199835,0.0033390165351653523,0.16163799166679382,3.026584293693304
754,1.0946495953544502,1.0,0.7882740289122785,614.2292144255979,0.4367204968433436,0.11458675476129102,0.11000553920573884,0.11033260517555545,0.16734948915338516,0.1656078728250294,0.16481602141006596,3.998032377385882,3.712601508436017,-0.29731772797813877,0.21248370485093107,0.2098424226304757,0.2094985564340663,0.2032293751431115,0.20169627095991127,0.20053156084608914,1.2430516600359425,1.4048834563379826,0.16386876976488302,0.16415486587012063,358,258,1.7240933887660503,0.00481590332057556,0.15154290199279785,0.3812602013349533
755,0.730806549995173,0.730806549995173,0.679748772972469,863.1672498279058,0.5214263046372135,0.2012466845595405,0.1987478804380073,0.1983697239246982,0.22231736925394358,0.222226115468903,0.22034425672749033,1.2416622549594856,1.4295692081283102,0.19026945720161337,0.3972741088506019,0.3918131047673953,0.3919697155288689,0.3274650858592307,0.3255431921897074,0.32448164639912047,1.3746186729878875,1.3351973369419228,-0.0399707818773907,0.055629609930311186,265,301,0.6721218656748533,0.0025363089270749183,0.09742289036512375,0.6312596518546343
756,0.9704775734645876,0.9704775734645876,0.7584258123521399,501.77205707856825,0.3877678302835995,0.11254718677535817,0.10958621321717711,0.10972496826942853,0.1576335855371267,0.15445272848347272,0.15380109059427033,2.6308730080398224,2.507586894697542,-0.1266172524607928,0.19818534780936892,0.19367611179870198,0.19404443375562658,0.23100344097725506,0.22870964876889968,0.22801914111608257,2.275262051665038,2.0894148328893687,-0.19017417971887868,0.13430664930998204,434,392,1.4961101757362485,0.0034472584694383605,0.2054046392440796,0.3616414349526167
757,0.6184252186141042,0.6184252186141042,0.6215485232142527,652.0452459025134,0.4514690756797251,0.11602690226526224,0.11505837676867019,0.1144630339804324,0.1675681855679836,0.16574453004043888,0.164520353695903,0.8347421827894717,1.3478497264837026,0.5174267228145896,0.1461501702121925,0.1445981932790688,0.14394739039515184,0.2032841453571346,0.20096078099619918,0.1998674149583151,1.0619056624227092,1.5072030459099028,0.45007677423807735,-0.0025706398279051745,351,394,1.3792472509667277,0.0039294793474835546,0.08455181121826172,1.0967383030802011
758,0.3574903900036753,0.3574903900036753,0.5126575696556768,569.0837995710067,0.4180403791994116,0.07768888467772762,0.07870609206198523,0.077318708523798,0.13022113888491135,0.13079949441275507,0.12820429725817314,-1.3093345186730734,0.476485349822178,1.7627397090108154,0.11382629944982435,0.11412559178936917,0.11278792437117109,0.1574194624200321,0.158505584574054,0.15555889773054626,-0.2629377753572198,0.9122453103300469,1.1721011888962474,-0.1114615933864811,442,375,1.8778500938788056,0.004248529624160194,0.13675829768180847,1.5068030469119549
759,0.459445993124298,0.459445993124298,0.5600878023265362,504.0401560792386,0.388839060713782,0.0954578013269195,0.09571418362617781,0.09482256125664033,0.1845989530128805,0.18653313635471497,0.1841233682323651,-0.26858181908073253,0.6654668989322576,0.9315467527987358,0.1681521270859319,0.1652084897628819,0.16560917630657757,0.2179959196415863,0.21801288648022227,0.21639824611426767,1.7505798909969754,1.5122917702104393,-0.24253386994260823,-0.06403136071562165,334,346,0.9712909441441298,0.0029080567189944005,0.1265401691198349,0.20707414112985134
760,0.3888045324951834,0.3888045324951834,0.52397340308947,586.9575903704794,0.4255823776018734,0.13497934176335305,0.13579796287095322,0.13449014292514444,0.16697029857481469,0.16869989904135624,0.16587925763239583,-0.6064788114283325,0.3624249694936856,0.9630630078387715,0.12390235547061915,0.12268729496222391,0.12248226819957433,0.16877416662271771,0.16832959553428573,0.16687100942385896,0.9806597330454777,1.1461342003151473,0.16711327991436137,-0.10014575995268782,440,338,1.4385459059849381,0.0032694225136021323,0.10853281617164612,0.4552239887416363
761,1.0295614433637872,1.0,0.8291963044825322,951.197793163104,0.5455908396398917,0.32601517838477934,0.319697226394614,0.31993149625308437,0.21024077150798762,0.20751480459997962,0.206640732832404,1.937931853807299,1.8660732797277013,-0.07327866466416935,0.7857133469654863,0.7751964314340132,0.7756088958660348,0.254273871960412,0.25049170622500655,0.24967878873618998,1.338518121410394,1.2860225855238558,-0.05320773100807244,0.20507714144037437,382,352,1.6797685213387012,0.0043972997940803695,0.21139468252658844,1.1062525268644094
762,1.171491210750984,1.0,0.8503651819567889,1197.840872196253,0.6019088941743689,0.5376571558310204,0.5275686095542033,0.5281223427099611,0.4261104603521754,0.42258488456831933,0.4224493440968757,1.8763902177074006,1.77340020822786,-0.10495945849122867,0.48804780463319336,0.475943525382727,0.47690531855309237,0.4460185817058031,0.44376880706753985,0.44356893096191113,2.480142136806392,2.2830726773733674,-0.20208136450473974,0.22624601891463103,187,232,0.8085452876985073,0.004323771591970628,0.11478906869888306,2.6574815660715103
763,0.3378173903225048,0.3378173903225048,0.4609811241565058,1049.3569239115598,0.5698114871450585,0.24988614119886893,0.2520207418962792,0.24923495707998086,0.2103906639442688,0.2153420552343021,0.20956520098998846,-0.8542293250714876,0.2605923304765541,1.1053791824185868,0.31410243813976046,0.3110556621416386,0.3105737421099805,0.24056492158893814,0.2413029822255089,0.23758715312552187,0.969994380230247,1.123422043674126,0.15493048039699348,-0.1631380388856521,362,427,1.5819414276629686,0.004370003943820355,0.24339167773723602,6.45317836292088
764,0.8335258217686242,0.8335258217686242,0.7163193998845383,623.2057769728302,0.4402927652974747,0.08094667679274971,0.07833962257220214,0.07828499863162888,0.1558241486889705,0.15442603402695448,0.15300624180375202,3.220705684091869,3.2881870715157375,0.06972709183391503,0.10646963219021478,0.10336458187865787,0.10329359014710127,0.17139273080529846,0.17024452750118121,0.16872410336589205,2.9163717838430654,2.9830496995042823,0.06868090623143845,0.09220023684238043,373,369,1.5350355813279748,0.004115376893640683,0.14933374524116516,0.4507919158786535
765,0.7547614060456581,0.7547614060456581,0.6768372585226213,535.9675474155376,0.4035302385236222,0.08605068840079656,0.08433806741476373,0.08415632664915271,0.156679474736873,0.1560366956019818,0.15450874112497112,1.9902466997776895,2.2014486889640263,0.21549078747232978,0.17076605337194795,0.16627078962804903,0.16672668027406898,0.17136513719024934,0.17022775606150373,0.16871535707752924,2.6324106314664992,2.36544267324651,-0.2741856504319144,0.05271809548046347,332,329,1.50987587030977,0.004547818886475211,0.13685688376426697,0.9224908296018839
766,0.284083092872579,0.284083092872579,0.4504923683271969,826.5898343865631,0.5106128730060073,0.18332832290467527,0.185566867964174,0.1830535230649939,0.1823685243331049,0.18405748978439376,0.18058694337951167,-1.2210579489469775,0.14989491821416986,1.3544146790607712,0.359089324510476,0.3641402571546837,0.3592549271399932,0.25401672991789914,0.25721293804650613,0.2527782294912959,-1.4065950445876707,-0.0461173914715952,1.3416066800368205,-0.17362679471496095,366,436,1.478933485224843,0.004040801872199025,0.23811011016368866,7.401070211082697
767,1.334705064952062,1.0,0.8164584472651579,830.2032625722737,0.5117028199141004,0.21104186611255046,0.20235012835155303,0.2031652124152218,0.20415183943794032,0.200990234080472,0.20030309383998787,4.118489814889173,3.732270682788581,-0.40280877027797074,0.16614351091479915,0.16252406134102193,0.16255044125862478,0.20896803170895642,0.20666335657340756,0.2059879792591291,2.1785079380159025,2.1626301481115013,-0.016231392069076624,0.19233928422300006,400,318,1.1400899775326252,0.002850224943831563,0.08390454202890396,0.9653019160032272
768,1.3848258146193198,1.0,0.8187466838956374,850.6856981757946,0.5177904849544339,0.24249880615752945,0.23305784857834272,0.2339773477300393,0.25027242643891334,0.24452662980005965,0.24426079575212165,3.8931975496216644,3.5140207749948753,-0.3945368745594934,0.2161118422846578,0.20956667488089925,0.21007671868830066,0.23537613898988358,0.23113626736301057,0.23065395076456396,3.028601919527109,2.7925927300216156,-0.24338020713039368,0.19462752085347956,447,404,1.7129370607435703,0.003832073961395012,0.1317538470029831,0.31568015180528164
769,1.2887103523077648,1.0,0.82756955566439,934.7498984773266,0.5412630084279892,0.24759784994496797,0.2383508235333221,0.23910877879081618,0.2293416400789517,0.22813427471065886,0.22699336449419966,3.7346957631906554,3.4285722416566227,-0.31799984839914847,0.28048413382368764,0.2701913224049032,0.2713125255797827,0.23311575862049852,0.23199665367140385,0.23113827804705345,3.6696590564564793,3.2699205188091756,-0.41496638933477764,0.2034503926222322,427,385,1.7032218929380178,0.003988810053719012,0.22747623920440674,0.876552227884531
770,1.5237492454933013,1.0,0.8033108072084552,721.7521695672103,0.4767246067039989,0.25126037578749727,0.24199270020266406,0.24310037845355373,0.22744169660100458,0.22528195159135703,0.22436730448549955,3.6884747767277566,3.2476260167838147,-0.4577320927292487,0.2829840473688227,0.2725699391184797,0.27399014895976975,0.22848512171277563,0.22640250803568013,0.22562253643522678,3.6801043547058825,3.178235131159498,-0.5210441936051912,0.1791916441662973,380,369,1.968417590484023,0.005180046290747429,0.19885918498039246,0.6468977872282267
771,1.2237667211896217,1.0,0.8140515596566028,809.2027499273657,0.5052994937215894,0.2400933050643392,0.2327474037361665,0.23334518627239206,0.20130127588355426,0.20224410134688517,0.20076458928940955,3.0596027349468056,2.810623474127615,-0.25683746698338183,0.30331362129763006,0.29412210560365165,0.29505597640918146,0.2173695852011002,0.217511408221401,0.216277228710645,3.0303669365904047,2.722477432144628,-0.31751126071029273,0.18993239661444494,323,297,0.9656301364302635,0.0029895669858522093,0.21692311763763428,0.49077680334448814
772,1.7089872833251791,1.0,0.8314716477878886,974.7362356209376,0.5516442030509443,0.33547349941936727,0.3206926982772093,0.32232710483297117,0.24177645568254233,0.23594835322040733,0.23575219495999142,4.40595193591755,3.9187579970250095,-0.509648820987207,0.4688591990101099,0.45589658850949893,0.4568540214946682,0.3088458475179728,0.3045001240034709,0.3037709011454717,2.764712845131033,2.5605080460803453,-0.2100110001479669,0.20735248474573076,394,372,1.79973279312253,0.004567849728737386,0.12610569596290588,0.79283706843853
773,1.2343858875311562,1.0,0.8601765929452891,1337.4841244643128,0.6280113448018284,0.3773557218302704,0.3650359663390558,0.3657497328385803,0.25265476187727903,0.25062569487831143,0.2497931330113129,3.2647591591988303,3.07560964900654,-0.1955331981894548,0.50609885748884,0.49966447293657335,0.49957194392451265,0.28260181023317815,0.2801950762561227,0.27924977520454464,1.2713691123889805,1.2896519064896832,0.01851822914622932,0.23605742990313128,496,395,2.5852010007947683,0.005212098791924936,0.3622216582298279,1.2197512742131948
774,0.8898539087294466,0.8898539087294466,0.7910868430623433,1339.2791360670928,0.6283246083922712,0.36835081017175053,0.3618020041553504,0.36178203769389,0.1922712402102533,0.19987941167904652,0.1966955557690172,1.7778720273064195,1.783292528879661,0.005518615494411309,0.6383029373258835,0.6137067158197873,0.617476129077187,0.2830561317967515,0.2849810335006408,0.282970760808483,3.8533774588504945,3.262840734518425,-0.6142043357574289,0.16696768002018547,416,316,2.3680031932890415,0.005692315368483273,0.18578875064849854,1.342769419774413
775,0.2285099360149831,0.2285099360149831,0.3914373205067736,1131.4080127374036,0.5881608077847008,0.5048277992638912,0.5086804737793843,0.5046456493695525,0.35887889598332884,0.35990453755109686,0.35736960984482946,-0.7631660778409639,0.03608158952504879,0.7931942777071759,0.7263019377435561,0.7244240741205319,0.72274950294112,0.44999001240674236,0.44724314727484754,0.44633484483181746,0.25855137174193554,0.4891126703410319,0.23115896326953417,-0.23268184253538426,376,387,1.1409995630383492,0.0030345733059530563,0.11123411357402802,0.5690290853381157
776,0.0572551293888901,0.0572551293888901,0.3764862897990592,614.5452437866863,0.4368470365762658,0.08958015511648802,0.09299284268478283,0.08996027774179159,0.16105710092458067,0.16199073892271962,0.16012446066871688,-3.809646861916045,-0.42433798513662596,3.261073492796328,0.05990733530517388,0.05981170217271381,0.059317549633520025,0.13120514587310547,0.1304751297661008,0.12974541931484784,0.1596350963916252,0.9844965873534961,0.8261803647835618,-0.24763287324309868,283,345,1.6383166816085577,0.005789104882009038,0.11545101553201675,1.456185732036829
777,0.8210398398381955,0.8210398398381955,0.7332667423739567,985.1526398902242,0.5542718068395095,0.13854188641241463,0.13457498337049043,0.13442471310436832,0.21059629585583403,0.2081762345516572,0.20693630051599377,2.8633239698465207,2.9717895538034016,0.11166285319791146,0.32472800665156837,0.31548750473578224,0.3157184595623931,0.3107053995042058,0.3075884381256814,0.3062485722088676,2.8456128595342074,2.774490313317042,-0.07320569694329518,0.10914757933179886,330,520,1.2872095815837383,0.003900635095708298,0.093208909034729,0.5661932835355401
778,0.6714785317686446,0.6714785317686446,0.6419721993181768,479.3444438766758,0.376969473117878,0.05953648914666563,0.05850551782608278,0.05818369506589726,0.14407533144674078,0.14238264359438796,0.1412764106629032,1.731662943784099,2.2722100348171645,0.5500724925505127,0.22709640205502277,0.222856992144103,0.2232981095540163,0.24130086268018874,0.23893959143046092,0.23849763353517708,1.866788673249256,1.6725463136514975,-0.1979374331804922,0.017853036276018974,278,304,1.6177775710821152,0.005819343780870918,0.16094480454921722,1.2603277266025543
779,0.8186269958130117,0.8186269958130117,0.7257507471932718,866.9117140190067,0.5225063829220917,0.14416021920184519,0.1406956713005685,0.1405637220864564,0.1966204675926052,0.1951482843250872,0.19396891863198343,2.4032620930090345,2.4947916528575536,0.09378342126121693,0.22625493887228013,0.22179298864149172,0.22185926169291298,0.24851268428781453,0.24559607569582728,0.24475295576868386,1.972089649414088,1.9427983323928617,-0.02988058902456385,0.10163158415111395,457,519,2.6887611662968993,0.005883503646163893,0.1691647320985794,7.12442781124264
780,1.474925884678392,1.0,0.8434771832387191,1110.265141445239,0.583583941048753,0.3954853461828011,0.38190885830838966,0.38311463167059473,0.2631280949457406,0.2600223570193091,0.2590835787775737,3.4328674893901474,3.12798302936069,-0.3157228055787615,0.2274503882551477,0.22240432768815305,0.22267017031981579,0.22088558879518988,0.21938529109468674,0.21875235425990597,2.2185324042331946,2.1016530118953267,-0.11953123144055576,0.21935802019656125,389,348,1.603259501978755,0.004121489722310424,0.13423515856266022,0.5904214680194855
781,1.5607098000420665,1.0,0.7928841073125922,645.5347962440808,0.4489852306287234,0.18024364584382516,0.17165538218934673,0.17276933136878408,0.18341106231773788,0.17937363837899123,0.17909054786717324,4.7648079987906256,4.146783893573316,-0.6489450929121469,0.1840235863109649,0.18037877187474152,0.18041218000651768,0.2204878982229774,0.21865314310610975,0.21789881862892072,1.9806235218480868,1.9624692556228298,-0.018521099478023575,0.16876494427043431,451,408,1.3058173721656203,0.00289538219992377,0.24871449172496796,0.7185812368988991
782,1.1164180725719126,1.0,0.8314602539866311,974.6167833647352,0.5516138907813706,0.22290605420961299,0.2153707918287941,0.21578426433672096,0.20451132777396297,0.2022149672148816,0.20134185092385218,3.380465554216395,3.194973729244225,-0.19198170021845362,0.15100752547284108,0.14770675257613236,0.14770647510711457,0.19389993668585342,0.19137878867644634,0.1907996280603626,2.185833379080411,2.186017124239416,0.00018785127487437259,0.20734109094447328,475,406,1.3169943019747734,0.0027726195831047863,0.20963048934936523,1.5619880855083466
783,0.7387474101075756,0.7387474101075756,0.6936670526904432,1222.2145439611456,0.6067255796784071,0.3547106066901447,0.3510506558953608,0.3505430809238115,0.33483485276745817,0.3310772917657256,0.33061294796105906,1.031813181155041,1.1749086967601567,0.14458738732583118,0.33409722210795484,0.3267110620976733,0.3271992118748278,0.3282621237548043,0.3225401542116739,0.3223802286494581,2.21078162927523,2.064671531719026,-0.14941329932947411,0.06954788964828529,347,259,2.1533459685742855,0.006205607978600246,0.21568559110164642,0.2653098087757826
784,0.5463408049934287,0.5463408049934287,0.586967215691422,724.475944532391,0.477664330834288,0.21340373959271483,0.2129826479001099,0.21205508025245295,0.22600922730887527,0.224247427883178,0.22319040679037638,0.1973216089880111,0.6319754952916096,0.43551324805201064,0.3605693953757106,0.3560225467286059,0.355879237433095,0.22291301952564302,0.2197074386131618,0.21869389157038802,1.2610190175366696,1.3007642919134776,0.04025287073184099,-0.0371519473507359,253,237,1.0438635367900133,0.004125942833162108,0.09801212698221207,0.35132357850670815
785,1.6932686998162465,1.0,0.8296877687239518,956.2287414088262,0.5468983397651899,0.3314954320607268,0.31718379967326144,0.31877385938750524,0.27443907429559433,0.2679239431514697,0.2676747991956298,4.317293996631483,3.8376313646732476,-0.5013054625998447,0.28668162987880647,0.2780376261637128,0.2786595231242013,0.263563230390593,0.2594011269688398,0.2587390363799726,3.015192748397545,2.79826327134965,-0.2236736693048497,0.20556860568179391,380,363,1.789376188069582,0.004708884705446268,0.10183260589838028,0.4995918534696102
786,1.7812528065351347,1.0,0.8240840245194525,900.532202255483,0.5319900399703597,0.30359753812396767,0.28912571628577904,0.2908528213970676,0.24966298369035167,0.24397311130916916,0.24372842372664058,4.7667783894477305,4.197898575085299,-0.5973543735491957,0.2902219739317147,0.28228545619302325,0.2828472824565707,0.2606236395221629,0.2568473529123966,0.25637317175482804,2.734637088699158,2.5410520696407324,-0.19902770448197635,0.19996486147729464,359,429,1.8063532384112477,0.005031624619529938,0.12178396433591843,1.0687322821468115
787,0.787719864668947,0.787719864668947,0.7495142145340529,2600.181388960314,0.766470132737878,1.6411464629001793,1.6317630111975605,1.6310519925595883,0.4822705008684435,0.47833651042865966,0.4766580942889049,0.5717619916772486,0.6150865001257935,0.043573645994730695,0.3497172730004884,0.3519375430031721,0.34978453050558816,0.30019433522266625,0.3012595741817527,0.2990190313809813,-0.6348757050615027,-0.019231965445323785,0.6117598251132084,0.125395051491895,257,416,0.874350456520915,0.0034021418541669846,0.08319225162267685,0.8827731944620609
788,1.1019350058514268,1.0,0.9136310253622124,2655.5803166043675,0.7702224584344143,0.7553511961361683,0.7353019442621191,0.735719420814027,0.45791810309597014,0.45272808455370184,0.45243797304529454,2.6542953763238426,2.5990261778313624,-0.05677620672236434,0.24893360130008438,0.24647441899017478,0.24620574549420118,0.23522439351868185,0.23282800620668812,0.23235513756382656,0.98788684896946,1.095816632080464,0.10900664542566696,0.28951186232005455,326,330,0.7353423926979303,0.0022556515113433444,0.11328431218862534,0.43714570440351963
789,0.5038425692062041,0.5038425692062041,0.5479820911395431,1366.5306822382638,0.6330165286062122,0.5138936850439629,0.5138278237565996,0.5117348360298426,0.3804406799638191,0.37865088548532944,0.37717888563148705,0.012816130900239777,0.4200964279091399,0.40733250127546283,0.3071191195400147,0.30367626737338543,0.3038948027651727,0.271758850407331,0.27030091060260786,0.2691200116755462,1.1210152502995474,1.0498586931582667,-0.07196327644484268,-0.07613707190261476,292,218,1.658782385289669,0.005680761593457771,0.24001088738441467,0.7345140408724546
790,0.6872057065897978,0.6872057065897978,0.6381309091878669,226.1958261154369,0.2221035637358701,0.08758941319302375,0.08705829301622761,0.08692291833477656,0.15487851947123582,0.15483505006848625,0.15406891848689802,0.6063748544880597,0.7609308407837164,0.15549889247865467,0.04237663887676965,0.042181775468700264,0.042031159585244816,0.12227258086459816,0.12248609041315409,0.12178105624558376,0.4598368658638687,0.8152588328901711,0.3570638783737482,0.014011746145708992,118,38,0.23135586827993393,0.001960642951524864,0.1213221624493599,0.07461937889456749
791,1.3737642111079749,1.0,0.8024850353060631,715.4225060311494,0.4745277085884277,0.20426758152413177,0.19642704141788056,0.1972645195690497,0.2332839124536985,0.23023495864631158,0.2296062875272513,3.8383673257153355,3.4283765944792104,-0.4263558342700266,0.20583881783294,0.20089692040264198,0.20123871562512127,0.22608012664970087,0.2233787509642297,0.2226619872803378,2.400857856805655,2.2348079221637387,-0.17013462515714894,0.1783658722639052,438,424,1.8619464803487062,0.004251019361526727,0.23384737968444824,0.5773317124694586
792,0.9981830229511895,0.9981830229511895,0.8165215955653266,839.0709355220163,0.5143571810705232,0.2564481503819793,0.2512051881211821,0.2513788241353455,0.24067208344586885,0.23868641599395962,0.23793699455570047,2.04445313915809,1.9767450999677916,-0.0691211895192478,0.15888765567984559,0.15824497437107093,0.15764463255447722,0.2135405532977242,0.2146539078336924,0.2133702856579782,0.40448787920292345,0.78232831874178,0.37937496529018566,0.1924024325231687,400,447,1.4326321901753545,0.003581580475438386,0.12473313510417938,1.6516745295375586
793,1.510688102839988,1.0,0.7672125059117331,486.9794400737608,0.3806880500418387,0.14589523018123246,0.13972193690396184,0.14061356476841838,0.19113805214198942,0.18942291741621747,0.18888505340074213,4.231319467814058,3.6201768942364625,-0.6381445063056936,0.21659437927054503,0.2109423467613722,0.21159243700009497,0.23402668210617547,0.23140517328849966,0.2310905323656083,2.60950100746288,2.3093592212760994,-0.308183846773164,0.1430933428695752,351,287,2.039190271869302,0.005809658894214535,0.24684086441993713,0.6429291199892759
794,0.0786068609619988,0.0786068609619988,0.1686680467786395,4006.405944574727,0.8349053074088019,0.6988310215262531,0.7200064175884252,0.6988795633845052,0.3434884447717437,0.35877508317958057,0.3436294636140935,-3.0301167821549853,-0.0069461510374965495,2.934259152117265,0.5392009669911185,0.5561354760788665,0.5393610288243763,0.3124808962127719,0.3236452686261303,0.31220414332028396,-3.140667417984601,-0.02968500486024197,3.0162519702503863,-0.45545111626351836,449,458,2.3564985431730747,0.005248326376777449,0.23624452948570251,0.6073771547526121
795,0.2355906506094312,0.2355906506094312,0.316916887291053,2992.571904197141,0.7906814195632468,0.6256837569000164,0.6356083002247364,0.6247662383275867,0.34727052568543426,0.35002495093186703,0.3445835647911247,-1.5861916208104243,0.14664254302774543,1.7057772677474703,0.966970682865496,0.9541451600467452,0.9578685737983389,0.45720968461270045,0.45292205786047984,0.4521594741024815,1.3263610827108014,0.9413014508551781,-0.39023556451423685,-0.30720227575110487,233,251,1.6847109086811543,0.007230518921378344,0.32465627789497375,1.3429423850029707
796,0.5331742352824844,0.5331742352824844,0.5664040815330795,1375.979054967921,0.6346157276807487,0.6971797173414807,0.6966071825618138,0.694736179717018,0.29988474686996963,0.29923546246414817,0.2977194597603841,0.08212154849399769,0.35048891464893944,0.2685879347260068,0.6840072884419274,0.6754565558882192,0.6775981472227766,0.3157759679804688,0.3105240524414174,0.31108900790164923,1.250093777975022,0.9369989658662761,-0.31705833867304867,-0.057715081509078336,322,285,1.3961821738630533,0.004335969484046749,0.1357288658618927,0.6256990572437644
797,1.1948594239070347,1.0,0.7986104713107034,686.4165640234353,0.4642197502824974,0.25398953026943866,0.24800715245690644,0.24851960173863644,0.21075168957065293,0.2107259669106275,0.2097168058922346,2.355363942043579,2.153603939894522,-0.20662681565969815,0.26920450229187937,0.26088831070423324,0.2617543891316345,0.22789868778071581,0.2253984719206933,0.22453279173482774,3.0891725498073095,2.7674548890594792,-0.33197287569665734,0.17449130826854553,396,421,2.5399114917963743,0.0064139179085767025,0.22672836482524872,5.964996205642819
798,0.6958669622221567,0.6958669622221567,0.6627947747624056,926.4566698029378,0.539049450467734,0.3315458751464491,0.32926985852061186,0.32873879638347037,0.33732471020166727,0.3345702728241076,0.3335039348044915,0.6864861837994244,0.846663757086051,0.1612847709558109,0.429728024383996,0.425924513518759,0.4257641115295337,0.38258602064712066,0.37896846219781205,0.3784499816716418,0.8850972357898319,0.9224236329814559,0.037659722353178174,0.03867561172024769,305,405,1.3793928399682045,0.004522599475305589,0.12472899258136749,0.7317558499053121
799,1.005289652495536,1.0,0.8085082545480864,762.8444808096808,0.4905519871623812,0.1809796080463096,0.17614495243452377,0.17633007071170703,0.22370611793713918,0.21831833789483676,0.218348774997508,2.6713814136169036,2.569094598443842,-0.10509428435201527,0.23598446563107126,0.23192820300251626,0.2319938224206439,0.2786643074494946,0.2765097553504469,0.2760203566105661,1.7188684931898826,1.6910618246652604,-0.028292987777308258,0.18438909150592853,457,500,0.8656099596992135,0.0018941136973724584,0.15320296585559845,2.3554062079638243
800,0.2200449357392438,0.2200449357392438,0.4712155933762968,482.28034565668736,0.3784046576948273,0.008835421413003922,0.010528889519064749,0.008879782051087753,0.06246307822132357,0.06750231156059029,0.06235378133272689,-19.16680627783515,-0.5020772186207334,15.662691350222103,0.011346090236497611,0.013165701971954194,0.011169317849372487,0.06782621876276929,0.07303883528473445,0.06726326866977159,-16.03734588328352,1.5580026550158244,15.163522057801696,-0.15290356966586105,300,261,0.950183030217886,0.003167276767392953,0.1208512932062149,0.24910568818449974
801,1.269557716570389,1.0,0.8151508675202737,818.7265529565683,0.5082241117270405,0.14789097242109908,0.13998838692304566,0.14067550715620786,0.2082382814115294,0.20214901995312207,0.20202640207447284,5.343521222885669,4.878908527524037,-0.49084088206539633,0.20733395970629503,0.201214942612767,0.20148013619334373,0.24339208537344054,0.23794280111376145,0.2377066140216549,2.951285501996921,2.8233790167533117,-0.1317961663946006,0.1910317044781158,418,385,2.137629793956876,0.005113946875494918,0.2668299674987793,0.34676118195056915
802,0.4759323957590843,0.4759323957590843,0.5561441981414385,671.3694241935709,0.4587114365675467,0.10394460793232252,0.10414727517094562,0.10301799841719139,0.15297254107695177,0.15274914949210194,0.15064284442872225,-0.194976192276421,0.8914454857864632,1.0843075365156198,0.15936997018014457,0.15809129074202338,0.15762427861357756,0.197385251676633,0.19602615304511037,0.19490656136965373,0.802333988439492,1.0953704544173277,0.29540661364319315,-0.06797496490071941,415,381,1.6750922994688153,0.0040363669866718445,0.20263326168060303,1.245339198037982
803,1.2925302150539817,1.0,0.8286664532277606,945.8062221978292,0.5441812140280624,0.315741683333064,0.30633996739038594,0.30710865834125173,0.27541778876752837,0.2711868655842427,0.27059189110268694,2.9776606761041946,2.734205031365984,-0.25092741159895926,0.26655837950320743,0.2626383038331673,0.2625926216985106,0.2567081754400485,0.25491093133329984,0.2541085993766249,1.4706255632804026,1.4877633230243674,0.01739355379239891,0.2045472901856027,378,339,2.3210716266185045,0.006140401128620383,0.11794506013393402,0.3389344634488225
804,0.7548557172340178,0.7548557172340178,0.6924539702523702,867.5531019556694,0.5226909002812545,0.2600483523440293,0.25727516264859596,0.25696938553741505,0.31186522531515165,0.31111616359364863,0.3099428507657917,1.0664130998855774,1.1839978138146159,0.11885216902906257,0.3711929755687257,0.3634332459810616,0.3645059045185561,0.36069969243625255,0.35664688553227436,0.3563704846199829,2.090483952659668,1.801507973022387,-0.2951459585374293,0.06833480721021234,477,401,1.4892080780118704,0.00312202951365172,0.13980068266391754,1.5139658320695162
805,0.7413037230087576,0.7413037230087576,0.6763913855086191,637.9616296250731,0.446067489448781,0.09097927013095915,0.08904842379886423,0.0887975290638149,0.16009196333721318,0.1574192068962053,0.1564386754004291,2.122292616016357,2.398063936986706,0.2817508995061275,0.1309380256043821,0.1290410758799203,0.12875468910943805,0.15468422844272053,0.15246935178052984,0.15144160865128733,1.4487386041647474,1.6674579327634187,0.2219345805429887,0.05227222246646124,556,487,1.5806930968537927,0.0028429731957802028,0.13494643568992615,0.7665197961032391
806,0.6184969623947424,0.6184969623947424,0.6218975530091635,517.5643065816703,0.3951495459372512,0.05377370060621669,0.05300446272023096,0.05253208985161995,0.13441055412557235,0.13441340253028078,0.13248441886255222,1.4305094819842061,2.308955382648885,0.8911945228164929,0.05214647735872865,0.051118225840101714,0.05081212005713979,0.1357624226881791,0.13514394993132628,0.13379253454488677,1.9718523104702448,2.5588637414747732,0.5988192624670253,-0.00222161003299437,354,354,1.5525582833215594,0.004385757862490281,0.20511077344417572,1.6475235633552074
807,0.4634831242789671,0.4634831242789671,0.4891429170806873,4167.302644318997,0.8402612950413461,2.8538506455685617,2.8557593460596626,2.848253728825568,0.652625472252181,0.6546102108056608,0.6491578250537233,-0.06688158310122988,0.19611806776519736,0.26282387010133557,0.844075354774841,0.8530991729606079,0.8457333258671262,0.3509082661557916,0.3527211708173713,0.34898833812098845,-1.0690773204927946,-0.19642453519182992,0.8634221350747656,-0.13497624596147056,219,426,0.7253502868115902,0.003312101766262969,0.1160154715180397,2.406765160150826
808,0.6060609939089688,0.6060609939089688,0.6136052494665203,1104.0757040159249,0.582224781376874,0.17093857434276097,0.16946983855961487,0.1683957090483932,0.20533431734277202,0.20520177716897214,0.20261282761663663,0.859218458322366,1.4875900914376876,0.6338175101546497,0.20160461482724118,0.20124840213154696,0.1995529698674179,0.22143906594905854,0.22118167770570882,0.2187606355520656,0.1766887608200162,1.0176577364468373,0.8424575033499254,-0.010513913575637579,518,414,2.461057419888675,0.004751076100171188,0.2061036378145218,1.736262023448944
809,0.9868432358387604,0.9868432358387604,0.8000558512739948,746.2076779954738,0.4850427678410345,0.17201441527961836,0.1674578459368148,0.16762030871070563,0.18960731540926534,0.18633742515395432,0.18559572496793314,2.6489462149998495,2.5544990294969656,-0.09701711674479731,0.2409094225392841,0.23812259964533766,0.2378675487418886,0.20090841307584872,0.1982957110441908,0.19746983204763877,1.1567928163922285,1.2626628569911937,0.10710907063376082,0.17593668823183695,341,275,1.3006477588787675,0.0038142163016972653,0.15305477380752563,0.620971143245697
810,1.2553465038297775,1.0,0.8200112561237398,862.2285563546719,0.5211547751862452,0.3727649872011302,0.36459619674426813,0.36526840658275556,0.2298079625615674,0.23166337808957488,0.22977255290645118,2.1914049702459066,2.011074235984986,-0.18437105062807907,0.45934746705475327,0.4453175866620637,0.44687969042568143,0.2877211948704163,0.2865455529556643,0.28524735700975096,3.0543066847949354,2.7142365035803504,-0.3507842066886824,0.19589209308158195,377,475,2.1263365522027016,0.00564015000584271,0.14670583605766296,1.6926421392709017
811,0.6410767125962845,0.6410767125962845,0.6317479813345107,647.8665092543131,0.4498773993260356,0.19226645705732534,0.19112007338625836,0.19059700983013625,0.21077727005101252,0.20836033872714824,0.2074026594332585,0.5962473582821468,0.8682987416215489,0.27368321226257936,0.14833731325284247,0.1458950491652612,0.1459362512629768,0.18508893656607903,0.18225995264127937,0.18168416175493537,1.646425996282143,1.6186500464472056,-0.0282409156111475,0.007628818292352846,491,229,1.2395901726558805,0.0025246235695639114,0.14689044654369354,0.23330488055944443
812,1.3979269508008008,1.0,0.810004908823652,775.09431130861,0.4945337125615226,0.2307918242298855,0.2220624183557085,0.22297289007707155,0.20607252260552786,0.20275755069427168,0.20208367451112774,3.7823722323377793,3.387873109848868,-0.41000711786567073,0.2545879784871085,0.24931457858233846,0.24970377665576776,0.25280041733953096,0.250555013961365,0.24997093733796208,2.0713467839712143,1.9184730796658849,-0.15610722631719726,0.18588574578149408,412,430,1.436637595295906,0.0034869844546017137,0.22813792526721954,1.3731824327260256
813,1.8122853329278168,1.0,0.849002932058543,1179.887061697788,0.5982847405482593,0.3026180316104298,0.28319764623042143,0.2851814802427173,0.26055274650948385,0.253955282926679,0.2535679628159203,6.417458099459487,5.761900992786575,-0.7005121824641574,0.3944719837683808,0.3823057416005782,0.3832629857548358,0.2975855188292585,0.29381032497834547,0.2931828487762708,3.084184091244909,2.84151941703583,-0.2503870724645645,0.22488376901638518,458,355,1.7967622764408588,0.00392306173895384,0.16527557373046875,0.084922319278121
814,0.2308669024796678,0.2308669024796678,0.4022791630239206,1025.2949445022682,0.5641162741211647,0.2488494329495776,0.2523104604968111,0.24869564537193575,0.24252547956314915,0.24726773904810354,0.24212355063397065,-1.3908119083135684,0.06179944869434376,1.4326853978854517,0.23884934186205498,0.2365531931852329,0.236604081887447,0.24215749711340398,0.24337469212311652,0.24070501186427237,0.9613376611890293,0.9400318866713496,-0.021512583080729324,-0.22184000001823728,535,478,1.4105955306440592,0.0026366271600823535,0.2437821924686432,1.8993229577317834
815,1.149651910605654,1.0,0.8213510328396971,874.6361510090728,0.5247191407623163,0.24788395430895716,0.2407571099558087,0.2412254616200154,0.24546883552069226,0.24244795736927535,0.24189984726676217,2.8750728836065385,2.6861329961852847,-0.19453284860109094,0.30834851820901443,0.30147790640206285,0.30184284877312656,0.27342070633058857,0.2703439720498849,0.2698221983742257,2.228196797201514,2.109842938008866,-0.12105111628877141,0.19723186979753926,360,410,1.584871425293386,0.004402420625814961,0.18928620219230652,1.517283471301198
816,0.8550931171332341,0.8550931171332341,0.7307166881663523,678.9845310162978,0.4615131846518138,0.17537048554197904,0.17234641954755017,0.17232287843381153,0.20494450653293064,0.2053871802051513,0.20344246210643438,1.7243870797774485,1.7378107261030502,0.013659183521448475,0.2585902934385149,0.25311822248539956,0.25362094577725985,0.25311455216558026,0.25133334430212423,0.2500974470112743,2.1161161466474208,1.9217069578199875,-0.19861205049719194,0.1065975251241944,447,488,1.671841349452734,0.003740137247097839,0.2080780565738678,0.9656657986342907
817,0.7554819067143671,0.7554819067143671,0.7407988058176542,6295.469865061715,0.8882247699290463,2.0488133202457095,2.0286399978898393,2.0262879810181875,0.8074511897236235,0.8074533343285688,0.8036184487200008,0.9846344787260011,1.0994334625284732,0.11594057467556075,1.3667506011153008,1.3349278068510904,1.3383728551412633,0.5834235457612077,0.5815610667539906,0.5787514574565998,2.3283541443656413,2.076292920660186,-0.2580700074185497,0.11667964277549636,344,327,1.6596899572759867,0.004824680108360426,0.17163078486919403,0.24500036984682083
818,0.6539175560189351,0.6539175560189351,0.6366443340918809,574.4617994976162,0.4203304204855718,0.09680573722058887,0.09569671960814516,0.09526629586983772,0.16080135593828981,0.16008160592516946,0.1586699482548215,1.1456114526731194,1.590237722422655,0.4497789893634003,0.42309353964807095,0.415244048619305,0.41641220930932366,0.2855327897581978,0.2827769858748856,0.28194212370466704,1.8552613767856583,1.5791615122048002,-0.28131906860624273,0.01252517104972306,406,440,1.5737109752371907,0.0038761354069881543,0.1037161722779274,0.8458169884979725
819,0.8270457499003472,0.8270457499003472,0.7200423428573877,710.1936790897305,0.4726989267417364,0.13224903976469782,0.12933581198584487,0.12925357851156902,0.17100702073534219,0.16930686209196621,0.1676830743145137,2.2028347306235743,2.265015502916642,0.06358136467636336,0.19617198446317408,0.1934290650176011,0.19305806044377352,0.19393387198541148,0.19251368549060047,0.19061283260615208,1.3982217965929207,1.5873438951651675,0.19180394311155735,0.0959231798152298,422,332,2.315462571568787,0.0054868781316795906,0.22376574575901031,0.5476690949872136
820,1.399614049838621,1.0,0.8643676266105674,1403.2921611985123,0.6391612445924058,0.36649041957134354,0.3506563168189531,0.3517721965597497,0.2346413509973195,0.23169523620532217,0.23053780740851662,4.320468396120807,4.01599120348321,-0.31822604849086905,0.2060151815515636,0.2004215850768944,0.20063679923409464,0.1918086240350478,0.1922483382677987,0.1912027621555849,2.715137997375779,2.6106728042869007,-0.10738072803768836,0.24024846356840956,466,366,1.4783282987773418,0.0031723783235565275,0.23079697787761688,0.3401920720934868
821,0.7117428587173471,0.7117428587173471,0.65836636795307,508.3068428870542,0.3908441049766099,0.06221495428367359,0.06086498508817772,0.060609189558761864,0.1502442782059228,0.14818245601432695,0.14734587034410784,2.169846801366415,2.5809947839712666,0.4202671356039479,0.1378271522973915,0.1371508814779914,0.1366058473789866,0.20771356795338422,0.20721743810879817,0.20600435960262062,0.49066588703865205,0.8861134384970009,0.39739744515770087,0.034247204910912155,504,604,1.7909746607765555,0.0035535211523344355,0.11619669944047928,3.146818161010742
822,0.2942767521252272,0.2942767521252272,0.6009799220633004,59.76978395140223,0.0701524128280912,0.008391880369755958,0.008546105160033601,0.008394679652296061,0.04594558798987817,0.046304367325496844,0.04547542972066438,-1.8377858534955298,-0.03335703581037912,1.7718657201375265,0.007725673331220102,0.007822705336893795,0.007697904430596154,0.045715720496670206,0.04632747536361988,0.045434159031659795,-1.2559682698668893,0.359436639803697,1.595367598841401,-0.023139240978857445,259,270,1.1577208582311869,0.0044699647035953164,0.22763781249523163,0.28623347729444504
823,0.6007484801387657,0.6007484801387657,0.6142933246735869,574.7069285318406,0.42043437109597,0.09368313544489741,0.09295690564388896,0.09238305537922956,0.16419662377557392,0.16506105771612092,0.16306164022712782,0.7751980092890924,1.3877418379453546,0.6173293535154711,0.14340672230472584,0.14163153364986034,0.14146246747650973,0.15887887188679897,0.15874098922918362,0.15719167955338506,1.2378699034020153,1.3557626846004847,0.11937043184787532,-0.009825838368570983,311,266,1.3798039928078651,0.0044366687871635535,0.18455006182193756,0.29413874074816704
824,1.5125458634455746,1.0,0.8584990938895746,1312.236285584818,0.6235484967638937,0.3527962136680619,0.3361308085051067,0.33748927717723537,0.23304299887241944,0.22986355114413065,0.22875579481905667,4.723804994867472,4.338747383844798,-0.40414881282982695,0.21851384768672943,0.2076925493218905,0.20856306738586622,0.1829917874570804,0.181338416889437,0.1803360652477481,4.952225444472886,4.553844255732968,-0.4191378394737518,0.2343799308474167,420,390,2.1600594222545624,0.005142998624415624,0.25257816910743713,0.11559784412384033
825,-0.0007131724501304,0.0,0.1948686193840933,1745.0978655156866,0.6877701712694722,0.25660920661110703,0.2675688881342646,0.2570278362649018,0.30060156841118596,0.3231222973070967,0.30245730040201035,-4.270961929969661,-0.16313898449839342,3.939565598550974,0.613559115339139,0.6067861279339195,0.6105478877691749,0.398766000597683,0.4082725915554382,0.39902016044845035,1.1038850594658305,0.49078034938811943,-0.619948225920066,-0.4292505436580646,325,323,1.293231587857008,0.003979174116483101,0.21077245473861694,0.9160765679553151
826,0.5896040847250189,0.5896040847250189,0.6021880217747232,1380.6879577107215,0.6354075475628996,0.4270864314732168,0.4255347146266694,0.42407773926236375,0.47131658397174947,0.47230221148400864,0.4702464801602396,0.3633261869722216,0.7044691634137565,0.34238695792043744,0.4531479044929243,0.4466672177718402,0.44782520184440644,0.42880547909883343,0.42540519523537107,0.42549322231382636,1.4301482268435135,1.1746060382810342,-0.2592498456328925,-0.021931141267434673,364,392,1.0612318105995655,0.0029154720071416637,0.15974590182304382,0.4680220000445843
827,0.6603699373794786,0.6603699373794786,0.6418028660431632,754.5371858467286,0.4878158694337098,0.16521824367972437,0.16370051990332551,0.16315632792382434,0.18759782604940775,0.18686328768860316,0.1849607914660282,0.9186175464623438,1.2479952031792922,0.33243143016439436,0.20227626197604492,0.1970493713102861,0.1978763513920992,0.21648908229729114,0.21385748707685082,0.21301891930344843,2.5840356227157435,2.175198681725097,-0.4196816647087268,0.017683703001005302,501,452,1.122563749551773,0.0022406462066901656,0.09392273426055908,0.37726674042642117
828,0.2125981111563986,0.2125981111563986,0.4567641850368679,543.005410381325,0.4066741597748169,0.08905126131259454,0.0910086762809355,0.08910036361875645,0.1429952886072193,0.14343873289827186,0.14138637628447334,-2.198076635287496,-0.05513937190574754,2.0968469602703106,0.0803634279403695,0.08052500428197953,0.07968391686060507,0.13878206162128068,0.13822700644913008,0.13685367722738634,-0.20105705511954997,0.8455476541750347,1.0445046589866398,-0.16735497800528998,424,408,1.4947650600224733,0.0035253892925058332,0.13422362506389618,0.23486576601862907
829,1.3256373828186567,1.0,0.8400427527137964,1069.4168227467464,0.5744469215807774,0.18275422346678682,0.17167968871519557,0.17254996099076608,0.1905184436202833,0.18891692427005624,0.1877753897956316,6.059796890879466,5.583598716598324,-0.5069162706918907,0.14809719804359348,0.1442717017201653,0.14419367700046573,0.17868003376086353,0.17872637571125097,0.17757014450109918,2.5830983799586287,2.635783184755943,0.05408179065559193,0.2159235896716385,383,318,0.758706858381629,0.001980957854782321,0.11313258111476898,0.1877094004303217
830,0.9167114677262224,0.9167114677262224,0.7215192740902867,395.3191463459224,0.3328867830386024,0.13199393520543906,0.1299277348530649,0.13000499337978494,0.1408648451807864,0.14111722571229196,0.13926358463206276,1.565375219064615,1.5068433428842603,-0.05946269040047299,0.16913557163956539,0.16565434129673745,0.1659397791674401,0.16617376268737766,0.1645504578428268,0.1633639783944593,2.0582484861591235,1.8894857191458498,-0.17230932100435695,0.09740011104812885,340,314,1.20716717466712,0.0035504916901974116,0.1444241851568222,0.2897487226873636
831,0.5219006552627219,0.5219006552627219,0.5760969785286778,701.9770749113342,0.4697993108752959,0.11419667210977606,0.11400384452197795,0.11301049632551693,0.21204064849156928,0.21183568200544767,0.21024476661610367,0.16885569801258765,1.0387130923735406,0.8713286824897549,0.13895658566441396,0.13892668802083066,0.13792322841534183,0.21576639223987462,0.21685548390688242,0.21496006096575326,0.021515816210037567,0.7436547495256814,0.7222943408385142,-0.04802218451348006,273,285,0.8193722413852811,0.003001363521557806,0.1282062977552414,0.17079802975058556
832,0.605711540430527,0.605711540430527,0.615191937448885,746.0034334713985,0.4849743924906486,0.24074329010154677,0.23975416241593164,0.23902725861180169,0.24123376502537192,0.24023969603479886,0.2388540443736296,0.4108640723477308,0.7128055319927104,0.3031871467027574,0.3989248810102172,0.3938431792253999,0.39428145921591434,0.24957200269088436,0.24837925452920306,0.24676296597651784,1.2738492951225984,1.163984001836164,-0.11128286933302522,-0.008927225593272858,228,387,0.9947747699916363,0.004363047236805423,0.13951562345027924,2.219105502590537
833,0.3211730510764356,0.3211730510764356,0.3876074981251356,2820.39595008993,0.7807053980074946,1.5738881496953527,1.5802141932749103,1.5721416997168818,0.5180198378804817,0.5162008999584492,0.5129071201713868,-0.4019373029005945,0.11096404651175518,0.5108480604960718,1.2021099978974141,1.2019924621282447,1.19817464075161,0.43969925182637365,0.4361199287352773,0.43419532991514936,0.009777455422130769,0.327370802396396,0.3176244025586352,-0.23651166491702225,355,271,0.7293468862771988,0.0020544982712033767,0.15745782852172852,0.6384098250418901
834,0.8462801171494599,0.8462801171494599,0.7597038893993997,1240.6890565641838,0.6102995321660145,0.329219471638999,0.3238308258451361,0.3237052882494385,0.35260762972680415,0.35220495283896935,0.3508777800049708,1.6367943752038256,1.6749262618363598,0.03876641310165031,0.4583223478621575,0.4542571697450072,0.4537221912068928,0.4007251291315052,0.4009037173576265,0.39949671993388886,0.8869692119776174,1.0036945998208702,0.11776997122900902,0.13558472635724184,381,472,0.9126098863780499,0.00239530153905,0.10715439170598984,1.7947295801714063
835,0.8367045170121533,0.8367045170121533,0.7758937585048127,1977.2860627567864,0.7139466225132165,0.39581301743734465,0.38746261169838986,0.3871778105542672,0.3010396334302641,0.29605567595351084,0.29487217710664015,2.1096844649068727,2.1816379205982948,0.07350416156910526,0.4265875962253564,0.41766706528698316,0.41747800572790134,0.3338079141145662,0.32975168451950904,0.32854122288106213,2.091136971001083,2.1354560184264453,0.045265613402369446,0.15177459546265482,439,573,1.2695381296798587,0.0028918864001819104,0.09690496325492859,1.6581995598971844
836,1.626667055224675,1.0,0.9443282869204124,4556.694984371428,0.8518899938337865,1.4976250440093237,1.433232633317988,1.4353151345028818,0.5059205976585217,0.5024966051606501,0.5019147228116986,4.299635008703484,4.160581432294341,-0.14530098858221493,0.4091982819345903,0.3946015080468231,0.39508269070140806,0.30347025525452553,0.29926334086607026,0.2991589542822503,3.567164021011328,3.449572458233974,-0.12194141298818086,0.3202091238782545,290,347,1.1219946667551994,0.003868947126742067,0.12397313117980957,0.2860815804451704
837,0.7611918006748886,0.7611918006748886,0.7071205472137011,1216.1012623257966,0.6055284672783142,0.26979389751629484,0.26580990596364235,0.2653972657613847,0.2696688468918815,0.2692516440763049,0.26733984371723707,1.4766796392834929,1.6296260943576655,0.15523883534801763,0.18640723281584592,0.18382169320812147,0.18376708048107743,0.21077149507590423,0.21048610844940446,0.20930819083385926,1.387038243456325,1.416335779940866,0.029709620279807464,0.08300138417154324,336,388,1.9036646075546741,0.005665668474865102,0.1560598909854889,0.5217470703646541
838,0.4461816136183563,0.4461816136183563,0.5430139123262335,663.5590414558029,0.4558073941029304,0.15855681932936502,0.159004738214576,0.15776739672445086,0.22929897285080797,0.22937362646462772,0.2278603437675716,-0.28249739563741616,0.4978799450273507,0.7781790052415624,0.09348853423499884,0.09296854987614925,0.09279719385284506,0.14114037396853396,0.14029288496489523,0.13976066544247956,0.5562012102388124,0.7394921610557948,0.184316119303212,-0.08110525071592434,514,696,1.2367279632017016,0.0024060855315208205,0.12907162308692932,23.261141046881676
839,0.5310161320667006,0.5310161320667006,0.5738914000184555,928.0851656702204,0.5394857986625895,0.3609640693649214,0.3606030216518524,0.3593335654425293,0.34143965436072327,0.33914167289790514,0.3381613515054587,0.1000231723075034,0.45170809528516614,0.3520370415943629,0.2856277363998632,0.28159801697768233,0.2820902770023683,0.295611791835876,0.2928349000358203,0.2922727599225802,1.4108291698042594,1.2384859545092275,-0.17480947840799443,-0.050227763023702354,262,161,1.3212252724915743,0.005042844551494559,0.21029798686504364,0.2862409083172679
840,0.0289470330529332,0.0289470330529332,0.0323778759094677,136641.26918630922,0.9942355451748108,52.07088544446619,52.87819624189776,52.07017749019419,3.2354482329886225,3.304422469241572,3.2360481068470492,-1.550407277580423,0.0013595971452360536,1.5280754812573234,50.72841546586689,52.352592193719545,50.73269655638811,3.943488124497502,4.148091267245869,3.9466595895945056,-3.2017099547402577,-0.008439235647140435,3.0942033038924897,-0.5917412871326901,412,315,0.8868134403601289,0.002152459806699342,0.09065595269203186,1.2565446235239506
841,0.7693731752236158,0.7693731752236158,0.6896664067074978,651.4934792976821,0.4512594363552268,0.06949485541096787,0.06729368559414194,0.06710232832864096,0.1695619441835727,0.1674582140828851,0.16641351976971325,3.167385274505564,3.44273985200537,0.2843613985643099,0.06487797215124204,0.06380478216386586,0.06338106806863962,0.15662812713999613,0.15598801091005446,0.15469660166995247,1.6541669719182763,2.3072608976015307,0.6640788995063672,0.06554724366533993,584,605,1.2568954201415181,0.0021522181851738324,0.1688893586397171,2.963265147060156
842,0.8242056457797154,0.8242056457797154,0.7047137676223602,534.3409068567155,0.4027988471660716,0.14573941602914003,0.1435665741320148,0.14351086219596626,0.17053020419061743,0.16815934313390707,0.16737316075661005,1.4909088812945377,1.5291359701401461,0.038805645663245486,0.05806931344299905,0.05772009976206304,0.05723029916873433,0.15084108129757262,0.1506113629453695,0.1493420669032701,0.6013738758575108,1.444849653833602,0.8485789098560016,0.08059460458020229,429,506,1.1191362962126732,0.0026087093151810565,0.1623779833316803,7.351456664502621
843,0.997693601011529,0.997693601011529,0.8462886997181356,1162.5065715741953,0.5947128981405123,0.7778685425649534,0.7706117183400095,0.7707788018647728,0.3131090553869695,0.30754030661816795,0.30723221717215676,0.9329113889880608,0.911431728143016,-0.02168193407740583,1.3212009452048854,1.3146992976816991,1.3142385842687878,0.3027820343108012,0.29704275779919936,0.2961801146984256,0.4921013375583097,0.5269721431373863,0.03504325390024364,0.22216953667597772,219,211,1.132632214576006,0.00517183659623747,0.26618334650993347,0.33280941285192966
844,0.5485300530291142,0.5485300530291142,0.5844694128332888,874.0191749881807,0.5245431544573966,0.30528740388066256,0.30475539258086026,0.30364525473024956,0.2942612925169588,0.2933420954040418,0.2924891948539443,0.17426572241095714,0.5379026876113489,0.3642717660249943,0.12149416237190083,0.12095739447186998,0.12027141459273379,0.20631654177933292,0.2061003023383191,0.2048486327914805,0.4418055069903446,1.0064251280025645,0.5671252114278388,-0.03964975020886907,379,463,1.3676252514123917,0.00360850989818573,0.16603197157382965,3.850554160773754
845,0.6959221622780983,0.6959221622780983,0.6442003679594459,307.5863274494592,0.2796708373044749,0.1061923119887142,0.10543645484491182,0.10526325585079163,0.12658229457637607,0.12628240845841446,0.12519685834506553,0.7117814177383345,0.8748807898836508,0.16426860555483352,0.25485626367671266,0.24846908574305945,0.24958381221997,0.20192945980722396,0.19856811385643905,0.19763050858870132,2.5061883280826067,2.0687941432865093,-0.4486378953650926,0.020081204917288042,342,381,2.4315158426761627,0.007109695446421528,0.1704699993133545,0.996556444093585
846,0.5630995597092923,0.5630995597092923,0.5967693559623476,643.523810636226,0.4482134524968222,0.07493207709828269,0.07442276958883066,0.0736569936097088,0.12280386981999811,0.12144484146078763,0.11932435042569269,0.679692234854244,1.7016524003484599,1.0289538851518238,0.1333653572282422,0.13101283866956262,0.13088488751423563,0.17042692332786774,0.16840496037136385,0.16685201151919438,1.7639652512259685,1.8599055748499005,0.09766306617453256,-0.027349807079810273,318,218,1.18579070456326,0.0037289015866769186,0.17431610822677612,0.16100197285413742
847,0.4946801492779608,0.4946801492779608,0.5698800470135964,571.4078397366137,0.4190322102374058,0.060018100715663714,0.0600562279032114,0.05916145686764561,0.12925511409597396,0.12958058783400814,0.12738890428221095,-0.0635261481004081,1.4273091580762647,1.4898888371874297,0.11625282880362237,0.11666092323132042,0.11545120646094098,0.16735278016945285,0.16712414118875207,0.16520582697216454,-0.35104042791717366,0.6895508272194466,1.0369511374265064,-0.05423911602856146,530,604,1.9716826677322388,0.0037201559768532807,0.3629749119281769,3.804459072649479
848,0.7434636586382536,0.7434636586382536,0.6883303549588708,922.6724565883476,0.5380322870861727,0.40402628714838223,0.4012087423459823,0.4008455244705436,0.2772997124343931,0.27699210041076866,0.2754699070059523,0.6973667041038746,0.7872662693035265,0.09053089753599435,0.3598067342660395,0.3539471575357805,0.35443855266422747,0.29335819146465764,0.29085267118891217,0.2901307045097746,1.6285344803820299,1.4919625150325306,-0.138832907111934,0.06421119191671298,387,293,1.4976434540003538,0.0038698797260991054,0.21717631816864014,1.005804779008031
849,0.8562849406172534,0.8562849406172534,0.718736150514835,544.958189467768,0.4075406309272806,0.10867102868867456,0.10623574376777589,0.10622981644304746,0.1641554011315676,0.16368630613179364,0.16214125706601962,2.2409697877024626,2.2464241620651166,0.005579407192163332,0.18331854723041344,0.1794732796883744,0.1794665301448028,0.20577958759013346,0.20369630222101334,0.20223735010112598,2.0975878328371835,2.1012696990059796,0.0037607512289986544,0.0946169874726771,526,455,2.3897320926189423,0.004543216906119662,0.2945123016834259,2.7441733814775944
850,0.838629932585177,0.838629932585177,0.7138861367742865,570.096626323618,0.4184730394812474,0.08251074003677114,0.08008936006814027,0.08005189390511558,0.1562045136908559,0.15447199393147673,0.15366247333594693,2.9346239865886266,2.9800316062609187,0.0467804499783923,0.4841620728138901,0.4914855009790602,0.4864413494157895,0.2910220930422973,0.2935604668347683,0.28994684588453296,-1.5125984822824319,-0.47076727605954066,1.0263072976156038,0.08976697373212861,160,414,0.6659839358180761,0.0041623995988629755,0.12351509928703308,2.58215762861073
851,0.0977100867299121,0.0977100867299121,0.5704112836620446,90.01235919954148,0.1020268870673039,0.008675596589200694,0.009129779111973364,0.00879634192377772,0.05392548546375377,0.05542683715979596,0.05406663431515926,-5.23517337514324,-1.391781341323878,3.6521933784614062,0.009514960372396223,0.009900884721130349,0.009606182445417513,0.05621606935063025,0.05754044256606459,0.056291635203397944,-4.055974314446207,-0.9587225742519562,2.976524664345251,-0.05370787938011323,307,347,1.6819810885936022,0.005478765760891212,0.19749002158641815,0.4396489216014743
852,0.3336676886535627,0.3336676886535627,0.5724280016010187,171.51613935215207,0.1779683217306775,0.05651830850468698,0.056876133558515764,0.056459871901660616,0.09495667549693192,0.09546830947819283,0.09449774484378974,-0.6331135224952935,0.10339411170014204,0.7318740406762814,0.06614157694622733,0.06609429372791858,0.065795256117028,0.1168533730111117,0.11717557672168731,0.11637196825189632,0.07148789081213201,0.5236053405271665,0.45244089016458466,-0.051691161441139166,546,566,1.057109635323286,0.0019360982331928316,0.133932426571846,1.455687215551734
853,0.9026576541258148,0.9026576541258148,0.7219610108956497,428.9685008458519,0.3512686791431842,0.04144052190997224,0.03927406282101405,0.03933641020465624,0.1250909406934786,0.12233636799994291,0.12182819352468864,5.2278759752706065,5.077425689490812,-0.1587495134545439,0.09793885154705927,0.09668265796982309,0.0963505696282147,0.16480391677250883,0.16430447701207335,0.1630749507365007,1.282630495858512,1.621707722477635,0.34348284230253695,0.09784184785349181,449,673,1.1623913245275617,0.0025888448207740796,0.08187442272901535,2.1903973817825317
854,1.0010869470497157,1.0,0.8598096676556282,1331.909947823233,0.6270351702976142,0.5273036419803744,0.5189326469786198,0.5190993536327349,0.3916942872674247,0.3881619015840494,0.38762115562867017,1.5875094225247341,1.5558944969215454,-0.03212491160184593,0.7953101532883111,0.779949604263402,0.7809798570405317,0.5161690611965472,0.5119956817543322,0.5118359193871532,1.9313910379993247,1.8018500315290755,-0.13209222384345556,0.2356905046134703,396,366,1.4162208307534456,0.0035763152291753675,0.1748458296060562,0.3132149213925004
855,-0.055188381526453,0.0,0.3054123447577559,826.7146032139574,0.5106505891133388,0.529957227735723,0.5357140803162799,0.5306156044149726,0.24841600682351972,0.25239079118166646,0.24797069564459281,-1.0862862659980024,-0.1242320407747951,0.9517158664743723,1.0275296607519595,0.9839728206766112,1.0108838412278518,0.28179819369432807,0.27943487970008757,0.27893193279241546,4.238986156708398,1.6199843332917594,-2.734935354488322,-0.31870681828440195,246,325,0.7407401613891125,0.0030111388674354165,0.11222676932811737,0.5557394064962864
856,0.7704309725045095,0.7704309725045095,0.6973102135423574,792.9907687832284,0.5002402114303207,0.43935161268470063,0.43666185168744565,0.4364263490397103,0.1726525746935251,0.16913887284444348,0.16843074914388367,0.612211477003337,0.6658137948135078,0.053932498757398264,0.06812079327668161,0.06590530191778048,0.06579176714233925,0.1660573088776463,0.16370884604463531,0.16310339912487817,3.252298237195536,3.418965079990638,0.1722695627475659,0.07319105050019958,250,356,1.962679773569107,0.007850719094276428,0.19771799445152283,0.5948791764676571
857,1.8382590850166656,1.0,0.8922595922201133,1971.6713548983944,0.713365521233075,0.6719000643182695,0.6388049521448813,0.6411819570047944,0.19483017579247772,0.190679784525818,0.19006085691073563,4.925600387755216,4.571826815442065,-0.3721018210538222,0.05959988455540788,0.057680426599707034,0.057428695035539774,0.1560325435572623,0.15486965563416313,0.15408617179012338,3.220573277984109,3.642942492362761,0.4364245880396075,0.26814042917795544,501,541,1.3177512111142278,0.002630241938351752,0.10043137520551682,0.9334808066487312
858,0.6515699418745541,0.6515699418745541,0.6366408089061746,664.473510773953,0.4561490200503598,0.09193432993987131,0.09067110734046847,0.09016613219837359,0.15819251214552144,0.1570211951174916,0.15533183165033687,1.3740488457674502,1.9233269472396162,0.5569305999525396,0.13970680103639344,0.13982831325371542,0.13861777217725563,0.20669642856296455,0.20662310914087204,0.2046949663911206,-0.08697659413898559,0.7795102679747979,0.8657338762738931,0.012521645864016717,263,440,0.7733449526131153,0.002940475104992834,0.07524828612804413,1.6710083922371268
859,1.85327727009809,1.0,0.8175301049024265,839.7319145775934,0.5145538767701561,0.26036294550359307,0.2461096077430346,0.24792482491685752,0.13446439215261394,0.13069579794706304,0.1302132958202809,5.474411012285073,4.777223795297667,-0.7375645308891077,0.06493241204315793,0.06401882009043813,0.06376901140938682,0.13723439338465113,0.13609547025977647,0.13520896080660985,1.4069890890739896,1.791710175494249,0.3902113170758488,0.19341094186026864,372,331,0.7490622419863939,0.0020136081773827795,0.11399495601654053,0.879601638764143
860,0.6320982245765511,0.6320982245765511,0.62885230872327,1155.216694516172,0.5931957863353075,0.2858773647855286,0.2839633311418052,0.28298281995977353,0.3306058297492887,0.33001422583290096,0.3285053621819207,0.6695296233611706,1.0125127702665877,0.3452949992131338,0.29995288664815756,0.29651158810699557,0.29583788423159396,0.3886592031122625,0.38715328707124164,0.38605149354471235,1.1472796876926217,1.3718829188633421,0.22720996494697043,0.004733145681112161,278,568,0.8350340221077204,0.0030037195039846055,0.07982487976551056,10.896861831657588
861,0.9208259393066311,0.9208259393066311,0.7637049290131054,703.8136943324478,0.4704502125914574,0.07143057102349837,0.06771565206134803,0.06779694833395634,0.15965568555250537,0.15605894800380327,0.15534539270706946,5.20074095575724,5.086929360184841,-0.12005536406068688,0.11387204819421938,0.10917189495317364,0.10926546144813064,0.1795014617370504,0.1771449958132858,0.17601554982922063,4.127574163792319,4.045406066844235,-0.08570566169720527,0.13958576597094752,427,499,1.251486605964601,0.0029308819811817355,0.18233340978622437,3.5715941451489925
