bucket,count,lambda_max,lambda_min,mae_mean,mae_std,mse_mean,mse_std
0,1190,0.07165638659223421,0.0,0.28861290216445923,0.08085666596889496,0.13845673203468323,0.0806519016623497
1,1190,0.19338615061562536,0.0716630093104939,0.316308856010437,0.08952756971120834,0.166902095079422,0.09531009942293167
2,1190,0.3269703012079297,0.1934570463753809,0.3255545496940613,0.09165993332862854,0.17654608190059662,0.10320407152175903
3,1190,0.5802720721922334,0.32698996508269285,0.33188506960868835,0.09171319007873535,0.18157221376895905,0.10244130343198776
4,1190,1.0,0.5804814615055706,0.3273928761482239,0.09436376392841339,0.17619772255420685,0.1012931615114212
