auc_regime,corr_mae,corr_mse,k,n_auc,n_corr,n_sep,n_smooth_mean,n_smooth_std,n_top10,passed_filters,reg1_top10_coverage,score,score_equal,score_gating,score_norm_auc,score_norm_corr_mse,score_norm_sep_mean,score_norm_smooth_mean_abs,score_norm_smooth_std,score_norm_top10,score_regime,sep_mean,sep_median,smooth_mean_abs_diff,smooth_std_diff,top10_in_reg1,valid_count,valid_ratio,window
0.49941688835993653,0.058887251700907736,0.04380765169237239,2,0.7768969103660907,0.8000253731486748,0.7958354548222951,0.3008957556263731,0.30921146924033266,0.20722260198281872,True,0.012916666666666667,3.7417086752717656,3.969873115453174,0.7263489362238608,0.7169540521558129,0.7445515613996013,0.7234574372258398,0.3059419541900192,0.3221453159513589,0.18483289463188962,0.7201478286955768,-0.07667457083858009,-0.0025200185572451517,0.024807361291535625,0.043753304632680054,0.051926298157453935,5971,nan,30
0.5307946118464283,0.03231281289509146,0.0144747762922486,2,0.8548270759068547,0.6496670058319071,0.8320292425125839,0.11574122799319987,0.13206799732308055,0.01157945538092563,True,0.0016666666666666668,3.878712826024675,4.100293554315991,0.657511323117114,0.7872062903198188,0.6078461167459468,0.7543218124924803,0.13454286661288417,0.1600480987494183,0.023929571828731497,0.7270375643039186,-0.06591576098272062,0.06770813978703338,0.015005728044241258,0.030115842270811783,0.0067226890756302525,5951,nan,50
0.6005531892424669,0.1151114162607701,0.09861920100268254,3,1.0,1.0,1.0,0.2272887839354682,0.2947312349904112,0.25889617642005036,True,0.015833333333333335,4.62402277842256,4.736876157494171,0.8997886166957111,0.9433902211049351,1.0,1.0,0.23780336774328556,0.30889500731203784,0.22733093237294918,0.8997886166957111,0.019723584777259218,0.09606716582918981,0.02091078608929376,0.0426385378990429,0.06386554621848739,5951,nan,50
0.6258375934866989,0.0810975659516725,0.07060828656223206,3,1.0,0.9374036440176784,1.0,0.07507163758122767,0.12286840567832591,0.0,True,0.0008333333333333334,4.561465658785832,4.739463600758125,0.8556750020467455,1.0,0.8694555354187644,0.9285092975267767,0.09689468820831289,0.15162990422681386,0.012025418275418276,0.8775837266405582,-0.005196889644349001,0.1529784119699772,0.012852778210221587,0.029407607959707708,0.0033783783783783786,5921,nan,80
