config_name,lambda_strategy,run_type,control_family,control_seed,delta_mask_mode,dist_mask_mode,delta_mask_nnz,dist_mask_nnz,align_pre,align_post,align_overall,margin_pre,margin_post,dist_std_base,dist_std_reg0,dist_std_reg1,gate_direction,high_closer_A0,low_closer_A1,regime_swapped,swap_reason,pre_correct_rate,post_correct_rate,directional_align_pre,directional_align_post,directional_align_overall,switch_window,switch_pre_correct_rate,switch_post_correct_rate,switch_band_correct_rate,switch_margin_pre,switch_margin_post,corr_lambda_regime,corr_gate_regime,corr_retained_regime,auc_switch_lambda,auc_switch_gate,auc_switch_rel,peak_delay_lambda,peak_delay_gate,peak_delay_rel,corr_time_lambda_switch,corr_time_gate_switch,corr_time_retained_switch,retained_gap,retained_gap_switch,switch_band_pass,directional_align_pass,switch_margin_pass,peak_delay_pass,retained_gap_switch_pass,pass_core_checks_v2,pass_core_checks_v3_abs,pass_core_checks_v3,switch_margin_pre_signed,switch_margin_post_signed,switch_margin_pre_abs,switch_margin_post_abs,switch_margin_gap_signed,switch_margin_gap_abs,retained_gap_switch_signed,retained_gap_switch_abs,peak_delay_min,directional_align_overall_better,directional_align_overall_value,directional_align_overall_value_oriented,directional_align_overall_abs_required,directional_align_overall_rel_required,directional_align_overall_abs_thr,directional_align_overall_abs_pass,directional_align_overall_ctrl_mean,directional_align_overall_ctrl_std,directional_align_overall_ctrl_q25,directional_align_overall_ctrl_q75,directional_align_overall_ctrl_p95,directional_align_overall_rel_control_family,directional_align_overall_rel_control_family_mapped,directional_align_overall_margin_vs_ctrl_mean,directional_align_overall_rel_thr,directional_align_overall_rel_pass,switch_band_correct_rate_better,switch_band_correct_rate_value,switch_band_correct_rate_value_oriented,switch_band_correct_rate_abs_required,switch_band_correct_rate_rel_required,switch_band_correct_rate_abs_thr,switch_band_correct_rate_abs_pass,switch_band_correct_rate_ctrl_mean,switch_band_correct_rate_ctrl_std,switch_band_correct_rate_ctrl_q25,switch_band_correct_rate_ctrl_q75,switch_band_correct_rate_ctrl_p95,switch_band_correct_rate_rel_control_family,switch_band_correct_rate_rel_control_family_mapped,switch_band_correct_rate_margin_vs_ctrl_mean,switch_band_correct_rate_rel_thr,switch_band_correct_rate_rel_pass,switch_margin_gap_signed_better,switch_margin_gap_signed_value,switch_margin_gap_signed_value_oriented,switch_margin_gap_signed_abs_required,switch_margin_gap_signed_rel_required,switch_margin_gap_signed_abs_thr,switch_margin_gap_signed_abs_pass,switch_margin_gap_signed_ctrl_mean,switch_margin_gap_signed_ctrl_std,switch_margin_gap_signed_ctrl_q25,switch_margin_gap_signed_ctrl_q75,switch_margin_gap_signed_ctrl_p95,switch_margin_gap_signed_rel_control_family,switch_margin_gap_signed_rel_control_family_mapped,switch_margin_gap_signed_margin_vs_ctrl_mean,switch_margin_gap_signed_rel_thr,switch_margin_gap_signed_rel_pass,peak_delay_min_better,peak_delay_min_value,peak_delay_min_value_oriented,peak_delay_min_abs_required,peak_delay_min_rel_required,peak_delay_min_abs_thr,peak_delay_min_abs_pass,peak_delay_min_ctrl_mean,peak_delay_min_ctrl_std,peak_delay_min_ctrl_q25,peak_delay_min_ctrl_q75,peak_delay_min_ctrl_p95,peak_delay_min_rel_control_family,peak_delay_min_rel_control_family_mapped,peak_delay_min_margin_vs_ctrl_mean,peak_delay_min_rel_thr,peak_delay_min_rel_pass,retained_gap_switch_abs_better,retained_gap_switch_abs_value,retained_gap_switch_abs_value_oriented,retained_gap_switch_abs_abs_required,retained_gap_switch_abs_rel_required,retained_gap_switch_abs_abs_thr,retained_gap_switch_abs_abs_pass,retained_gap_switch_abs_ctrl_mean,retained_gap_switch_abs_ctrl_std,retained_gap_switch_abs_ctrl_q25,retained_gap_switch_abs_ctrl_q75,retained_gap_switch_abs_ctrl_p95,retained_gap_switch_abs_rel_control_family,retained_gap_switch_abs_rel_control_family_mapped,retained_gap_switch_abs_margin_vs_ctrl_mean,retained_gap_switch_abs_rel_thr,retained_gap_switch_abs_rel_pass,retained_gap_switch_signed_better,retained_gap_switch_signed_value,retained_gap_switch_signed_value_oriented,retained_gap_switch_signed_abs_required,retained_gap_switch_signed_rel_required,retained_gap_switch_signed_abs_thr,retained_gap_switch_signed_abs_pass,retained_gap_switch_signed_ctrl_mean,retained_gap_switch_signed_ctrl_std,retained_gap_switch_signed_ctrl_q25,retained_gap_switch_signed_ctrl_q75,retained_gap_switch_signed_ctrl_p95,retained_gap_switch_signed_rel_control_family,retained_gap_switch_signed_rel_control_family_mapped,retained_gap_switch_signed_margin_vs_ctrl_mean,retained_gap_switch_signed_rel_thr,retained_gap_switch_signed_rel_pass,window_100_abs_pass,window_200_abs_pass,window_400_abs_pass,window_pass_count,window_total,window_robust_pass,legacy3checks,abs_pass_all,rel_pass_all,pass_core_checks_v3_before_guardrail,negative_control_v3_pass_count,negative_control_v3_pass_max_allowed,negative_control_v3_guardrail_pass,v3_guardrail_reason
lambda_block_shuffle_100_s2026,lambda_block_shuffle_100,negative_control,block_shuffle,2026,union_base_predchange,true_change_only,20,6,0.22557026189805687,0.7054166666666667,0.41908922870105864,0.3073747754096985,0.2626190185546875,0.2925075888633728,0.2925075888633728,0.2925075888633728,True,True,True,True,"pre_rel_mean: pre_rel_mean=0.307375, post_rel_mean=0.262619, pre_count=3551, post_count=2400",0.22557026189805687,0.7054166666666667,0.22557026189805687,0.7054166666666667,0.41908922870105864,200,0.31,1.0,0.655,-0.11256640404462814,0.7551146149635315,0.03752952404816262,-0.03752952404816262,-0.03752951841715606,0.5303136440439313,0.5303136440439313,0.5303136440439313,151.0,151.0,151.0,-0.39324777358546786,0.393247773585468,0.39324777377234643,0.6423218548297882,-0.33785051107406616,True,False,True,False,True,False,False,False,-0.11256640404462814,0.7551146149635315,0.11256640404462814,0.7551146149635315,-0.11256640404462814,0.11256640404462814,-0.33785051107406616,0.33785051107406616,151.0,higher,0.41908922870105864,0.41908922870105864,True,True,0.58,False,0.40220131070408327,0.019162892074519888,0.39354730297429,0.4178289363132247,0.41908922870105864,block_shuffle,block_shuffle,0.016887917996975366,0.4178289363132247,True,higher,0.655,0.655,True,True,0.6,True,0.388125,0.15444836313473834,0.294375,0.4,0.655,block_shuffle,block_shuffle,0.26687500000000003,0.46534918156736915,True,higher,-0.11256640404462814,-0.11256640404462814,True,True,0.0,False,-0.3913216646760702,0.21683097606493196,-0.4882574528455734,-0.27141145430505276,-0.11256640404462814,block_shuffle,block_shuffle,0.27875526063144207,-0.27141145430505276,True,lower,151.0,-151.0,True,True,100.0,False,114.0,60.67124524847005,88.5,148.5,189.0,shift,shift,-37.0,83.66437737576497,False,higher,0.33785051107406616,0.33785051107406616,True,False,0.1,True,0.353844977915287,0.049508743568015705,0.32911551743745804,0.3630334585905075,0.43586137890815735,block_shuffle,block_shuffle,-0.015994466841220856,0.3785993496992949,False,lower,-0.33785051107406616,0.33785051107406616,False,False,-0.1,True,0.18491972237825394,0.30571568550060196,0.1427202746272087,0.3630334585905075,0.43586137890815735,block_shuffle,block_shuffle,0.5227702334523201,0.032061879627952955,True,False,False,False,0,3,False,True,False,False,False,0,1,True,
lambda_block_shuffle_100_s2027,lambda_block_shuffle_100,negative_control,block_shuffle,2027,union_base_predchange,true_change_only,20,6,0.22557026189805687,0.7054166666666667,0.41908922870105864,0.3073747754096985,0.2626190185546875,0.2925075888633728,0.2925075888633728,0.2925075888633728,True,True,True,True,"pre_rel_mean: pre_rel_mean=0.307375, post_rel_mean=0.262619, pre_count=3551, post_count=2400",0.22557026189805687,0.7054166666666667,0.22557026189805687,0.7054166666666667,0.41908922870105864,200,0.31,1.0,0.655,-0.11256640404462814,0.7551146149635315,0.03752952404816262,-0.03752952404816262,-0.03752951841715606,0.5303136440439313,0.5303136440439313,0.5303136440439313,151.0,151.0,151.0,-0.39324777358546786,0.393247773585468,0.39324777377234643,0.6423218548297882,-0.33785051107406616,True,False,True,False,True,False,False,False,-0.11256640404462814,0.7551146149635315,0.11256640404462814,0.7551146149635315,-0.11256640404462814,0.11256640404462814,-0.33785051107406616,0.33785051107406616,151.0,higher,0.41908922870105864,0.41908922870105864,True,True,0.58,False,0.40220131070408327,0.019162892074519888,0.39354730297429,0.4178289363132247,0.41908922870105864,block_shuffle,block_shuffle,0.016887917996975366,0.4178289363132247,True,higher,0.655,0.655,True,True,0.6,True,0.388125,0.15444836313473834,0.294375,0.4,0.655,block_shuffle,block_shuffle,0.26687500000000003,0.46534918156736915,True,higher,-0.11256640404462814,-0.11256640404462814,True,True,0.0,False,-0.3913216646760702,0.21683097606493196,-0.4882574528455734,-0.27141145430505276,-0.11256640404462814,block_shuffle,block_shuffle,0.27875526063144207,-0.27141145430505276,True,lower,151.0,-151.0,True,True,100.0,False,114.0,60.67124524847005,88.5,148.5,189.0,shift,shift,-37.0,83.66437737576497,False,higher,0.33785051107406616,0.33785051107406616,True,False,0.1,True,0.353844977915287,0.049508743568015705,0.32911551743745804,0.3630334585905075,0.43586137890815735,block_shuffle,block_shuffle,-0.015994466841220856,0.3785993496992949,False,lower,-0.33785051107406616,0.33785051107406616,False,False,-0.1,True,0.18491972237825394,0.30571568550060196,0.1427202746272087,0.3630334585905075,0.43586137890815735,block_shuffle,block_shuffle,0.5227702334523201,0.032061879627952955,True,False,False,False,0,3,False,True,False,False,False,0,1,True,
lambda_block_shuffle_100_s2028,lambda_block_shuffle_100,negative_control,block_shuffle,2028,union_base_predchange,true_change_only,20,6,0.22557026189805687,0.7054166666666667,0.41908922870105864,0.3073747754096985,0.2626190185546875,0.2925075888633728,0.2925075888633728,0.2925075888633728,True,True,True,True,"pre_rel_mean: pre_rel_mean=0.307375, post_rel_mean=0.262619, pre_count=3551, post_count=2400",0.22557026189805687,0.7054166666666667,0.22557026189805687,0.7054166666666667,0.41908922870105864,200,0.31,1.0,0.655,-0.11256640404462814,0.7551146149635315,0.03752952404816262,-0.03752952404816262,-0.03752951841715606,0.5303136440439313,0.5303136440439313,0.5303136440439313,151.0,151.0,151.0,-0.39324777358546786,0.393247773585468,0.39324777377234643,0.6423218548297882,-0.33785051107406616,True,False,True,False,True,False,False,False,-0.11256640404462814,0.7551146149635315,0.11256640404462814,0.7551146149635315,-0.11256640404462814,0.11256640404462814,-0.33785051107406616,0.33785051107406616,151.0,higher,0.41908922870105864,0.41908922870105864,True,True,0.58,False,0.40220131070408327,0.019162892074519888,0.39354730297429,0.4178289363132247,0.41908922870105864,block_shuffle,block_shuffle,0.016887917996975366,0.4178289363132247,True,higher,0.655,0.655,True,True,0.6,True,0.388125,0.15444836313473834,0.294375,0.4,0.655,block_shuffle,block_shuffle,0.26687500000000003,0.46534918156736915,True,higher,-0.11256640404462814,-0.11256640404462814,True,True,0.0,False,-0.3913216646760702,0.21683097606493196,-0.4882574528455734,-0.27141145430505276,-0.11256640404462814,block_shuffle,block_shuffle,0.27875526063144207,-0.27141145430505276,True,lower,151.0,-151.0,True,True,100.0,False,114.0,60.67124524847005,88.5,148.5,189.0,shift,shift,-37.0,83.66437737576497,False,higher,0.33785051107406616,0.33785051107406616,True,False,0.1,True,0.353844977915287,0.049508743568015705,0.32911551743745804,0.3630334585905075,0.43586137890815735,block_shuffle,block_shuffle,-0.015994466841220856,0.3785993496992949,False,lower,-0.33785051107406616,0.33785051107406616,False,False,-0.1,True,0.18491972237825394,0.30571568550060196,0.1427202746272087,0.3630334585905075,0.43586137890815735,block_shuffle,block_shuffle,0.5227702334523201,0.032061879627952955,True,False,False,False,0,3,False,True,False,False,False,0,1,True,
lambda_block_shuffle_100_s2029,lambda_block_shuffle_100,negative_control,block_shuffle,2029,union_base_predchange,true_change_only,20,6,0.22557026189805687,0.7054166666666667,0.41908922870105864,0.3073747754096985,0.2626190185546875,0.2925075888633728,0.2925075888633728,0.2925075888633728,True,True,True,True,"pre_rel_mean: pre_rel_mean=0.307375, post_rel_mean=0.262619, pre_count=3551, post_count=2400",0.22557026189805687,0.7054166666666667,0.22557026189805687,0.7054166666666667,0.41908922870105864,200,0.31,1.0,0.655,-0.11256640404462814,0.7551146149635315,0.03752952404816262,-0.03752952404816262,-0.03752951841715606,0.5303136440439313,0.5303136440439313,0.5303136440439313,151.0,151.0,151.0,-0.39324777358546786,0.393247773585468,0.39324777377234643,0.6423218548297882,-0.33785051107406616,True,False,True,False,True,False,False,False,-0.11256640404462814,0.7551146149635315,0.11256640404462814,0.7551146149635315,-0.11256640404462814,0.11256640404462814,-0.33785051107406616,0.33785051107406616,151.0,higher,0.41908922870105864,0.41908922870105864,True,True,0.58,False,0.40220131070408327,0.019162892074519888,0.39354730297429,0.4178289363132247,0.41908922870105864,block_shuffle,block_shuffle,0.016887917996975366,0.4178289363132247,True,higher,0.655,0.655,True,True,0.6,True,0.388125,0.15444836313473834,0.294375,0.4,0.655,block_shuffle,block_shuffle,0.26687500000000003,0.46534918156736915,True,higher,-0.11256640404462814,-0.11256640404462814,True,True,0.0,False,-0.3913216646760702,0.21683097606493196,-0.4882574528455734,-0.27141145430505276,-0.11256640404462814,block_shuffle,block_shuffle,0.27875526063144207,-0.27141145430505276,True,lower,151.0,-151.0,True,True,100.0,False,114.0,60.67124524847005,88.5,148.5,189.0,shift,shift,-37.0,83.66437737576497,False,higher,0.33785051107406616,0.33785051107406616,True,False,0.1,True,0.353844977915287,0.049508743568015705,0.32911551743745804,0.3630334585905075,0.43586137890815735,block_shuffle,block_shuffle,-0.015994466841220856,0.3785993496992949,False,lower,-0.33785051107406616,0.33785051107406616,False,False,-0.1,True,0.18491972237825394,0.30571568550060196,0.1427202746272087,0.3630334585905075,0.43586137890815735,block_shuffle,block_shuffle,0.5227702334523201,0.032061879627952955,True,False,False,False,0,3,False,True,False,False,False,0,1,True,
lambda_block_shuffle_100_s2030,lambda_block_shuffle_100,negative_control,block_shuffle,2030,union_base_predchange,true_change_only,20,6,0.22557026189805687,0.7054166666666667,0.41908922870105864,0.3073747754096985,0.2626190185546875,0.2925075888633728,0.2925075888633728,0.2925075888633728,True,True,True,True,"pre_rel_mean: pre_rel_mean=0.307375, post_rel_mean=0.262619, pre_count=3551, post_count=2400",0.22557026189805687,0.7054166666666667,0.22557026189805687,0.7054166666666667,0.41908922870105864,200,0.31,1.0,0.655,-0.11256640404462814,0.7551146149635315,0.03752952404816262,-0.03752952404816262,-0.03752951841715606,0.5303136440439313,0.5303136440439313,0.5303136440439313,151.0,151.0,151.0,-0.39324777358546786,0.393247773585468,0.39324777377234643,0.6423218548297882,-0.33785051107406616,True,False,True,False,True,False,False,False,-0.11256640404462814,0.7551146149635315,0.11256640404462814,0.7551146149635315,-0.11256640404462814,0.11256640404462814,-0.33785051107406616,0.33785051107406616,151.0,higher,0.41908922870105864,0.41908922870105864,True,True,0.58,False,0.40220131070408327,0.019162892074519888,0.39354730297429,0.4178289363132247,0.41908922870105864,block_shuffle,block_shuffle,0.016887917996975366,0.4178289363132247,True,higher,0.655,0.655,True,True,0.6,True,0.388125,0.15444836313473834,0.294375,0.4,0.655,block_shuffle,block_shuffle,0.26687500000000003,0.46534918156736915,True,higher,-0.11256640404462814,-0.11256640404462814,True,True,0.0,False,-0.3913216646760702,0.21683097606493196,-0.4882574528455734,-0.27141145430505276,-0.11256640404462814,block_shuffle,block_shuffle,0.27875526063144207,-0.27141145430505276,True,lower,151.0,-151.0,True,True,100.0,False,114.0,60.67124524847005,88.5,148.5,189.0,shift,shift,-37.0,83.66437737576497,False,higher,0.33785051107406616,0.33785051107406616,True,False,0.1,True,0.353844977915287,0.049508743568015705,0.32911551743745804,0.3630334585905075,0.43586137890815735,block_shuffle,block_shuffle,-0.015994466841220856,0.3785993496992949,False,lower,-0.33785051107406616,0.33785051107406616,False,False,-0.1,True,0.18491972237825394,0.30571568550060196,0.1427202746272087,0.3630334585905075,0.43586137890815735,block_shuffle,block_shuffle,0.5227702334523201,0.032061879627952955,True,False,False,False,0,3,False,True,False,False,False,0,1,True,
lambda_block_shuffle_200_s2026,lambda_block_shuffle_200,negative_control,block_shuffle,2026,union_base_predchange,true_change_only,20,6,0.21036327794987328,0.6829166666666666,0.40094101831624934,0.3749558925628662,0.16262716054916382,0.2925076186656952,0.2925075888633728,0.2925076186656952,True,True,True,True,"pre_rel_mean: pre_rel_mean=0.374956, post_rel_mean=0.162627, pre_count=3551, post_count=2400",0.21036327794987328,0.6829166666666666,0.21036327794987328,0.6829166666666666,0.40094101831624934,200,0.045,0.55,0.2975,-0.7160257697105408,-0.1129266619682312,0.1780461435921652,-0.1780461435921652,-0.1780461470751557,0.4160136815920398,0.4160136815920398,0.4160136815920398,0.0,0.0,0.0,0.499731145146718,-0.499731145146718,-0.4997311589798325,0.6423218548297882,0.43586137890815735,False,False,True,True,True,False,False,False,-0.7160257697105408,-0.1129266619682312,0.7160257697105408,0.1129266619682312,-0.7160257697105408,0.7160257697105408,0.43586137890815735,0.43586137890815735,0.0,higher,0.40094101831624934,0.40094101831624934,True,True,0.58,False,0.40220131070408327,0.019162892074519888,0.39354730297429,0.4178289363132247,0.41908922870105864,block_shuffle,block_shuffle,-0.0012602923878339278,0.4178289363132247,False,higher,0.2975,0.2975,True,True,0.6,False,0.388125,0.15444836313473834,0.294375,0.4,0.655,block_shuffle,block_shuffle,-0.09062500000000001,0.46534918156736915,False,higher,-0.7160257697105408,-0.7160257697105408,True,True,0.0,False,-0.3913216646760702,0.21683097606493196,-0.4882574528455734,-0.27141145430505276,-0.11256640404462814,block_shuffle,block_shuffle,-0.32470410503447056,-0.27141145430505276,False,lower,0.0,-0.0,True,True,100.0,True,114.0,60.67124524847005,88.5,148.5,189.0,shift,shift,114.0,83.66437737576497,True,higher,0.43586137890815735,0.43586137890815735,True,False,0.1,True,0.353844977915287,0.049508743568015705,0.32911551743745804,0.3630334585905075,0.43586137890815735,block_shuffle,block_shuffle,0.08201640099287033,0.3785993496992949,True,lower,0.43586137890815735,-0.43586137890815735,False,False,-0.1,False,0.18491972237825394,0.30571568550060196,0.1427202746272087,0.3630334585905075,0.43586137890815735,block_shuffle,block_shuffle,-0.2509416565299034,0.032061879627952955,False,False,False,False,0,3,False,True,False,False,False,0,1,True,
lambda_block_shuffle_200_s2027,lambda_block_shuffle_200,negative_control,block_shuffle,2027,union_base_predchange,true_change_only,20,6,0.21036327794987328,0.6829166666666666,0.40094101831624934,0.3749558925628662,0.16262716054916382,0.2925076186656952,0.2925075888633728,0.2925076186656952,True,True,True,True,"pre_rel_mean: pre_rel_mean=0.374956, post_rel_mean=0.162627, pre_count=3551, post_count=2400",0.21036327794987328,0.6829166666666666,0.21036327794987328,0.6829166666666666,0.40094101831624934,200,0.045,0.55,0.2975,-0.7160257697105408,-0.1129266619682312,0.1780461435921652,-0.1780461435921652,-0.1780461470751557,0.4160136815920398,0.4160136815920398,0.4160136815920398,0.0,0.0,0.0,0.499731145146718,-0.499731145146718,-0.4997311589798325,0.6423218548297882,0.43586137890815735,False,False,True,True,True,False,False,False,-0.7160257697105408,-0.1129266619682312,0.7160257697105408,0.1129266619682312,-0.7160257697105408,0.7160257697105408,0.43586137890815735,0.43586137890815735,0.0,higher,0.40094101831624934,0.40094101831624934,True,True,0.58,False,0.40220131070408327,0.019162892074519888,0.39354730297429,0.4178289363132247,0.41908922870105864,block_shuffle,block_shuffle,-0.0012602923878339278,0.4178289363132247,False,higher,0.2975,0.2975,True,True,0.6,False,0.388125,0.15444836313473834,0.294375,0.4,0.655,block_shuffle,block_shuffle,-0.09062500000000001,0.46534918156736915,False,higher,-0.7160257697105408,-0.7160257697105408,True,True,0.0,False,-0.3913216646760702,0.21683097606493196,-0.4882574528455734,-0.27141145430505276,-0.11256640404462814,block_shuffle,block_shuffle,-0.32470410503447056,-0.27141145430505276,False,lower,0.0,-0.0,True,True,100.0,True,114.0,60.67124524847005,88.5,148.5,189.0,shift,shift,114.0,83.66437737576497,True,higher,0.43586137890815735,0.43586137890815735,True,False,0.1,True,0.353844977915287,0.049508743568015705,0.32911551743745804,0.3630334585905075,0.43586137890815735,block_shuffle,block_shuffle,0.08201640099287033,0.3785993496992949,True,lower,0.43586137890815735,-0.43586137890815735,False,False,-0.1,False,0.18491972237825394,0.30571568550060196,0.1427202746272087,0.3630334585905075,0.43586137890815735,block_shuffle,block_shuffle,-0.2509416565299034,0.032061879627952955,False,False,False,False,0,3,False,True,False,False,False,0,1,True,
lambda_block_shuffle_200_s2028,lambda_block_shuffle_200,negative_control,block_shuffle,2028,union_base_predchange,true_change_only,20,6,0.21036327794987328,0.6829166666666666,0.40094101831624934,0.3749558925628662,0.16262716054916382,0.2925076186656952,0.2925075888633728,0.2925076186656952,True,True,True,True,"pre_rel_mean: pre_rel_mean=0.374956, post_rel_mean=0.162627, pre_count=3551, post_count=2400",0.21036327794987328,0.6829166666666666,0.21036327794987328,0.6829166666666666,0.40094101831624934,200,0.045,0.55,0.2975,-0.7160257697105408,-0.1129266619682312,0.1780461435921652,-0.1780461435921652,-0.1780461470751557,0.4160136815920398,0.4160136815920398,0.4160136815920398,0.0,0.0,0.0,0.499731145146718,-0.499731145146718,-0.4997311589798325,0.6423218548297882,0.43586137890815735,False,False,True,True,True,False,False,False,-0.7160257697105408,-0.1129266619682312,0.7160257697105408,0.1129266619682312,-0.7160257697105408,0.7160257697105408,0.43586137890815735,0.43586137890815735,0.0,higher,0.40094101831624934,0.40094101831624934,True,True,0.58,False,0.40220131070408327,0.019162892074519888,0.39354730297429,0.4178289363132247,0.41908922870105864,block_shuffle,block_shuffle,-0.0012602923878339278,0.4178289363132247,False,higher,0.2975,0.2975,True,True,0.6,False,0.388125,0.15444836313473834,0.294375,0.4,0.655,block_shuffle,block_shuffle,-0.09062500000000001,0.46534918156736915,False,higher,-0.7160257697105408,-0.7160257697105408,True,True,0.0,False,-0.3913216646760702,0.21683097606493196,-0.4882574528455734,-0.27141145430505276,-0.11256640404462814,block_shuffle,block_shuffle,-0.32470410503447056,-0.27141145430505276,False,lower,0.0,-0.0,True,True,100.0,True,114.0,60.67124524847005,88.5,148.5,189.0,shift,shift,114.0,83.66437737576497,True,higher,0.43586137890815735,0.43586137890815735,True,False,0.1,True,0.353844977915287,0.049508743568015705,0.32911551743745804,0.3630334585905075,0.43586137890815735,block_shuffle,block_shuffle,0.08201640099287033,0.3785993496992949,True,lower,0.43586137890815735,-0.43586137890815735,False,False,-0.1,False,0.18491972237825394,0.30571568550060196,0.1427202746272087,0.3630334585905075,0.43586137890815735,block_shuffle,block_shuffle,-0.2509416565299034,0.032061879627952955,False,False,False,False,0,3,False,True,False,False,False,0,1,True,
lambda_block_shuffle_200_s2029,lambda_block_shuffle_200,negative_control,block_shuffle,2029,union_base_predchange,true_change_only,20,6,0.21036327794987328,0.6829166666666666,0.40094101831624934,0.3749558925628662,0.16262716054916382,0.2925076186656952,0.2925075888633728,0.2925076186656952,True,True,True,True,"pre_rel_mean: pre_rel_mean=0.374956, post_rel_mean=0.162627, pre_count=3551, post_count=2400",0.21036327794987328,0.6829166666666666,0.21036327794987328,0.6829166666666666,0.40094101831624934,200,0.045,0.55,0.2975,-0.7160257697105408,-0.1129266619682312,0.1780461435921652,-0.1780461435921652,-0.1780461470751557,0.4160136815920398,0.4160136815920398,0.4160136815920398,0.0,0.0,0.0,0.499731145146718,-0.499731145146718,-0.4997311589798325,0.6423218548297882,0.43586137890815735,False,False,True,True,True,False,False,False,-0.7160257697105408,-0.1129266619682312,0.7160257697105408,0.1129266619682312,-0.7160257697105408,0.7160257697105408,0.43586137890815735,0.43586137890815735,0.0,higher,0.40094101831624934,0.40094101831624934,True,True,0.58,False,0.40220131070408327,0.019162892074519888,0.39354730297429,0.4178289363132247,0.41908922870105864,block_shuffle,block_shuffle,-0.0012602923878339278,0.4178289363132247,False,higher,0.2975,0.2975,True,True,0.6,False,0.388125,0.15444836313473834,0.294375,0.4,0.655,block_shuffle,block_shuffle,-0.09062500000000001,0.46534918156736915,False,higher,-0.7160257697105408,-0.7160257697105408,True,True,0.0,False,-0.3913216646760702,0.21683097606493196,-0.4882574528455734,-0.27141145430505276,-0.11256640404462814,block_shuffle,block_shuffle,-0.32470410503447056,-0.27141145430505276,False,lower,0.0,-0.0,True,True,100.0,True,114.0,60.67124524847005,88.5,148.5,189.0,shift,shift,114.0,83.66437737576497,True,higher,0.43586137890815735,0.43586137890815735,True,False,0.1,True,0.353844977915287,0.049508743568015705,0.32911551743745804,0.3630334585905075,0.43586137890815735,block_shuffle,block_shuffle,0.08201640099287033,0.3785993496992949,True,lower,0.43586137890815735,-0.43586137890815735,False,False,-0.1,False,0.18491972237825394,0.30571568550060196,0.1427202746272087,0.3630334585905075,0.43586137890815735,block_shuffle,block_shuffle,-0.2509416565299034,0.032061879627952955,False,False,False,False,0,3,False,True,False,False,False,0,1,True,
lambda_block_shuffle_200_s2030,lambda_block_shuffle_200,negative_control,block_shuffle,2030,union_base_predchange,true_change_only,20,6,0.21036327794987328,0.6829166666666666,0.40094101831624934,0.3749558925628662,0.16262716054916382,0.2925076186656952,0.2925075888633728,0.2925076186656952,True,True,True,True,"pre_rel_mean: pre_rel_mean=0.374956, post_rel_mean=0.162627, pre_count=3551, post_count=2400",0.21036327794987328,0.6829166666666666,0.21036327794987328,0.6829166666666666,0.40094101831624934,200,0.045,0.55,0.2975,-0.7160257697105408,-0.1129266619682312,0.1780461435921652,-0.1780461435921652,-0.1780461470751557,0.4160136815920398,0.4160136815920398,0.4160136815920398,0.0,0.0,0.0,0.499731145146718,-0.499731145146718,-0.4997311589798325,0.6423218548297882,0.43586137890815735,False,False,True,True,True,False,False,False,-0.7160257697105408,-0.1129266619682312,0.7160257697105408,0.1129266619682312,-0.7160257697105408,0.7160257697105408,0.43586137890815735,0.43586137890815735,0.0,higher,0.40094101831624934,0.40094101831624934,True,True,0.58,False,0.40220131070408327,0.019162892074519888,0.39354730297429,0.4178289363132247,0.41908922870105864,block_shuffle,block_shuffle,-0.0012602923878339278,0.4178289363132247,False,higher,0.2975,0.2975,True,True,0.6,False,0.388125,0.15444836313473834,0.294375,0.4,0.655,block_shuffle,block_shuffle,-0.09062500000000001,0.46534918156736915,False,higher,-0.7160257697105408,-0.7160257697105408,True,True,0.0,False,-0.3913216646760702,0.21683097606493196,-0.4882574528455734,-0.27141145430505276,-0.11256640404462814,block_shuffle,block_shuffle,-0.32470410503447056,-0.27141145430505276,False,lower,0.0,-0.0,True,True,100.0,True,114.0,60.67124524847005,88.5,148.5,189.0,shift,shift,114.0,83.66437737576497,True,higher,0.43586137890815735,0.43586137890815735,True,False,0.1,True,0.353844977915287,0.049508743568015705,0.32911551743745804,0.3630334585905075,0.43586137890815735,block_shuffle,block_shuffle,0.08201640099287033,0.3785993496992949,True,lower,0.43586137890815735,-0.43586137890815735,False,False,-0.1,False,0.18491972237825394,0.30571568550060196,0.1427202746272087,0.3630334585905075,0.43586137890815735,block_shuffle,block_shuffle,-0.2509416565299034,0.032061879627952955,False,False,False,False,0,3,False,True,False,False,False,0,1,True,
lambda_block_shuffle_500_s2026,lambda_block_shuffle_500,negative_control,block_shuffle,2026,union_base_predchange,true_change_only,20,6,0.1855815263306111,0.64625,0.371366156948412,0.37783852219581604,0.15836204588413239,0.2925075888633728,0.2925075888633728,0.2925075888633728,True,True,True,True,"pre_rel_mean: pre_rel_mean=0.377839, post_rel_mean=0.158362, pre_count=3551, post_count=2400",0.1855815263306111,0.64625,0.1855815263306111,0.64625,0.371366156948412,200,0.225,0.405,0.315,-0.412334680557251,-0.2319384515285492,0.18403983785691722,-0.18403983785691722,-0.1840398362833083,0.44557043790481554,0.44557043790481554,0.445570379235896,86.0,86.0,86.0,0.2945557618913208,-0.29455576189132077,-0.2945557663710735,0.6423218548297882,0.3387574851512909,False,False,True,True,True,False,False,False,-0.412334680557251,-0.2319384515285492,0.412334680557251,0.2319384515285492,-0.412334680557251,0.412334680557251,0.3387574851512909,0.3387574851512909,86.0,higher,0.371366156948412,0.371366156948412,True,True,0.58,False,0.40220131070408327,0.019162892074519888,0.39354730297429,0.4178289363132247,0.41908922870105864,block_shuffle,block_shuffle,-0.030835153755671252,0.4178289363132247,False,higher,0.315,0.315,True,True,0.6,False,0.388125,0.15444836313473834,0.294375,0.4,0.655,block_shuffle,block_shuffle,-0.073125,0.46534918156736915,False,higher,-0.412334680557251,-0.412334680557251,True,True,0.0,False,-0.3913216646760702,0.21683097606493196,-0.4882574528455734,-0.27141145430505276,-0.11256640404462814,block_shuffle,block_shuffle,-0.021013015881180763,-0.27141145430505276,False,lower,86.0,-86.0,True,True,100.0,True,114.0,60.67124524847005,88.5,148.5,189.0,shift,shift,28.0,83.66437737576497,False,higher,0.3387574851512909,0.3387574851512909,True,False,0.1,True,0.353844977915287,0.049508743568015705,0.32911551743745804,0.3630334585905075,0.43586137890815735,block_shuffle,block_shuffle,-0.015087492763996124,0.3785993496992949,False,lower,0.3387574851512909,-0.3387574851512909,False,False,-0.1,False,0.18491972237825394,0.30571568550060196,0.1427202746272087,0.3630334585905075,0.43586137890815735,block_shuffle,block_shuffle,-0.15383776277303696,0.032061879627952955,False,False,False,False,0,3,False,True,False,False,False,0,1,True,
lambda_block_shuffle_500_s2027,lambda_block_shuffle_500,negative_control,block_shuffle,2027,union_base_predchange,true_change_only,20,6,0.1855815263306111,0.64625,0.371366156948412,0.37783852219581604,0.15836204588413239,0.2925075888633728,0.2925075888633728,0.2925075888633728,True,True,True,True,"pre_rel_mean: pre_rel_mean=0.377839, post_rel_mean=0.158362, pre_count=3551, post_count=2400",0.1855815263306111,0.64625,0.1855815263306111,0.64625,0.371366156948412,200,0.225,0.405,0.315,-0.412334680557251,-0.2319384515285492,0.18403983785691722,-0.18403983785691722,-0.1840398362833083,0.44557043790481554,0.44557043790481554,0.445570379235896,86.0,86.0,86.0,0.2945557618913208,-0.29455576189132077,-0.2945557663710735,0.6423218548297882,0.3387574851512909,False,False,True,True,True,False,False,False,-0.412334680557251,-0.2319384515285492,0.412334680557251,0.2319384515285492,-0.412334680557251,0.412334680557251,0.3387574851512909,0.3387574851512909,86.0,higher,0.371366156948412,0.371366156948412,True,True,0.58,False,0.40220131070408327,0.019162892074519888,0.39354730297429,0.4178289363132247,0.41908922870105864,block_shuffle,block_shuffle,-0.030835153755671252,0.4178289363132247,False,higher,0.315,0.315,True,True,0.6,False,0.388125,0.15444836313473834,0.294375,0.4,0.655,block_shuffle,block_shuffle,-0.073125,0.46534918156736915,False,higher,-0.412334680557251,-0.412334680557251,True,True,0.0,False,-0.3913216646760702,0.21683097606493196,-0.4882574528455734,-0.27141145430505276,-0.11256640404462814,block_shuffle,block_shuffle,-0.021013015881180763,-0.27141145430505276,False,lower,86.0,-86.0,True,True,100.0,True,114.0,60.67124524847005,88.5,148.5,189.0,shift,shift,28.0,83.66437737576497,False,higher,0.3387574851512909,0.3387574851512909,True,False,0.1,True,0.353844977915287,0.049508743568015705,0.32911551743745804,0.3630334585905075,0.43586137890815735,block_shuffle,block_shuffle,-0.015087492763996124,0.3785993496992949,False,lower,0.3387574851512909,-0.3387574851512909,False,False,-0.1,False,0.18491972237825394,0.30571568550060196,0.1427202746272087,0.3630334585905075,0.43586137890815735,block_shuffle,block_shuffle,-0.15383776277303696,0.032061879627952955,False,False,False,False,0,3,False,True,False,False,False,0,1,True,
lambda_block_shuffle_500_s2028,lambda_block_shuffle_500,negative_control,block_shuffle,2028,union_base_predchange,true_change_only,20,6,0.1855815263306111,0.64625,0.371366156948412,0.37783852219581604,0.15836204588413239,0.2925075888633728,0.2925075888633728,0.2925075888633728,True,True,True,True,"pre_rel_mean: pre_rel_mean=0.377839, post_rel_mean=0.158362, pre_count=3551, post_count=2400",0.1855815263306111,0.64625,0.1855815263306111,0.64625,0.371366156948412,200,0.225,0.405,0.315,-0.412334680557251,-0.2319384515285492,0.18403983785691722,-0.18403983785691722,-0.1840398362833083,0.44557043790481554,0.44557043790481554,0.445570379235896,86.0,86.0,86.0,0.2945557618913208,-0.29455576189132077,-0.2945557663710735,0.6423218548297882,0.3387574851512909,False,False,True,True,True,False,False,False,-0.412334680557251,-0.2319384515285492,0.412334680557251,0.2319384515285492,-0.412334680557251,0.412334680557251,0.3387574851512909,0.3387574851512909,86.0,higher,0.371366156948412,0.371366156948412,True,True,0.58,False,0.40220131070408327,0.019162892074519888,0.39354730297429,0.4178289363132247,0.41908922870105864,block_shuffle,block_shuffle,-0.030835153755671252,0.4178289363132247,False,higher,0.315,0.315,True,True,0.6,False,0.388125,0.15444836313473834,0.294375,0.4,0.655,block_shuffle,block_shuffle,-0.073125,0.46534918156736915,False,higher,-0.412334680557251,-0.412334680557251,True,True,0.0,False,-0.3913216646760702,0.21683097606493196,-0.4882574528455734,-0.27141145430505276,-0.11256640404462814,block_shuffle,block_shuffle,-0.021013015881180763,-0.27141145430505276,False,lower,86.0,-86.0,True,True,100.0,True,114.0,60.67124524847005,88.5,148.5,189.0,shift,shift,28.0,83.66437737576497,False,higher,0.3387574851512909,0.3387574851512909,True,False,0.1,True,0.353844977915287,0.049508743568015705,0.32911551743745804,0.3630334585905075,0.43586137890815735,block_shuffle,block_shuffle,-0.015087492763996124,0.3785993496992949,False,lower,0.3387574851512909,-0.3387574851512909,False,False,-0.1,False,0.18491972237825394,0.30571568550060196,0.1427202746272087,0.3630334585905075,0.43586137890815735,block_shuffle,block_shuffle,-0.15383776277303696,0.032061879627952955,False,False,False,False,0,3,False,True,False,False,False,0,1,True,
lambda_block_shuffle_500_s2029,lambda_block_shuffle_500,negative_control,block_shuffle,2029,union_base_predchange,true_change_only,20,6,0.1855815263306111,0.64625,0.371366156948412,0.37783852219581604,0.15836204588413239,0.2925075888633728,0.2925075888633728,0.2925075888633728,True,True,True,True,"pre_rel_mean: pre_rel_mean=0.377839, post_rel_mean=0.158362, pre_count=3551, post_count=2400",0.1855815263306111,0.64625,0.1855815263306111,0.64625,0.371366156948412,200,0.225,0.405,0.315,-0.412334680557251,-0.2319384515285492,0.18403983785691722,-0.18403983785691722,-0.1840398362833083,0.44557043790481554,0.44557043790481554,0.445570379235896,86.0,86.0,86.0,0.2945557618913208,-0.29455576189132077,-0.2945557663710735,0.6423218548297882,0.3387574851512909,False,False,True,True,True,False,False,False,-0.412334680557251,-0.2319384515285492,0.412334680557251,0.2319384515285492,-0.412334680557251,0.412334680557251,0.3387574851512909,0.3387574851512909,86.0,higher,0.371366156948412,0.371366156948412,True,True,0.58,False,0.40220131070408327,0.019162892074519888,0.39354730297429,0.4178289363132247,0.41908922870105864,block_shuffle,block_shuffle,-0.030835153755671252,0.4178289363132247,False,higher,0.315,0.315,True,True,0.6,False,0.388125,0.15444836313473834,0.294375,0.4,0.655,block_shuffle,block_shuffle,-0.073125,0.46534918156736915,False,higher,-0.412334680557251,-0.412334680557251,True,True,0.0,False,-0.3913216646760702,0.21683097606493196,-0.4882574528455734,-0.27141145430505276,-0.11256640404462814,block_shuffle,block_shuffle,-0.021013015881180763,-0.27141145430505276,False,lower,86.0,-86.0,True,True,100.0,True,114.0,60.67124524847005,88.5,148.5,189.0,shift,shift,28.0,83.66437737576497,False,higher,0.3387574851512909,0.3387574851512909,True,False,0.1,True,0.353844977915287,0.049508743568015705,0.32911551743745804,0.3630334585905075,0.43586137890815735,block_shuffle,block_shuffle,-0.015087492763996124,0.3785993496992949,False,lower,0.3387574851512909,-0.3387574851512909,False,False,-0.1,False,0.18491972237825394,0.30571568550060196,0.1427202746272087,0.3630334585905075,0.43586137890815735,block_shuffle,block_shuffle,-0.15383776277303696,0.032061879627952955,False,False,False,False,0,3,False,True,False,False,False,0,1,True,
lambda_block_shuffle_500_s2030,lambda_block_shuffle_500,negative_control,block_shuffle,2030,union_base_predchange,true_change_only,20,6,0.1855815263306111,0.64625,0.371366156948412,0.37783852219581604,0.15836204588413239,0.2925075888633728,0.2925075888633728,0.2925075888633728,True,True,True,True,"pre_rel_mean: pre_rel_mean=0.377839, post_rel_mean=0.158362, pre_count=3551, post_count=2400",0.1855815263306111,0.64625,0.1855815263306111,0.64625,0.371366156948412,200,0.225,0.405,0.315,-0.412334680557251,-0.2319384515285492,0.18403983785691722,-0.18403983785691722,-0.1840398362833083,0.44557043790481554,0.44557043790481554,0.445570379235896,86.0,86.0,86.0,0.2945557618913208,-0.29455576189132077,-0.2945557663710735,0.6423218548297882,0.3387574851512909,False,False,True,True,True,False,False,False,-0.412334680557251,-0.2319384515285492,0.412334680557251,0.2319384515285492,-0.412334680557251,0.412334680557251,0.3387574851512909,0.3387574851512909,86.0,higher,0.371366156948412,0.371366156948412,True,True,0.58,False,0.40220131070408327,0.019162892074519888,0.39354730297429,0.4178289363132247,0.41908922870105864,block_shuffle,block_shuffle,-0.030835153755671252,0.4178289363132247,False,higher,0.315,0.315,True,True,0.6,False,0.388125,0.15444836313473834,0.294375,0.4,0.655,block_shuffle,block_shuffle,-0.073125,0.46534918156736915,False,higher,-0.412334680557251,-0.412334680557251,True,True,0.0,False,-0.3913216646760702,0.21683097606493196,-0.4882574528455734,-0.27141145430505276,-0.11256640404462814,block_shuffle,block_shuffle,-0.021013015881180763,-0.27141145430505276,False,lower,86.0,-86.0,True,True,100.0,True,114.0,60.67124524847005,88.5,148.5,189.0,shift,shift,28.0,83.66437737576497,False,higher,0.3387574851512909,0.3387574851512909,True,False,0.1,True,0.353844977915287,0.049508743568015705,0.32911551743745804,0.3630334585905075,0.43586137890815735,block_shuffle,block_shuffle,-0.015087492763996124,0.3785993496992949,False,lower,0.3387574851512909,-0.3387574851512909,False,False,-0.1,False,0.18491972237825394,0.30571568550060196,0.1427202746272087,0.3630334585905075,0.43586137890815735,block_shuffle,block_shuffle,-0.15383776277303696,0.032061879627952955,False,False,False,False,0,3,False,True,False,False,False,0,1,True,
lambda_block_shuffle_50_s2026,lambda_block_shuffle_50,negative_control,block_shuffle,2026,union_base_predchange,true_change_only,20,6,0.22416220782878063,0.7033333333333334,0.41740883885061336,0.34004953503608704,0.21427398920059204,0.2925075888633728,0.2925075888633728,0.2925075888633728,True,True,True,True,"pre_rel_mean: pre_rel_mean=0.340050, post_rel_mean=0.214274, pre_count=3551, post_count=2400",0.22416220782878063,0.7033333333333334,0.22416220782878063,0.7033333333333334,0.41740883885061336,200,0.21,0.36,0.285,-0.32435980439186096,-0.25173714756965637,0.10546782972159867,-0.10546782972159871,-0.10546783004853999,0.4510243006664789,0.4510243006664789,0.4510243006664789,101.0,101.0,101.0,0.14094897347258978,-0.14094897347258978,-0.14094897573234302,0.6423218548297882,0.30291053652763367,False,False,True,False,True,False,False,False,-0.32435980439186096,-0.25173714756965637,0.32435980439186096,0.25173714756965637,-0.32435980439186096,0.32435980439186096,0.30291053652763367,0.30291053652763367,101.0,higher,0.41740883885061336,0.41740883885061336,True,True,0.58,False,0.40220131070408327,0.019162892074519888,0.39354730297429,0.4178289363132247,0.41908922870105864,block_shuffle,block_shuffle,0.015207528146530092,0.4178289363132247,False,higher,0.285,0.285,True,True,0.6,False,0.388125,0.15444836313473834,0.294375,0.4,0.655,block_shuffle,block_shuffle,-0.10312500000000002,0.46534918156736915,False,higher,-0.32435980439186096,-0.32435980439186096,True,True,0.0,False,-0.3913216646760702,0.21683097606493196,-0.4882574528455734,-0.27141145430505276,-0.11256640404462814,block_shuffle,block_shuffle,0.06696186028420925,-0.27141145430505276,False,lower,101.0,-101.0,True,True,100.0,False,114.0,60.67124524847005,88.5,148.5,189.0,shift,shift,13.0,83.66437737576497,False,higher,0.30291053652763367,0.30291053652763367,True,False,0.1,True,0.353844977915287,0.049508743568015705,0.32911551743745804,0.3630334585905075,0.43586137890815735,block_shuffle,block_shuffle,-0.05093444138765335,0.3785993496992949,False,lower,0.30291053652763367,-0.30291053652763367,False,False,-0.1,False,0.18491972237825394,0.30571568550060196,0.1427202746272087,0.3630334585905075,0.43586137890815735,block_shuffle,block_shuffle,-0.11799081414937973,0.032061879627952955,False,False,False,False,0,3,False,True,False,False,False,0,1,True,
lambda_block_shuffle_50_s2027,lambda_block_shuffle_50,negative_control,block_shuffle,2027,union_base_predchange,true_change_only,20,6,0.22416220782878063,0.7033333333333334,0.41740883885061336,0.34004953503608704,0.21427398920059204,0.2925075888633728,0.2925075888633728,0.2925075888633728,True,True,True,True,"pre_rel_mean: pre_rel_mean=0.340050, post_rel_mean=0.214274, pre_count=3551, post_count=2400",0.22416220782878063,0.7033333333333334,0.22416220782878063,0.7033333333333334,0.41740883885061336,200,0.21,0.36,0.285,-0.32435980439186096,-0.25173714756965637,0.10546782972159867,-0.10546782972159871,-0.10546783004853999,0.4510243006664789,0.4510243006664789,0.4510243006664789,101.0,101.0,101.0,0.14094897347258978,-0.14094897347258978,-0.14094897573234302,0.6423218548297882,0.30291053652763367,False,False,True,False,True,False,False,False,-0.32435980439186096,-0.25173714756965637,0.32435980439186096,0.25173714756965637,-0.32435980439186096,0.32435980439186096,0.30291053652763367,0.30291053652763367,101.0,higher,0.41740883885061336,0.41740883885061336,True,True,0.58,False,0.40220131070408327,0.019162892074519888,0.39354730297429,0.4178289363132247,0.41908922870105864,block_shuffle,block_shuffle,0.015207528146530092,0.4178289363132247,False,higher,0.285,0.285,True,True,0.6,False,0.388125,0.15444836313473834,0.294375,0.4,0.655,block_shuffle,block_shuffle,-0.10312500000000002,0.46534918156736915,False,higher,-0.32435980439186096,-0.32435980439186096,True,True,0.0,False,-0.3913216646760702,0.21683097606493196,-0.4882574528455734,-0.27141145430505276,-0.11256640404462814,block_shuffle,block_shuffle,0.06696186028420925,-0.27141145430505276,False,lower,101.0,-101.0,True,True,100.0,False,114.0,60.67124524847005,88.5,148.5,189.0,shift,shift,13.0,83.66437737576497,False,higher,0.30291053652763367,0.30291053652763367,True,False,0.1,True,0.353844977915287,0.049508743568015705,0.32911551743745804,0.3630334585905075,0.43586137890815735,block_shuffle,block_shuffle,-0.05093444138765335,0.3785993496992949,False,lower,0.30291053652763367,-0.30291053652763367,False,False,-0.1,False,0.18491972237825394,0.30571568550060196,0.1427202746272087,0.3630334585905075,0.43586137890815735,block_shuffle,block_shuffle,-0.11799081414937973,0.032061879627952955,False,False,False,False,0,3,False,True,False,False,False,0,1,True,
lambda_block_shuffle_50_s2028,lambda_block_shuffle_50,negative_control,block_shuffle,2028,union_base_predchange,true_change_only,20,6,0.22416220782878063,0.7033333333333334,0.41740883885061336,0.34004953503608704,0.21427398920059204,0.2925075888633728,0.2925075888633728,0.2925075888633728,True,True,True,True,"pre_rel_mean: pre_rel_mean=0.340050, post_rel_mean=0.214274, pre_count=3551, post_count=2400",0.22416220782878063,0.7033333333333334,0.22416220782878063,0.7033333333333334,0.41740883885061336,200,0.21,0.36,0.285,-0.32435980439186096,-0.25173714756965637,0.10546782972159867,-0.10546782972159871,-0.10546783004853999,0.4510243006664789,0.4510243006664789,0.4510243006664789,101.0,101.0,101.0,0.14094897347258978,-0.14094897347258978,-0.14094897573234302,0.6423218548297882,0.30291053652763367,False,False,True,False,True,False,False,False,-0.32435980439186096,-0.25173714756965637,0.32435980439186096,0.25173714756965637,-0.32435980439186096,0.32435980439186096,0.30291053652763367,0.30291053652763367,101.0,higher,0.41740883885061336,0.41740883885061336,True,True,0.58,False,0.40220131070408327,0.019162892074519888,0.39354730297429,0.4178289363132247,0.41908922870105864,block_shuffle,block_shuffle,0.015207528146530092,0.4178289363132247,False,higher,0.285,0.285,True,True,0.6,False,0.388125,0.15444836313473834,0.294375,0.4,0.655,block_shuffle,block_shuffle,-0.10312500000000002,0.46534918156736915,False,higher,-0.32435980439186096,-0.32435980439186096,True,True,0.0,False,-0.3913216646760702,0.21683097606493196,-0.4882574528455734,-0.27141145430505276,-0.11256640404462814,block_shuffle,block_shuffle,0.06696186028420925,-0.27141145430505276,False,lower,101.0,-101.0,True,True,100.0,False,114.0,60.67124524847005,88.5,148.5,189.0,shift,shift,13.0,83.66437737576497,False,higher,0.30291053652763367,0.30291053652763367,True,False,0.1,True,0.353844977915287,0.049508743568015705,0.32911551743745804,0.3630334585905075,0.43586137890815735,block_shuffle,block_shuffle,-0.05093444138765335,0.3785993496992949,False,lower,0.30291053652763367,-0.30291053652763367,False,False,-0.1,False,0.18491972237825394,0.30571568550060196,0.1427202746272087,0.3630334585905075,0.43586137890815735,block_shuffle,block_shuffle,-0.11799081414937973,0.032061879627952955,False,False,False,False,0,3,False,True,False,False,False,0,1,True,
lambda_block_shuffle_50_s2029,lambda_block_shuffle_50,negative_control,block_shuffle,2029,union_base_predchange,true_change_only,20,6,0.22416220782878063,0.7033333333333334,0.41740883885061336,0.34004953503608704,0.21427398920059204,0.2925075888633728,0.2925075888633728,0.2925075888633728,True,True,True,True,"pre_rel_mean: pre_rel_mean=0.340050, post_rel_mean=0.214274, pre_count=3551, post_count=2400",0.22416220782878063,0.7033333333333334,0.22416220782878063,0.7033333333333334,0.41740883885061336,200,0.21,0.36,0.285,-0.32435980439186096,-0.25173714756965637,0.10546782972159867,-0.10546782972159871,-0.10546783004853999,0.4510243006664789,0.4510243006664789,0.4510243006664789,101.0,101.0,101.0,0.14094897347258978,-0.14094897347258978,-0.14094897573234302,0.6423218548297882,0.30291053652763367,False,False,True,False,True,False,False,False,-0.32435980439186096,-0.25173714756965637,0.32435980439186096,0.25173714756965637,-0.32435980439186096,0.32435980439186096,0.30291053652763367,0.30291053652763367,101.0,higher,0.41740883885061336,0.41740883885061336,True,True,0.58,False,0.40220131070408327,0.019162892074519888,0.39354730297429,0.4178289363132247,0.41908922870105864,block_shuffle,block_shuffle,0.015207528146530092,0.4178289363132247,False,higher,0.285,0.285,True,True,0.6,False,0.388125,0.15444836313473834,0.294375,0.4,0.655,block_shuffle,block_shuffle,-0.10312500000000002,0.46534918156736915,False,higher,-0.32435980439186096,-0.32435980439186096,True,True,0.0,False,-0.3913216646760702,0.21683097606493196,-0.4882574528455734,-0.27141145430505276,-0.11256640404462814,block_shuffle,block_shuffle,0.06696186028420925,-0.27141145430505276,False,lower,101.0,-101.0,True,True,100.0,False,114.0,60.67124524847005,88.5,148.5,189.0,shift,shift,13.0,83.66437737576497,False,higher,0.30291053652763367,0.30291053652763367,True,False,0.1,True,0.353844977915287,0.049508743568015705,0.32911551743745804,0.3630334585905075,0.43586137890815735,block_shuffle,block_shuffle,-0.05093444138765335,0.3785993496992949,False,lower,0.30291053652763367,-0.30291053652763367,False,False,-0.1,False,0.18491972237825394,0.30571568550060196,0.1427202746272087,0.3630334585905075,0.43586137890815735,block_shuffle,block_shuffle,-0.11799081414937973,0.032061879627952955,False,False,False,False,0,3,False,True,False,False,False,0,1,True,
lambda_block_shuffle_50_s2030,lambda_block_shuffle_50,negative_control,block_shuffle,2030,union_base_predchange,true_change_only,20,6,0.22416220782878063,0.7033333333333334,0.41740883885061336,0.34004953503608704,0.21427398920059204,0.2925075888633728,0.2925075888633728,0.2925075888633728,True,True,True,True,"pre_rel_mean: pre_rel_mean=0.340050, post_rel_mean=0.214274, pre_count=3551, post_count=2400",0.22416220782878063,0.7033333333333334,0.22416220782878063,0.7033333333333334,0.41740883885061336,200,0.21,0.36,0.285,-0.32435980439186096,-0.25173714756965637,0.10546782972159867,-0.10546782972159871,-0.10546783004853999,0.4510243006664789,0.4510243006664789,0.4510243006664789,101.0,101.0,101.0,0.14094897347258978,-0.14094897347258978,-0.14094897573234302,0.6423218548297882,0.30291053652763367,False,False,True,False,True,False,False,False,-0.32435980439186096,-0.25173714756965637,0.32435980439186096,0.25173714756965637,-0.32435980439186096,0.32435980439186096,0.30291053652763367,0.30291053652763367,101.0,higher,0.41740883885061336,0.41740883885061336,True,True,0.58,False,0.40220131070408327,0.019162892074519888,0.39354730297429,0.4178289363132247,0.41908922870105864,block_shuffle,block_shuffle,0.015207528146530092,0.4178289363132247,False,higher,0.285,0.285,True,True,0.6,False,0.388125,0.15444836313473834,0.294375,0.4,0.655,block_shuffle,block_shuffle,-0.10312500000000002,0.46534918156736915,False,higher,-0.32435980439186096,-0.32435980439186096,True,True,0.0,False,-0.3913216646760702,0.21683097606493196,-0.4882574528455734,-0.27141145430505276,-0.11256640404462814,block_shuffle,block_shuffle,0.06696186028420925,-0.27141145430505276,False,lower,101.0,-101.0,True,True,100.0,False,114.0,60.67124524847005,88.5,148.5,189.0,shift,shift,13.0,83.66437737576497,False,higher,0.30291053652763367,0.30291053652763367,True,False,0.1,True,0.353844977915287,0.049508743568015705,0.32911551743745804,0.3630334585905075,0.43586137890815735,block_shuffle,block_shuffle,-0.05093444138765335,0.3785993496992949,False,lower,0.30291053652763367,-0.30291053652763367,False,False,-0.1,False,0.18491972237825394,0.30571568550060196,0.1427202746272087,0.3630334585905075,0.43586137890815735,block_shuffle,block_shuffle,-0.11799081414937973,0.032061879627952955,False,False,False,False,0,3,False,True,False,False,False,0,1,True,
lambda_constant_05_s2026,lambda_constant_05,negative_control,constant,2026,union_base_predchange,true_change_only,20,6,0.0,0.0,0.0,0.0,0.0,2.9802322387695312e-08,2.9802322387695312e-08,2.9802322387695312e-08,False,False,False,True,"pre_rel_mean: pre_rel_mean=0.000000, post_rel_mean=0.000000, pre_count=3551, post_count=2400",0.0,0.0,0.0,0.0,0.0,200,0.0,0.0,0.0,0.0,0.0,0.0,0.0,0.0,0.5,0.5,0.5,200.0,200.0,200.0,0.0,0.0,0.0,0.0,0.0,False,False,False,False,False,False,False,False,0.0,0.0,0.0,0.0,0.0,0.0,0.0,0.0,200.0,higher,0.0,0.0,True,True,0.58,False,0.40220131070408327,0.019162892074519888,0.39354730297429,0.4178289363132247,0.41908922870105864,block_shuffle,block_shuffle,-0.40220131070408327,0.4178289363132247,False,higher,0.0,0.0,True,True,0.6,False,0.388125,0.15444836313473834,0.294375,0.4,0.655,block_shuffle,block_shuffle,-0.388125,0.46534918156736915,False,higher,0.0,0.0,True,True,0.0,True,-0.3913216646760702,0.21683097606493196,-0.4882574528455734,-0.27141145430505276,-0.11256640404462814,block_shuffle,block_shuffle,0.3913216646760702,-0.27141145430505276,True,lower,200.0,-200.0,True,True,100.0,False,114.0,60.67124524847005,88.5,148.5,189.0,shift,shift,-86.0,83.66437737576497,False,higher,0.0,0.0,True,False,0.1,False,0.353844977915287,0.049508743568015705,0.32911551743745804,0.3630334585905075,0.43586137890815735,block_shuffle,block_shuffle,-0.353844977915287,0.3785993496992949,False,lower,0.0,-0.0,False,False,-0.1,False,0.18491972237825394,0.30571568550060196,0.1427202746272087,0.3630334585905075,0.43586137890815735,block_shuffle,block_shuffle,0.18491972237825394,0.032061879627952955,True,False,False,False,0,3,False,False,False,False,False,0,1,True,
lambda_constant_05_s2027,lambda_constant_05,negative_control,constant,2027,union_base_predchange,true_change_only,20,6,0.0,0.0,0.0,0.0,0.0,2.9802322387695312e-08,2.9802322387695312e-08,2.9802322387695312e-08,False,False,False,True,"pre_rel_mean: pre_rel_mean=0.000000, post_rel_mean=0.000000, pre_count=3551, post_count=2400",0.0,0.0,0.0,0.0,0.0,200,0.0,0.0,0.0,0.0,0.0,0.0,0.0,0.0,0.5,0.5,0.5,200.0,200.0,200.0,0.0,0.0,0.0,0.0,0.0,False,False,False,False,False,False,False,False,0.0,0.0,0.0,0.0,0.0,0.0,0.0,0.0,200.0,higher,0.0,0.0,True,True,0.58,False,0.40220131070408327,0.019162892074519888,0.39354730297429,0.4178289363132247,0.41908922870105864,block_shuffle,block_shuffle,-0.40220131070408327,0.4178289363132247,False,higher,0.0,0.0,True,True,0.6,False,0.388125,0.15444836313473834,0.294375,0.4,0.655,block_shuffle,block_shuffle,-0.388125,0.46534918156736915,False,higher,0.0,0.0,True,True,0.0,True,-0.3913216646760702,0.21683097606493196,-0.4882574528455734,-0.27141145430505276,-0.11256640404462814,block_shuffle,block_shuffle,0.3913216646760702,-0.27141145430505276,True,lower,200.0,-200.0,True,True,100.0,False,114.0,60.67124524847005,88.5,148.5,189.0,shift,shift,-86.0,83.66437737576497,False,higher,0.0,0.0,True,False,0.1,False,0.353844977915287,0.049508743568015705,0.32911551743745804,0.3630334585905075,0.43586137890815735,block_shuffle,block_shuffle,-0.353844977915287,0.3785993496992949,False,lower,0.0,-0.0,False,False,-0.1,False,0.18491972237825394,0.30571568550060196,0.1427202746272087,0.3630334585905075,0.43586137890815735,block_shuffle,block_shuffle,0.18491972237825394,0.032061879627952955,True,False,False,False,0,3,False,False,False,False,False,0,1,True,
lambda_constant_05_s2028,lambda_constant_05,negative_control,constant,2028,union_base_predchange,true_change_only,20,6,0.0,0.0,0.0,0.0,0.0,2.9802322387695312e-08,2.9802322387695312e-08,2.9802322387695312e-08,False,False,False,True,"pre_rel_mean: pre_rel_mean=0.000000, post_rel_mean=0.000000, pre_count=3551, post_count=2400",0.0,0.0,0.0,0.0,0.0,200,0.0,0.0,0.0,0.0,0.0,0.0,0.0,0.0,0.5,0.5,0.5,200.0,200.0,200.0,0.0,0.0,0.0,0.0,0.0,False,False,False,False,False,False,False,False,0.0,0.0,0.0,0.0,0.0,0.0,0.0,0.0,200.0,higher,0.0,0.0,True,True,0.58,False,0.40220131070408327,0.019162892074519888,0.39354730297429,0.4178289363132247,0.41908922870105864,block_shuffle,block_shuffle,-0.40220131070408327,0.4178289363132247,False,higher,0.0,0.0,True,True,0.6,False,0.388125,0.15444836313473834,0.294375,0.4,0.655,block_shuffle,block_shuffle,-0.388125,0.46534918156736915,False,higher,0.0,0.0,True,True,0.0,True,-0.3913216646760702,0.21683097606493196,-0.4882574528455734,-0.27141145430505276,-0.11256640404462814,block_shuffle,block_shuffle,0.3913216646760702,-0.27141145430505276,True,lower,200.0,-200.0,True,True,100.0,False,114.0,60.67124524847005,88.5,148.5,189.0,shift,shift,-86.0,83.66437737576497,False,higher,0.0,0.0,True,False,0.1,False,0.353844977915287,0.049508743568015705,0.32911551743745804,0.3630334585905075,0.43586137890815735,block_shuffle,block_shuffle,-0.353844977915287,0.3785993496992949,False,lower,0.0,-0.0,False,False,-0.1,False,0.18491972237825394,0.30571568550060196,0.1427202746272087,0.3630334585905075,0.43586137890815735,block_shuffle,block_shuffle,0.18491972237825394,0.032061879627952955,True,False,False,False,0,3,False,False,False,False,False,0,1,True,
lambda_constant_05_s2029,lambda_constant_05,negative_control,constant,2029,union_base_predchange,true_change_only,20,6,0.0,0.0,0.0,0.0,0.0,2.9802322387695312e-08,2.9802322387695312e-08,2.9802322387695312e-08,False,False,False,True,"pre_rel_mean: pre_rel_mean=0.000000, post_rel_mean=0.000000, pre_count=3551, post_count=2400",0.0,0.0,0.0,0.0,0.0,200,0.0,0.0,0.0,0.0,0.0,0.0,0.0,0.0,0.5,0.5,0.5,200.0,200.0,200.0,0.0,0.0,0.0,0.0,0.0,False,False,False,False,False,False,False,False,0.0,0.0,0.0,0.0,0.0,0.0,0.0,0.0,200.0,higher,0.0,0.0,True,True,0.58,False,0.40220131070408327,0.019162892074519888,0.39354730297429,0.4178289363132247,0.41908922870105864,block_shuffle,block_shuffle,-0.40220131070408327,0.4178289363132247,False,higher,0.0,0.0,True,True,0.6,False,0.388125,0.15444836313473834,0.294375,0.4,0.655,block_shuffle,block_shuffle,-0.388125,0.46534918156736915,False,higher,0.0,0.0,True,True,0.0,True,-0.3913216646760702,0.21683097606493196,-0.4882574528455734,-0.27141145430505276,-0.11256640404462814,block_shuffle,block_shuffle,0.3913216646760702,-0.27141145430505276,True,lower,200.0,-200.0,True,True,100.0,False,114.0,60.67124524847005,88.5,148.5,189.0,shift,shift,-86.0,83.66437737576497,False,higher,0.0,0.0,True,False,0.1,False,0.353844977915287,0.049508743568015705,0.32911551743745804,0.3630334585905075,0.43586137890815735,block_shuffle,block_shuffle,-0.353844977915287,0.3785993496992949,False,lower,0.0,-0.0,False,False,-0.1,False,0.18491972237825394,0.30571568550060196,0.1427202746272087,0.3630334585905075,0.43586137890815735,block_shuffle,block_shuffle,0.18491972237825394,0.032061879627952955,True,False,False,False,0,3,False,False,False,False,False,0,1,True,
lambda_constant_05_s2030,lambda_constant_05,negative_control,constant,2030,union_base_predchange,true_change_only,20,6,0.0,0.0,0.0,0.0,0.0,2.9802322387695312e-08,2.9802322387695312e-08,2.9802322387695312e-08,False,False,False,True,"pre_rel_mean: pre_rel_mean=0.000000, post_rel_mean=0.000000, pre_count=3551, post_count=2400",0.0,0.0,0.0,0.0,0.0,200,0.0,0.0,0.0,0.0,0.0,0.0,0.0,0.0,0.5,0.5,0.5,200.0,200.0,200.0,0.0,0.0,0.0,0.0,0.0,False,False,False,False,False,False,False,False,0.0,0.0,0.0,0.0,0.0,0.0,0.0,0.0,200.0,higher,0.0,0.0,True,True,0.58,False,0.40220131070408327,0.019162892074519888,0.39354730297429,0.4178289363132247,0.41908922870105864,block_shuffle,block_shuffle,-0.40220131070408327,0.4178289363132247,False,higher,0.0,0.0,True,True,0.6,False,0.388125,0.15444836313473834,0.294375,0.4,0.655,block_shuffle,block_shuffle,-0.388125,0.46534918156736915,False,higher,0.0,0.0,True,True,0.0,True,-0.3913216646760702,0.21683097606493196,-0.4882574528455734,-0.27141145430505276,-0.11256640404462814,block_shuffle,block_shuffle,0.3913216646760702,-0.27141145430505276,True,lower,200.0,-200.0,True,True,100.0,False,114.0,60.67124524847005,88.5,148.5,189.0,shift,shift,-86.0,83.66437737576497,False,higher,0.0,0.0,True,False,0.1,False,0.353844977915287,0.049508743568015705,0.32911551743745804,0.3630334585905075,0.43586137890815735,block_shuffle,block_shuffle,-0.353844977915287,0.3785993496992949,False,lower,0.0,-0.0,False,False,-0.1,False,0.18491972237825394,0.30571568550060196,0.1427202746272087,0.3630334585905075,0.43586137890815735,block_shuffle,block_shuffle,0.18491972237825394,0.032061879627952955,True,False,False,False,0,3,False,False,False,False,False,0,1,True,
lambda_constant_10_s2026,lambda_constant_10,negative_control,constant,2026,union_base_predchange,true_change_only,20,6,1.0,0.0,0.5967064358931272,-0.9509360790252686,-0.950935959815979,0.0,0.0,5.960464477539063e-08,False,False,False,False,"pre_rel_mean: pre_rel_mean=-0.950936, post_rel_mean=-0.950936, pre_count=3551, post_count=2400",1.0,0.0,1.0,0.0,0.5967064358931272,200,1.0,0.0,0.5,0.950935959815979,-0.950935959815979,0.0,0.0,0.0,0.5,0.5,0.5,200.0,200.0,200.0,0.0,0.0,0.0,0.0,0.0,False,True,True,False,False,False,False,False,0.950935959815979,-0.950935959815979,0.950935959815979,0.950935959815979,-0.950935959815979,0.950935959815979,0.0,0.0,200.0,higher,0.5967064358931272,0.5967064358931272,True,True,0.58,True,0.40220131070408327,0.019162892074519888,0.39354730297429,0.4178289363132247,0.41908922870105864,block_shuffle,block_shuffle,0.19450512518904395,0.4178289363132247,True,higher,0.5,0.5,True,True,0.6,False,0.388125,0.15444836313473834,0.294375,0.4,0.655,block_shuffle,block_shuffle,0.111875,0.46534918156736915,True,higher,-0.950935959815979,-0.950935959815979,True,True,0.0,False,-0.3913216646760702,0.21683097606493196,-0.4882574528455734,-0.27141145430505276,-0.11256640404462814,block_shuffle,block_shuffle,-0.5596142951399088,-0.27141145430505276,False,lower,200.0,-200.0,True,True,100.0,False,114.0,60.67124524847005,88.5,148.5,189.0,shift,shift,-86.0,83.66437737576497,False,higher,0.0,0.0,True,False,0.1,False,0.353844977915287,0.049508743568015705,0.32911551743745804,0.3630334585905075,0.43586137890815735,block_shuffle,block_shuffle,-0.353844977915287,0.3785993496992949,False,lower,0.0,-0.0,False,False,-0.1,False,0.18491972237825394,0.30571568550060196,0.1427202746272087,0.3630334585905075,0.43586137890815735,block_shuffle,block_shuffle,0.18491972237825394,0.032061879627952955,True,False,False,False,0,3,False,False,False,False,False,0,1,True,
lambda_constant_10_s2027,lambda_constant_10,negative_control,constant,2027,union_base_predchange,true_change_only,20,6,1.0,0.0,0.5967064358931272,-0.9509360790252686,-0.950935959815979,0.0,0.0,5.960464477539063e-08,False,False,False,False,"pre_rel_mean: pre_rel_mean=-0.950936, post_rel_mean=-0.950936, pre_count=3551, post_count=2400",1.0,0.0,1.0,0.0,0.5967064358931272,200,1.0,0.0,0.5,0.950935959815979,-0.950935959815979,0.0,0.0,0.0,0.5,0.5,0.5,200.0,200.0,200.0,0.0,0.0,0.0,0.0,0.0,False,True,True,False,False,False,False,False,0.950935959815979,-0.950935959815979,0.950935959815979,0.950935959815979,-0.950935959815979,0.950935959815979,0.0,0.0,200.0,higher,0.5967064358931272,0.5967064358931272,True,True,0.58,True,0.40220131070408327,0.019162892074519888,0.39354730297429,0.4178289363132247,0.41908922870105864,block_shuffle,block_shuffle,0.19450512518904395,0.4178289363132247,True,higher,0.5,0.5,True,True,0.6,False,0.388125,0.15444836313473834,0.294375,0.4,0.655,block_shuffle,block_shuffle,0.111875,0.46534918156736915,True,higher,-0.950935959815979,-0.950935959815979,True,True,0.0,False,-0.3913216646760702,0.21683097606493196,-0.4882574528455734,-0.27141145430505276,-0.11256640404462814,block_shuffle,block_shuffle,-0.5596142951399088,-0.27141145430505276,False,lower,200.0,-200.0,True,True,100.0,False,114.0,60.67124524847005,88.5,148.5,189.0,shift,shift,-86.0,83.66437737576497,False,higher,0.0,0.0,True,False,0.1,False,0.353844977915287,0.049508743568015705,0.32911551743745804,0.3630334585905075,0.43586137890815735,block_shuffle,block_shuffle,-0.353844977915287,0.3785993496992949,False,lower,0.0,-0.0,False,False,-0.1,False,0.18491972237825394,0.30571568550060196,0.1427202746272087,0.3630334585905075,0.43586137890815735,block_shuffle,block_shuffle,0.18491972237825394,0.032061879627952955,True,False,False,False,0,3,False,False,False,False,False,0,1,True,
lambda_constant_10_s2028,lambda_constant_10,negative_control,constant,2028,union_base_predchange,true_change_only,20,6,1.0,0.0,0.5967064358931272,-0.9509360790252686,-0.950935959815979,0.0,0.0,5.960464477539063e-08,False,False,False,False,"pre_rel_mean: pre_rel_mean=-0.950936, post_rel_mean=-0.950936, pre_count=3551, post_count=2400",1.0,0.0,1.0,0.0,0.5967064358931272,200,1.0,0.0,0.5,0.950935959815979,-0.950935959815979,0.0,0.0,0.0,0.5,0.5,0.5,200.0,200.0,200.0,0.0,0.0,0.0,0.0,0.0,False,True,True,False,False,False,False,False,0.950935959815979,-0.950935959815979,0.950935959815979,0.950935959815979,-0.950935959815979,0.950935959815979,0.0,0.0,200.0,higher,0.5967064358931272,0.5967064358931272,True,True,0.58,True,0.40220131070408327,0.019162892074519888,0.39354730297429,0.4178289363132247,0.41908922870105864,block_shuffle,block_shuffle,0.19450512518904395,0.4178289363132247,True,higher,0.5,0.5,True,True,0.6,False,0.388125,0.15444836313473834,0.294375,0.4,0.655,block_shuffle,block_shuffle,0.111875,0.46534918156736915,True,higher,-0.950935959815979,-0.950935959815979,True,True,0.0,False,-0.3913216646760702,0.21683097606493196,-0.4882574528455734,-0.27141145430505276,-0.11256640404462814,block_shuffle,block_shuffle,-0.5596142951399088,-0.27141145430505276,False,lower,200.0,-200.0,True,True,100.0,False,114.0,60.67124524847005,88.5,148.5,189.0,shift,shift,-86.0,83.66437737576497,False,higher,0.0,0.0,True,False,0.1,False,0.353844977915287,0.049508743568015705,0.32911551743745804,0.3630334585905075,0.43586137890815735,block_shuffle,block_shuffle,-0.353844977915287,0.3785993496992949,False,lower,0.0,-0.0,False,False,-0.1,False,0.18491972237825394,0.30571568550060196,0.1427202746272087,0.3630334585905075,0.43586137890815735,block_shuffle,block_shuffle,0.18491972237825394,0.032061879627952955,True,False,False,False,0,3,False,False,False,False,False,0,1,True,
lambda_constant_10_s2029,lambda_constant_10,negative_control,constant,2029,union_base_predchange,true_change_only,20,6,1.0,0.0,0.5967064358931272,-0.9509360790252686,-0.950935959815979,0.0,0.0,5.960464477539063e-08,False,False,False,False,"pre_rel_mean: pre_rel_mean=-0.950936, post_rel_mean=-0.950936, pre_count=3551, post_count=2400",1.0,0.0,1.0,0.0,0.5967064358931272,200,1.0,0.0,0.5,0.950935959815979,-0.950935959815979,0.0,0.0,0.0,0.5,0.5,0.5,200.0,200.0,200.0,0.0,0.0,0.0,0.0,0.0,False,True,True,False,False,False,False,False,0.950935959815979,-0.950935959815979,0.950935959815979,0.950935959815979,-0.950935959815979,0.950935959815979,0.0,0.0,200.0,higher,0.5967064358931272,0.5967064358931272,True,True,0.58,True,0.40220131070408327,0.019162892074519888,0.39354730297429,0.4178289363132247,0.41908922870105864,block_shuffle,block_shuffle,0.19450512518904395,0.4178289363132247,True,higher,0.5,0.5,True,True,0.6,False,0.388125,0.15444836313473834,0.294375,0.4,0.655,block_shuffle,block_shuffle,0.111875,0.46534918156736915,True,higher,-0.950935959815979,-0.950935959815979,True,True,0.0,False,-0.3913216646760702,0.21683097606493196,-0.4882574528455734,-0.27141145430505276,-0.11256640404462814,block_shuffle,block_shuffle,-0.5596142951399088,-0.27141145430505276,False,lower,200.0,-200.0,True,True,100.0,False,114.0,60.67124524847005,88.5,148.5,189.0,shift,shift,-86.0,83.66437737576497,False,higher,0.0,0.0,True,False,0.1,False,0.353844977915287,0.049508743568015705,0.32911551743745804,0.3630334585905075,0.43586137890815735,block_shuffle,block_shuffle,-0.353844977915287,0.3785993496992949,False,lower,0.0,-0.0,False,False,-0.1,False,0.18491972237825394,0.30571568550060196,0.1427202746272087,0.3630334585905075,0.43586137890815735,block_shuffle,block_shuffle,0.18491972237825394,0.032061879627952955,True,False,False,False,0,3,False,False,False,False,False,0,1,True,
lambda_constant_10_s2030,lambda_constant_10,negative_control,constant,2030,union_base_predchange,true_change_only,20,6,1.0,0.0,0.5967064358931272,-0.9509360790252686,-0.950935959815979,0.0,0.0,5.960464477539063e-08,False,False,False,False,"pre_rel_mean: pre_rel_mean=-0.950936, post_rel_mean=-0.950936, pre_count=3551, post_count=2400",1.0,0.0,1.0,0.0,0.5967064358931272,200,1.0,0.0,0.5,0.950935959815979,-0.950935959815979,0.0,0.0,0.0,0.5,0.5,0.5,200.0,200.0,200.0,0.0,0.0,0.0,0.0,0.0,False,True,True,False,False,False,False,False,0.950935959815979,-0.950935959815979,0.950935959815979,0.950935959815979,-0.950935959815979,0.950935959815979,0.0,0.0,200.0,higher,0.5967064358931272,0.5967064358931272,True,True,0.58,True,0.40220131070408327,0.019162892074519888,0.39354730297429,0.4178289363132247,0.41908922870105864,block_shuffle,block_shuffle,0.19450512518904395,0.4178289363132247,True,higher,0.5,0.5,True,True,0.6,False,0.388125,0.15444836313473834,0.294375,0.4,0.655,block_shuffle,block_shuffle,0.111875,0.46534918156736915,True,higher,-0.950935959815979,-0.950935959815979,True,True,0.0,False,-0.3913216646760702,0.21683097606493196,-0.4882574528455734,-0.27141145430505276,-0.11256640404462814,block_shuffle,block_shuffle,-0.5596142951399088,-0.27141145430505276,False,lower,200.0,-200.0,True,True,100.0,False,114.0,60.67124524847005,88.5,148.5,189.0,shift,shift,-86.0,83.66437737576497,False,higher,0.0,0.0,True,False,0.1,False,0.353844977915287,0.049508743568015705,0.32911551743745804,0.3630334585905075,0.43586137890815735,block_shuffle,block_shuffle,-0.353844977915287,0.3785993496992949,False,lower,0.0,-0.0,False,False,-0.1,False,0.18491972237825394,0.30571568550060196,0.1427202746272087,0.3630334585905075,0.43586137890815735,block_shuffle,block_shuffle,0.18491972237825394,0.032061879627952955,True,False,False,False,0,3,False,False,False,False,False,0,1,True,
lambda_shift_1000_s2026,lambda_shift_1000,negative_control,shift,2026,union_base_predchange,true_change_only,20,6,0.2083920022528865,0.68,0.39858847252562596,0.38935786485671997,0.14131823182106018,0.2925075888633728,0.2925075888633728,0.2925075888633728,True,True,True,True,"pre_rel_mean: pre_rel_mean=0.389358, post_rel_mean=0.141318, pre_count=3551, post_count=2400",0.2083920022528865,0.68,0.2083920022528865,0.68,0.39858847252562596,200,0.0,0.565,0.2825,-0.7274314761161804,0.08761395514011383,0.2079911627059098,-0.20799116270590984,-0.20799116698333506,0.3575944569604806,0.3575944569604806,0.35759451562940014,135.0,135.0,135.0,0.36355208653827203,-0.36355208653827203,-0.3635520972788412,0.6423218548297882,0.336414635181427,False,False,True,False,True,False,False,False,-0.7274314761161804,0.08761395514011383,0.7274314761161804,0.08761395514011383,-0.7274314761161804,0.7274314761161804,0.336414635181427,0.336414635181427,135.0,higher,0.39858847252562596,0.39858847252562596,True,True,0.58,False,0.40220131070408327,0.019162892074519888,0.39354730297429,0.4178289363132247,0.41908922870105864,block_shuffle,block_shuffle,-0.0036128381784573116,0.4178289363132247,False,higher,0.2825,0.2825,True,True,0.6,False,0.388125,0.15444836313473834,0.294375,0.4,0.655,block_shuffle,block_shuffle,-0.10562500000000002,0.46534918156736915,False,higher,-0.7274314761161804,-0.7274314761161804,True,True,0.0,False,-0.3913216646760702,0.21683097606493196,-0.4882574528455734,-0.27141145430505276,-0.11256640404462814,block_shuffle,block_shuffle,-0.3361098114401102,-0.27141145430505276,False,lower,135.0,-135.0,True,True,100.0,False,114.0,60.67124524847005,88.5,148.5,189.0,shift,shift,-21.0,83.66437737576497,False,higher,0.336414635181427,0.336414635181427,True,False,0.1,True,0.353844977915287,0.049508743568015705,0.32911551743745804,0.3630334585905075,0.43586137890815735,block_shuffle,block_shuffle,-0.017430342733860016,0.3785993496992949,False,lower,0.336414635181427,-0.336414635181427,False,False,-0.1,False,0.18491972237825394,0.30571568550060196,0.1427202746272087,0.3630334585905075,0.43586137890815735,block_shuffle,block_shuffle,-0.15149491280317307,0.032061879627952955,False,False,False,False,0,3,False,True,False,False,False,0,1,True,
lambda_shift_1000_s2027,lambda_shift_1000,negative_control,shift,2027,union_base_predchange,true_change_only,20,6,0.2083920022528865,0.68,0.39858847252562596,0.38935786485671997,0.14131823182106018,0.2925075888633728,0.2925075888633728,0.2925075888633728,True,True,True,True,"pre_rel_mean: pre_rel_mean=0.389358, post_rel_mean=0.141318, pre_count=3551, post_count=2400",0.2083920022528865,0.68,0.2083920022528865,0.68,0.39858847252562596,200,0.0,0.565,0.2825,-0.7274314761161804,0.08761395514011383,0.2079911627059098,-0.20799116270590984,-0.20799116698333506,0.3575944569604806,0.3575944569604806,0.35759451562940014,135.0,135.0,135.0,0.36355208653827203,-0.36355208653827203,-0.3635520972788412,0.6423218548297882,0.336414635181427,False,False,True,False,True,False,False,False,-0.7274314761161804,0.08761395514011383,0.7274314761161804,0.08761395514011383,-0.7274314761161804,0.7274314761161804,0.336414635181427,0.336414635181427,135.0,higher,0.39858847252562596,0.39858847252562596,True,True,0.58,False,0.40220131070408327,0.019162892074519888,0.39354730297429,0.4178289363132247,0.41908922870105864,block_shuffle,block_shuffle,-0.0036128381784573116,0.4178289363132247,False,higher,0.2825,0.2825,True,True,0.6,False,0.388125,0.15444836313473834,0.294375,0.4,0.655,block_shuffle,block_shuffle,-0.10562500000000002,0.46534918156736915,False,higher,-0.7274314761161804,-0.7274314761161804,True,True,0.0,False,-0.3913216646760702,0.21683097606493196,-0.4882574528455734,-0.27141145430505276,-0.11256640404462814,block_shuffle,block_shuffle,-0.3361098114401102,-0.27141145430505276,False,lower,135.0,-135.0,True,True,100.0,False,114.0,60.67124524847005,88.5,148.5,189.0,shift,shift,-21.0,83.66437737576497,False,higher,0.336414635181427,0.336414635181427,True,False,0.1,True,0.353844977915287,0.049508743568015705,0.32911551743745804,0.3630334585905075,0.43586137890815735,block_shuffle,block_shuffle,-0.017430342733860016,0.3785993496992949,False,lower,0.336414635181427,-0.336414635181427,False,False,-0.1,False,0.18491972237825394,0.30571568550060196,0.1427202746272087,0.3630334585905075,0.43586137890815735,block_shuffle,block_shuffle,-0.15149491280317307,0.032061879627952955,False,False,False,False,0,3,False,True,False,False,False,0,1,True,
lambda_shift_1000_s2028,lambda_shift_1000,negative_control,shift,2028,union_base_predchange,true_change_only,20,6,0.2083920022528865,0.68,0.39858847252562596,0.38935786485671997,0.14131823182106018,0.2925075888633728,0.2925075888633728,0.2925075888633728,True,True,True,True,"pre_rel_mean: pre_rel_mean=0.389358, post_rel_mean=0.141318, pre_count=3551, post_count=2400",0.2083920022528865,0.68,0.2083920022528865,0.68,0.39858847252562596,200,0.0,0.565,0.2825,-0.7274314761161804,0.08761395514011383,0.2079911627059098,-0.20799116270590984,-0.20799116698333506,0.3575944569604806,0.3575944569604806,0.35759451562940014,135.0,135.0,135.0,0.36355208653827203,-0.36355208653827203,-0.3635520972788412,0.6423218548297882,0.336414635181427,False,False,True,False,True,False,False,False,-0.7274314761161804,0.08761395514011383,0.7274314761161804,0.08761395514011383,-0.7274314761161804,0.7274314761161804,0.336414635181427,0.336414635181427,135.0,higher,0.39858847252562596,0.39858847252562596,True,True,0.58,False,0.40220131070408327,0.019162892074519888,0.39354730297429,0.4178289363132247,0.41908922870105864,block_shuffle,block_shuffle,-0.0036128381784573116,0.4178289363132247,False,higher,0.2825,0.2825,True,True,0.6,False,0.388125,0.15444836313473834,0.294375,0.4,0.655,block_shuffle,block_shuffle,-0.10562500000000002,0.46534918156736915,False,higher,-0.7274314761161804,-0.7274314761161804,True,True,0.0,False,-0.3913216646760702,0.21683097606493196,-0.4882574528455734,-0.27141145430505276,-0.11256640404462814,block_shuffle,block_shuffle,-0.3361098114401102,-0.27141145430505276,False,lower,135.0,-135.0,True,True,100.0,False,114.0,60.67124524847005,88.5,148.5,189.0,shift,shift,-21.0,83.66437737576497,False,higher,0.336414635181427,0.336414635181427,True,False,0.1,True,0.353844977915287,0.049508743568015705,0.32911551743745804,0.3630334585905075,0.43586137890815735,block_shuffle,block_shuffle,-0.017430342733860016,0.3785993496992949,False,lower,0.336414635181427,-0.336414635181427,False,False,-0.1,False,0.18491972237825394,0.30571568550060196,0.1427202746272087,0.3630334585905075,0.43586137890815735,block_shuffle,block_shuffle,-0.15149491280317307,0.032061879627952955,False,False,False,False,0,3,False,True,False,False,False,0,1,True,
lambda_shift_1000_s2029,lambda_shift_1000,negative_control,shift,2029,union_base_predchange,true_change_only,20,6,0.2083920022528865,0.68,0.39858847252562596,0.38935786485671997,0.14131823182106018,0.2925075888633728,0.2925075888633728,0.2925075888633728,True,True,True,True,"pre_rel_mean: pre_rel_mean=0.389358, post_rel_mean=0.141318, pre_count=3551, post_count=2400",0.2083920022528865,0.68,0.2083920022528865,0.68,0.39858847252562596,200,0.0,0.565,0.2825,-0.7274314761161804,0.08761395514011383,0.2079911627059098,-0.20799116270590984,-0.20799116698333506,0.3575944569604806,0.3575944569604806,0.35759451562940014,135.0,135.0,135.0,0.36355208653827203,-0.36355208653827203,-0.3635520972788412,0.6423218548297882,0.336414635181427,False,False,True,False,True,False,False,False,-0.7274314761161804,0.08761395514011383,0.7274314761161804,0.08761395514011383,-0.7274314761161804,0.7274314761161804,0.336414635181427,0.336414635181427,135.0,higher,0.39858847252562596,0.39858847252562596,True,True,0.58,False,0.40220131070408327,0.019162892074519888,0.39354730297429,0.4178289363132247,0.41908922870105864,block_shuffle,block_shuffle,-0.0036128381784573116,0.4178289363132247,False,higher,0.2825,0.2825,True,True,0.6,False,0.388125,0.15444836313473834,0.294375,0.4,0.655,block_shuffle,block_shuffle,-0.10562500000000002,0.46534918156736915,False,higher,-0.7274314761161804,-0.7274314761161804,True,True,0.0,False,-0.3913216646760702,0.21683097606493196,-0.4882574528455734,-0.27141145430505276,-0.11256640404462814,block_shuffle,block_shuffle,-0.3361098114401102,-0.27141145430505276,False,lower,135.0,-135.0,True,True,100.0,False,114.0,60.67124524847005,88.5,148.5,189.0,shift,shift,-21.0,83.66437737576497,False,higher,0.336414635181427,0.336414635181427,True,False,0.1,True,0.353844977915287,0.049508743568015705,0.32911551743745804,0.3630334585905075,0.43586137890815735,block_shuffle,block_shuffle,-0.017430342733860016,0.3785993496992949,False,lower,0.336414635181427,-0.336414635181427,False,False,-0.1,False,0.18491972237825394,0.30571568550060196,0.1427202746272087,0.3630334585905075,0.43586137890815735,block_shuffle,block_shuffle,-0.15149491280317307,0.032061879627952955,False,False,False,False,0,3,False,True,False,False,False,0,1,True,
lambda_shift_1000_s2030,lambda_shift_1000,negative_control,shift,2030,union_base_predchange,true_change_only,20,6,0.2083920022528865,0.68,0.39858847252562596,0.38935786485671997,0.14131823182106018,0.2925075888633728,0.2925075888633728,0.2925075888633728,True,True,True,True,"pre_rel_mean: pre_rel_mean=0.389358, post_rel_mean=0.141318, pre_count=3551, post_count=2400",0.2083920022528865,0.68,0.2083920022528865,0.68,0.39858847252562596,200,0.0,0.565,0.2825,-0.7274314761161804,0.08761395514011383,0.2079911627059098,-0.20799116270590984,-0.20799116698333506,0.3575944569604806,0.3575944569604806,0.35759451562940014,135.0,135.0,135.0,0.36355208653827203,-0.36355208653827203,-0.3635520972788412,0.6423218548297882,0.336414635181427,False,False,True,False,True,False,False,False,-0.7274314761161804,0.08761395514011383,0.7274314761161804,0.08761395514011383,-0.7274314761161804,0.7274314761161804,0.336414635181427,0.336414635181427,135.0,higher,0.39858847252562596,0.39858847252562596,True,True,0.58,False,0.40220131070408327,0.019162892074519888,0.39354730297429,0.4178289363132247,0.41908922870105864,block_shuffle,block_shuffle,-0.0036128381784573116,0.4178289363132247,False,higher,0.2825,0.2825,True,True,0.6,False,0.388125,0.15444836313473834,0.294375,0.4,0.655,block_shuffle,block_shuffle,-0.10562500000000002,0.46534918156736915,False,higher,-0.7274314761161804,-0.7274314761161804,True,True,0.0,False,-0.3913216646760702,0.21683097606493196,-0.4882574528455734,-0.27141145430505276,-0.11256640404462814,block_shuffle,block_shuffle,-0.3361098114401102,-0.27141145430505276,False,lower,135.0,-135.0,True,True,100.0,False,114.0,60.67124524847005,88.5,148.5,189.0,shift,shift,-21.0,83.66437737576497,False,higher,0.336414635181427,0.336414635181427,True,False,0.1,True,0.353844977915287,0.049508743568015705,0.32911551743745804,0.3630334585905075,0.43586137890815735,block_shuffle,block_shuffle,-0.017430342733860016,0.3785993496992949,False,lower,0.336414635181427,-0.336414635181427,False,False,-0.1,False,0.18491972237825394,0.30571568550060196,0.1427202746272087,0.3630334585905075,0.43586137890815735,block_shuffle,block_shuffle,-0.15149491280317307,0.032061879627952955,False,False,False,False,0,3,False,True,False,False,False,0,1,True,
lambda_shift_100_s2026,lambda_shift_100,negative_control,shift,2026,union_base_predchange,true_change_only,20,6,0.26865671641791045,0.7691666666666667,0.4705091581246849,0.2733010947704315,0.3130338788032532,0.2925075888633728,0.2925075888633728,0.2925075888633728,True,True,True,True,"pre_rel_mean: pre_rel_mean=0.273301, post_rel_mean=0.313034, pre_count=3551, post_count=2400",0.26865671641791045,0.7691666666666667,0.26865671641791045,0.7691666666666667,0.4705091581246849,200,0.16,0.745,0.4525,-0.2473381757736206,0.28155314922332764,-0.03331753994421438,0.0333175399442144,0.033317527929105875,0.4562671313245095,0.4562671313245095,0.4562671313245095,21.0,21.0,21.0,0.030440785516584887,-0.030440785516584936,-0.03044076851370538,0.6423218548297882,-0.0179901123046875,False,False,True,True,False,False,False,False,-0.2473381757736206,0.28155314922332764,0.2473381757736206,0.28155314922332764,-0.2473381757736206,0.2473381757736206,-0.0179901123046875,0.0179901123046875,21.0,higher,0.4705091581246849,0.4705091581246849,True,True,0.58,False,0.40220131070408327,0.019162892074519888,0.39354730297429,0.4178289363132247,0.41908922870105864,block_shuffle,block_shuffle,0.06830784742060164,0.4178289363132247,True,higher,0.4525,0.4525,True,True,0.6,False,0.388125,0.15444836313473834,0.294375,0.4,0.655,block_shuffle,block_shuffle,0.06437500000000002,0.46534918156736915,False,higher,-0.2473381757736206,-0.2473381757736206,True,True,0.0,False,-0.3913216646760702,0.21683097606493196,-0.4882574528455734,-0.27141145430505276,-0.11256640404462814,block_shuffle,block_shuffle,0.1439834889024496,-0.27141145430505276,True,lower,21.0,-21.0,True,True,100.0,True,114.0,60.67124524847005,88.5,148.5,189.0,shift,shift,93.0,83.66437737576497,True,higher,0.0179901123046875,0.0179901123046875,True,False,0.1,False,0.353844977915287,0.049508743568015705,0.32911551743745804,0.3630334585905075,0.43586137890815735,block_shuffle,block_shuffle,-0.3358548656105995,0.3785993496992949,False,lower,-0.0179901123046875,0.0179901123046875,False,False,-0.1,False,0.18491972237825394,0.30571568550060196,0.1427202746272087,0.3630334585905075,0.43586137890815735,block_shuffle,block_shuffle,0.20290983468294144,0.032061879627952955,True,False,False,False,0,3,False,True,False,False,False,0,1,True,
lambda_shift_100_s2027,lambda_shift_100,negative_control,shift,2027,union_base_predchange,true_change_only,20,6,0.26865671641791045,0.7691666666666667,0.4705091581246849,0.2733010947704315,0.3130338788032532,0.2925075888633728,0.2925075888633728,0.2925075888633728,True,True,True,True,"pre_rel_mean: pre_rel_mean=0.273301, post_rel_mean=0.313034, pre_count=3551, post_count=2400",0.26865671641791045,0.7691666666666667,0.26865671641791045,0.7691666666666667,0.4705091581246849,200,0.16,0.745,0.4525,-0.2473381757736206,0.28155314922332764,-0.03331753994421438,0.0333175399442144,0.033317527929105875,0.4562671313245095,0.4562671313245095,0.4562671313245095,21.0,21.0,21.0,0.030440785516584887,-0.030440785516584936,-0.03044076851370538,0.6423218548297882,-0.0179901123046875,False,False,True,True,False,False,False,False,-0.2473381757736206,0.28155314922332764,0.2473381757736206,0.28155314922332764,-0.2473381757736206,0.2473381757736206,-0.0179901123046875,0.0179901123046875,21.0,higher,0.4705091581246849,0.4705091581246849,True,True,0.58,False,0.40220131070408327,0.019162892074519888,0.39354730297429,0.4178289363132247,0.41908922870105864,block_shuffle,block_shuffle,0.06830784742060164,0.4178289363132247,True,higher,0.4525,0.4525,True,True,0.6,False,0.388125,0.15444836313473834,0.294375,0.4,0.655,block_shuffle,block_shuffle,0.06437500000000002,0.46534918156736915,False,higher,-0.2473381757736206,-0.2473381757736206,True,True,0.0,False,-0.3913216646760702,0.21683097606493196,-0.4882574528455734,-0.27141145430505276,-0.11256640404462814,block_shuffle,block_shuffle,0.1439834889024496,-0.27141145430505276,True,lower,21.0,-21.0,True,True,100.0,True,114.0,60.67124524847005,88.5,148.5,189.0,shift,shift,93.0,83.66437737576497,True,higher,0.0179901123046875,0.0179901123046875,True,False,0.1,False,0.353844977915287,0.049508743568015705,0.32911551743745804,0.3630334585905075,0.43586137890815735,block_shuffle,block_shuffle,-0.3358548656105995,0.3785993496992949,False,lower,-0.0179901123046875,0.0179901123046875,False,False,-0.1,False,0.18491972237825394,0.30571568550060196,0.1427202746272087,0.3630334585905075,0.43586137890815735,block_shuffle,block_shuffle,0.20290983468294144,0.032061879627952955,True,False,False,False,0,3,False,True,False,False,False,0,1,True,
lambda_shift_100_s2028,lambda_shift_100,negative_control,shift,2028,union_base_predchange,true_change_only,20,6,0.26865671641791045,0.7691666666666667,0.4705091581246849,0.2733010947704315,0.3130338788032532,0.2925075888633728,0.2925075888633728,0.2925075888633728,True,True,True,True,"pre_rel_mean: pre_rel_mean=0.273301, post_rel_mean=0.313034, pre_count=3551, post_count=2400",0.26865671641791045,0.7691666666666667,0.26865671641791045,0.7691666666666667,0.4705091581246849,200,0.16,0.745,0.4525,-0.2473381757736206,0.28155314922332764,-0.03331753994421438,0.0333175399442144,0.033317527929105875,0.4562671313245095,0.4562671313245095,0.4562671313245095,21.0,21.0,21.0,0.030440785516584887,-0.030440785516584936,-0.03044076851370538,0.6423218548297882,-0.0179901123046875,False,False,True,True,False,False,False,False,-0.2473381757736206,0.28155314922332764,0.2473381757736206,0.28155314922332764,-0.2473381757736206,0.2473381757736206,-0.0179901123046875,0.0179901123046875,21.0,higher,0.4705091581246849,0.4705091581246849,True,True,0.58,False,0.40220131070408327,0.019162892074519888,0.39354730297429,0.4178289363132247,0.41908922870105864,block_shuffle,block_shuffle,0.06830784742060164,0.4178289363132247,True,higher,0.4525,0.4525,True,True,0.6,False,0.388125,0.15444836313473834,0.294375,0.4,0.655,block_shuffle,block_shuffle,0.06437500000000002,0.46534918156736915,False,higher,-0.2473381757736206,-0.2473381757736206,True,True,0.0,False,-0.3913216646760702,0.21683097606493196,-0.4882574528455734,-0.27141145430505276,-0.11256640404462814,block_shuffle,block_shuffle,0.1439834889024496,-0.27141145430505276,True,lower,21.0,-21.0,True,True,100.0,True,114.0,60.67124524847005,88.5,148.5,189.0,shift,shift,93.0,83.66437737576497,True,higher,0.0179901123046875,0.0179901123046875,True,False,0.1,False,0.353844977915287,0.049508743568015705,0.32911551743745804,0.3630334585905075,0.43586137890815735,block_shuffle,block_shuffle,-0.3358548656105995,0.3785993496992949,False,lower,-0.0179901123046875,0.0179901123046875,False,False,-0.1,False,0.18491972237825394,0.30571568550060196,0.1427202746272087,0.3630334585905075,0.43586137890815735,block_shuffle,block_shuffle,0.20290983468294144,0.032061879627952955,True,False,False,False,0,3,False,True,False,False,False,0,1,True,
lambda_shift_100_s2029,lambda_shift_100,negative_control,shift,2029,union_base_predchange,true_change_only,20,6,0.26865671641791045,0.7691666666666667,0.4705091581246849,0.2733010947704315,0.3130338788032532,0.2925075888633728,0.2925075888633728,0.2925075888633728,True,True,True,True,"pre_rel_mean: pre_rel_mean=0.273301, post_rel_mean=0.313034, pre_count=3551, post_count=2400",0.26865671641791045,0.7691666666666667,0.26865671641791045,0.7691666666666667,0.4705091581246849,200,0.16,0.745,0.4525,-0.2473381757736206,0.28155314922332764,-0.03331753994421438,0.0333175399442144,0.033317527929105875,0.4562671313245095,0.4562671313245095,0.4562671313245095,21.0,21.0,21.0,0.030440785516584887,-0.030440785516584936,-0.03044076851370538,0.6423218548297882,-0.0179901123046875,False,False,True,True,False,False,False,False,-0.2473381757736206,0.28155314922332764,0.2473381757736206,0.28155314922332764,-0.2473381757736206,0.2473381757736206,-0.0179901123046875,0.0179901123046875,21.0,higher,0.4705091581246849,0.4705091581246849,True,True,0.58,False,0.40220131070408327,0.019162892074519888,0.39354730297429,0.4178289363132247,0.41908922870105864,block_shuffle,block_shuffle,0.06830784742060164,0.4178289363132247,True,higher,0.4525,0.4525,True,True,0.6,False,0.388125,0.15444836313473834,0.294375,0.4,0.655,block_shuffle,block_shuffle,0.06437500000000002,0.46534918156736915,False,higher,-0.2473381757736206,-0.2473381757736206,True,True,0.0,False,-0.3913216646760702,0.21683097606493196,-0.4882574528455734,-0.27141145430505276,-0.11256640404462814,block_shuffle,block_shuffle,0.1439834889024496,-0.27141145430505276,True,lower,21.0,-21.0,True,True,100.0,True,114.0,60.67124524847005,88.5,148.5,189.0,shift,shift,93.0,83.66437737576497,True,higher,0.0179901123046875,0.0179901123046875,True,False,0.1,False,0.353844977915287,0.049508743568015705,0.32911551743745804,0.3630334585905075,0.43586137890815735,block_shuffle,block_shuffle,-0.3358548656105995,0.3785993496992949,False,lower,-0.0179901123046875,0.0179901123046875,False,False,-0.1,False,0.18491972237825394,0.30571568550060196,0.1427202746272087,0.3630334585905075,0.43586137890815735,block_shuffle,block_shuffle,0.20290983468294144,0.032061879627952955,True,False,False,False,0,3,False,True,False,False,False,0,1,True,
lambda_shift_100_s2030,lambda_shift_100,negative_control,shift,2030,union_base_predchange,true_change_only,20,6,0.26865671641791045,0.7691666666666667,0.4705091581246849,0.2733010947704315,0.3130338788032532,0.2925075888633728,0.2925075888633728,0.2925075888633728,True,True,True,True,"pre_rel_mean: pre_rel_mean=0.273301, post_rel_mean=0.313034, pre_count=3551, post_count=2400",0.26865671641791045,0.7691666666666667,0.26865671641791045,0.7691666666666667,0.4705091581246849,200,0.16,0.745,0.4525,-0.2473381757736206,0.28155314922332764,-0.03331753994421438,0.0333175399442144,0.033317527929105875,0.4562671313245095,0.4562671313245095,0.4562671313245095,21.0,21.0,21.0,0.030440785516584887,-0.030440785516584936,-0.03044076851370538,0.6423218548297882,-0.0179901123046875,False,False,True,True,False,False,False,False,-0.2473381757736206,0.28155314922332764,0.2473381757736206,0.28155314922332764,-0.2473381757736206,0.2473381757736206,-0.0179901123046875,0.0179901123046875,21.0,higher,0.4705091581246849,0.4705091581246849,True,True,0.58,False,0.40220131070408327,0.019162892074519888,0.39354730297429,0.4178289363132247,0.41908922870105864,block_shuffle,block_shuffle,0.06830784742060164,0.4178289363132247,True,higher,0.4525,0.4525,True,True,0.6,False,0.388125,0.15444836313473834,0.294375,0.4,0.655,block_shuffle,block_shuffle,0.06437500000000002,0.46534918156736915,False,higher,-0.2473381757736206,-0.2473381757736206,True,True,0.0,False,-0.3913216646760702,0.21683097606493196,-0.4882574528455734,-0.27141145430505276,-0.11256640404462814,block_shuffle,block_shuffle,0.1439834889024496,-0.27141145430505276,True,lower,21.0,-21.0,True,True,100.0,True,114.0,60.67124524847005,88.5,148.5,189.0,shift,shift,93.0,83.66437737576497,True,higher,0.0179901123046875,0.0179901123046875,True,False,0.1,False,0.353844977915287,0.049508743568015705,0.32911551743745804,0.3630334585905075,0.43586137890815735,block_shuffle,block_shuffle,-0.3358548656105995,0.3785993496992949,False,lower,-0.0179901123046875,0.0179901123046875,False,False,-0.1,False,0.18491972237825394,0.30571568550060196,0.1427202746272087,0.3630334585905075,0.43586137890815735,block_shuffle,block_shuffle,0.20290983468294144,0.032061879627952955,True,False,False,False,0,3,False,True,False,False,False,0,1,True,
lambda_shift_300_s2026,lambda_shift_300,negative_control,shift,2026,union_base_predchange,true_change_only,20,6,0.26386933258237116,0.7620833333333333,0.46479583263317087,0.2878434956073761,0.2915172278881073,0.2925075888633728,0.2925075888633728,0.2925075888633728,True,True,True,True,"pre_rel_mean: pre_rel_mean=0.287843, post_rel_mean=0.291517, pre_count=3551, post_count=2400",0.26386933258237116,0.7620833333333333,0.26386933258237116,0.7620833333333333,0.46479583263317087,200,0.63,0.84,0.735,0.23351344466209412,0.2473381757736206,-0.0030805905153818386,0.0030805905153818607,0.00308057901980662,0.43016509433962263,0.43016509433962263,0.43016509433962263,111.0,111.0,111.0,-0.3164575634893593,0.31645756348935916,0.31645755985726415,0.6423218548297882,-0.25283071398735046,True,False,True,False,True,False,False,False,0.23351344466209412,0.2473381757736206,0.23351344466209412,0.2473381757736206,0.23351344466209412,0.23351344466209412,-0.25283071398735046,0.25283071398735046,111.0,higher,0.46479583263317087,0.46479583263317087,True,True,0.58,False,0.40220131070408327,0.019162892074519888,0.39354730297429,0.4178289363132247,0.41908922870105864,block_shuffle,block_shuffle,0.0625945219290876,0.4178289363132247,True,higher,0.735,0.735,True,True,0.6,True,0.388125,0.15444836313473834,0.294375,0.4,0.655,block_shuffle,block_shuffle,0.346875,0.46534918156736915,True,higher,0.23351344466209412,0.23351344466209412,True,True,0.0,True,-0.3913216646760702,0.21683097606493196,-0.4882574528455734,-0.27141145430505276,-0.11256640404462814,block_shuffle,block_shuffle,0.6248351093381643,-0.27141145430505276,True,lower,111.0,-111.0,True,True,100.0,False,114.0,60.67124524847005,88.5,148.5,189.0,shift,shift,3.0,83.66437737576497,False,higher,0.25283071398735046,0.25283071398735046,True,False,0.1,True,0.353844977915287,0.049508743568015705,0.32911551743745804,0.3630334585905075,0.43586137890815735,block_shuffle,block_shuffle,-0.10101426392793655,0.3785993496992949,False,lower,-0.25283071398735046,0.25283071398735046,False,False,-0.1,True,0.18491972237825394,0.30571568550060196,0.1427202746272087,0.3630334585905075,0.43586137890815735,block_shuffle,block_shuffle,0.4377504363656044,0.032061879627952955,True,False,False,False,0,3,False,True,False,False,False,0,1,True,
lambda_shift_300_s2027,lambda_shift_300,negative_control,shift,2027,union_base_predchange,true_change_only,20,6,0.26386933258237116,0.7620833333333333,0.46479583263317087,0.2878434956073761,0.2915172278881073,0.2925075888633728,0.2925075888633728,0.2925075888633728,True,True,True,True,"pre_rel_mean: pre_rel_mean=0.287843, post_rel_mean=0.291517, pre_count=3551, post_count=2400",0.26386933258237116,0.7620833333333333,0.26386933258237116,0.7620833333333333,0.46479583263317087,200,0.63,0.84,0.735,0.23351344466209412,0.2473381757736206,-0.0030805905153818386,0.0030805905153818607,0.00308057901980662,0.43016509433962263,0.43016509433962263,0.43016509433962263,111.0,111.0,111.0,-0.3164575634893593,0.31645756348935916,0.31645755985726415,0.6423218548297882,-0.25283071398735046,True,False,True,False,True,False,False,False,0.23351344466209412,0.2473381757736206,0.23351344466209412,0.2473381757736206,0.23351344466209412,0.23351344466209412,-0.25283071398735046,0.25283071398735046,111.0,higher,0.46479583263317087,0.46479583263317087,True,True,0.58,False,0.40220131070408327,0.019162892074519888,0.39354730297429,0.4178289363132247,0.41908922870105864,block_shuffle,block_shuffle,0.0625945219290876,0.4178289363132247,True,higher,0.735,0.735,True,True,0.6,True,0.388125,0.15444836313473834,0.294375,0.4,0.655,block_shuffle,block_shuffle,0.346875,0.46534918156736915,True,higher,0.23351344466209412,0.23351344466209412,True,True,0.0,True,-0.3913216646760702,0.21683097606493196,-0.4882574528455734,-0.27141145430505276,-0.11256640404462814,block_shuffle,block_shuffle,0.6248351093381643,-0.27141145430505276,True,lower,111.0,-111.0,True,True,100.0,False,114.0,60.67124524847005,88.5,148.5,189.0,shift,shift,3.0,83.66437737576497,False,higher,0.25283071398735046,0.25283071398735046,True,False,0.1,True,0.353844977915287,0.049508743568015705,0.32911551743745804,0.3630334585905075,0.43586137890815735,block_shuffle,block_shuffle,-0.10101426392793655,0.3785993496992949,False,lower,-0.25283071398735046,0.25283071398735046,False,False,-0.1,True,0.18491972237825394,0.30571568550060196,0.1427202746272087,0.3630334585905075,0.43586137890815735,block_shuffle,block_shuffle,0.4377504363656044,0.032061879627952955,True,False,False,False,0,3,False,True,False,False,False,0,1,True,
lambda_shift_300_s2028,lambda_shift_300,negative_control,shift,2028,union_base_predchange,true_change_only,20,6,0.26386933258237116,0.7620833333333333,0.46479583263317087,0.2878434956073761,0.2915172278881073,0.2925075888633728,0.2925075888633728,0.2925075888633728,True,True,True,True,"pre_rel_mean: pre_rel_mean=0.287843, post_rel_mean=0.291517, pre_count=3551, post_count=2400",0.26386933258237116,0.7620833333333333,0.26386933258237116,0.7620833333333333,0.46479583263317087,200,0.63,0.84,0.735,0.23351344466209412,0.2473381757736206,-0.0030805905153818386,0.0030805905153818607,0.00308057901980662,0.43016509433962263,0.43016509433962263,0.43016509433962263,111.0,111.0,111.0,-0.3164575634893593,0.31645756348935916,0.31645755985726415,0.6423218548297882,-0.25283071398735046,True,False,True,False,True,False,False,False,0.23351344466209412,0.2473381757736206,0.23351344466209412,0.2473381757736206,0.23351344466209412,0.23351344466209412,-0.25283071398735046,0.25283071398735046,111.0,higher,0.46479583263317087,0.46479583263317087,True,True,0.58,False,0.40220131070408327,0.019162892074519888,0.39354730297429,0.4178289363132247,0.41908922870105864,block_shuffle,block_shuffle,0.0625945219290876,0.4178289363132247,True,higher,0.735,0.735,True,True,0.6,True,0.388125,0.15444836313473834,0.294375,0.4,0.655,block_shuffle,block_shuffle,0.346875,0.46534918156736915,True,higher,0.23351344466209412,0.23351344466209412,True,True,0.0,True,-0.3913216646760702,0.21683097606493196,-0.4882574528455734,-0.27141145430505276,-0.11256640404462814,block_shuffle,block_shuffle,0.6248351093381643,-0.27141145430505276,True,lower,111.0,-111.0,True,True,100.0,False,114.0,60.67124524847005,88.5,148.5,189.0,shift,shift,3.0,83.66437737576497,False,higher,0.25283071398735046,0.25283071398735046,True,False,0.1,True,0.353844977915287,0.049508743568015705,0.32911551743745804,0.3630334585905075,0.43586137890815735,block_shuffle,block_shuffle,-0.10101426392793655,0.3785993496992949,False,lower,-0.25283071398735046,0.25283071398735046,False,False,-0.1,True,0.18491972237825394,0.30571568550060196,0.1427202746272087,0.3630334585905075,0.43586137890815735,block_shuffle,block_shuffle,0.4377504363656044,0.032061879627952955,True,False,False,False,0,3,False,True,False,False,False,0,1,True,
lambda_shift_300_s2029,lambda_shift_300,negative_control,shift,2029,union_base_predchange,true_change_only,20,6,0.26386933258237116,0.7620833333333333,0.46479583263317087,0.2878434956073761,0.2915172278881073,0.2925075888633728,0.2925075888633728,0.2925075888633728,True,True,True,True,"pre_rel_mean: pre_rel_mean=0.287843, post_rel_mean=0.291517, pre_count=3551, post_count=2400",0.26386933258237116,0.7620833333333333,0.26386933258237116,0.7620833333333333,0.46479583263317087,200,0.63,0.84,0.735,0.23351344466209412,0.2473381757736206,-0.0030805905153818386,0.0030805905153818607,0.00308057901980662,0.43016509433962263,0.43016509433962263,0.43016509433962263,111.0,111.0,111.0,-0.3164575634893593,0.31645756348935916,0.31645755985726415,0.6423218548297882,-0.25283071398735046,True,False,True,False,True,False,False,False,0.23351344466209412,0.2473381757736206,0.23351344466209412,0.2473381757736206,0.23351344466209412,0.23351344466209412,-0.25283071398735046,0.25283071398735046,111.0,higher,0.46479583263317087,0.46479583263317087,True,True,0.58,False,0.40220131070408327,0.019162892074519888,0.39354730297429,0.4178289363132247,0.41908922870105864,block_shuffle,block_shuffle,0.0625945219290876,0.4178289363132247,True,higher,0.735,0.735,True,True,0.6,True,0.388125,0.15444836313473834,0.294375,0.4,0.655,block_shuffle,block_shuffle,0.346875,0.46534918156736915,True,higher,0.23351344466209412,0.23351344466209412,True,True,0.0,True,-0.3913216646760702,0.21683097606493196,-0.4882574528455734,-0.27141145430505276,-0.11256640404462814,block_shuffle,block_shuffle,0.6248351093381643,-0.27141145430505276,True,lower,111.0,-111.0,True,True,100.0,False,114.0,60.67124524847005,88.5,148.5,189.0,shift,shift,3.0,83.66437737576497,False,higher,0.25283071398735046,0.25283071398735046,True,False,0.1,True,0.353844977915287,0.049508743568015705,0.32911551743745804,0.3630334585905075,0.43586137890815735,block_shuffle,block_shuffle,-0.10101426392793655,0.3785993496992949,False,lower,-0.25283071398735046,0.25283071398735046,False,False,-0.1,True,0.18491972237825394,0.30571568550060196,0.1427202746272087,0.3630334585905075,0.43586137890815735,block_shuffle,block_shuffle,0.4377504363656044,0.032061879627952955,True,False,False,False,0,3,False,True,False,False,False,0,1,True,
lambda_shift_300_s2030,lambda_shift_300,negative_control,shift,2030,union_base_predchange,true_change_only,20,6,0.26386933258237116,0.7620833333333333,0.46479583263317087,0.2878434956073761,0.2915172278881073,0.2925075888633728,0.2925075888633728,0.2925075888633728,True,True,True,True,"pre_rel_mean: pre_rel_mean=0.287843, post_rel_mean=0.291517, pre_count=3551, post_count=2400",0.26386933258237116,0.7620833333333333,0.26386933258237116,0.7620833333333333,0.46479583263317087,200,0.63,0.84,0.735,0.23351344466209412,0.2473381757736206,-0.0030805905153818386,0.0030805905153818607,0.00308057901980662,0.43016509433962263,0.43016509433962263,0.43016509433962263,111.0,111.0,111.0,-0.3164575634893593,0.31645756348935916,0.31645755985726415,0.6423218548297882,-0.25283071398735046,True,False,True,False,True,False,False,False,0.23351344466209412,0.2473381757736206,0.23351344466209412,0.2473381757736206,0.23351344466209412,0.23351344466209412,-0.25283071398735046,0.25283071398735046,111.0,higher,0.46479583263317087,0.46479583263317087,True,True,0.58,False,0.40220131070408327,0.019162892074519888,0.39354730297429,0.4178289363132247,0.41908922870105864,block_shuffle,block_shuffle,0.0625945219290876,0.4178289363132247,True,higher,0.735,0.735,True,True,0.6,True,0.388125,0.15444836313473834,0.294375,0.4,0.655,block_shuffle,block_shuffle,0.346875,0.46534918156736915,True,higher,0.23351344466209412,0.23351344466209412,True,True,0.0,True,-0.3913216646760702,0.21683097606493196,-0.4882574528455734,-0.27141145430505276,-0.11256640404462814,block_shuffle,block_shuffle,0.6248351093381643,-0.27141145430505276,True,lower,111.0,-111.0,True,True,100.0,False,114.0,60.67124524847005,88.5,148.5,189.0,shift,shift,3.0,83.66437737576497,False,higher,0.25283071398735046,0.25283071398735046,True,False,0.1,True,0.353844977915287,0.049508743568015705,0.32911551743745804,0.3630334585905075,0.43586137890815735,block_shuffle,block_shuffle,-0.10101426392793655,0.3785993496992949,False,lower,-0.25283071398735046,0.25283071398735046,False,False,-0.1,True,0.18491972237825394,0.30571568550060196,0.1427202746272087,0.3630334585905075,0.43586137890815735,block_shuffle,block_shuffle,0.4377504363656044,0.032061879627952955,True,False,False,False,0,3,False,True,False,False,False,0,1,True,
lambda_shift_600_s2026,lambda_shift_600,negative_control,shift,2026,union_base_predchange,true_change_only,20,6,0.25091523514502956,0.7429166666666667,0.4493362460090741,0.30751529335975647,0.26241108775138855,0.2925075888633728,0.2925075888633728,0.2925075888633728,True,True,True,True,"pre_rel_mean: pre_rel_mean=0.307515, post_rel_mean=0.262411, pre_count=3551, post_count=2400",0.25091523514502956,0.7429166666666667,0.25091523514502956,0.7429166666666667,0.4493362460090741,200,0.955,0.75,0.8525,0.8953574895858765,0.40025365352630615,0.037821684128302356,-0.037821684128302446,-0.03782169199662737,0.4211730850464658,0.4211730850464658,0.4211730850464658,189.0,189.0,189.0,-0.631711350658351,0.631711350658351,0.6317113442590958,0.6423218548297882,-0.6812294777482748,True,False,True,False,True,False,False,False,0.8953574895858765,0.40025365352630615,0.8953574895858765,0.40025365352630615,0.40025365352630615,0.40025365352630615,-0.6812294777482748,0.6812294777482748,189.0,higher,0.4493362460090741,0.4493362460090741,True,True,0.58,False,0.40220131070408327,0.019162892074519888,0.39354730297429,0.4178289363132247,0.41908922870105864,block_shuffle,block_shuffle,0.047134935304990855,0.4178289363132247,True,higher,0.8525,0.8525,True,True,0.6,True,0.388125,0.15444836313473834,0.294375,0.4,0.655,block_shuffle,block_shuffle,0.46437500000000004,0.46534918156736915,True,higher,0.40025365352630615,0.40025365352630615,True,True,0.0,True,-0.3913216646760702,0.21683097606493196,-0.4882574528455734,-0.27141145430505276,-0.11256640404462814,block_shuffle,block_shuffle,0.7915753182023764,-0.27141145430505276,True,lower,189.0,-189.0,True,True,100.0,False,114.0,60.67124524847005,88.5,148.5,189.0,shift,shift,-75.0,83.66437737576497,False,higher,0.6812294777482748,0.6812294777482748,True,False,0.1,True,0.353844977915287,0.049508743568015705,0.32911551743745804,0.3630334585905075,0.43586137890815735,block_shuffle,block_shuffle,0.3273844998329878,0.3785993496992949,True,lower,-0.6812294777482748,0.6812294777482748,False,False,-0.1,True,0.18491972237825394,0.30571568550060196,0.1427202746272087,0.3630334585905075,0.43586137890815735,block_shuffle,block_shuffle,0.8661492001265287,0.032061879627952955,True,False,False,False,0,3,False,True,False,False,False,0,1,True,
lambda_shift_600_s2027,lambda_shift_600,negative_control,shift,2027,union_base_predchange,true_change_only,20,6,0.25091523514502956,0.7429166666666667,0.4493362460090741,0.30751529335975647,0.26241108775138855,0.2925075888633728,0.2925075888633728,0.2925075888633728,True,True,True,True,"pre_rel_mean: pre_rel_mean=0.307515, post_rel_mean=0.262411, pre_count=3551, post_count=2400",0.25091523514502956,0.7429166666666667,0.25091523514502956,0.7429166666666667,0.4493362460090741,200,0.955,0.75,0.8525,0.8953574895858765,0.40025365352630615,0.037821684128302356,-0.037821684128302446,-0.03782169199662737,0.4211730850464658,0.4211730850464658,0.4211730850464658,189.0,189.0,189.0,-0.631711350658351,0.631711350658351,0.6317113442590958,0.6423218548297882,-0.6812294777482748,True,False,True,False,True,False,False,False,0.8953574895858765,0.40025365352630615,0.8953574895858765,0.40025365352630615,0.40025365352630615,0.40025365352630615,-0.6812294777482748,0.6812294777482748,189.0,higher,0.4493362460090741,0.4493362460090741,True,True,0.58,False,0.40220131070408327,0.019162892074519888,0.39354730297429,0.4178289363132247,0.41908922870105864,block_shuffle,block_shuffle,0.047134935304990855,0.4178289363132247,True,higher,0.8525,0.8525,True,True,0.6,True,0.388125,0.15444836313473834,0.294375,0.4,0.655,block_shuffle,block_shuffle,0.46437500000000004,0.46534918156736915,True,higher,0.40025365352630615,0.40025365352630615,True,True,0.0,True,-0.3913216646760702,0.21683097606493196,-0.4882574528455734,-0.27141145430505276,-0.11256640404462814,block_shuffle,block_shuffle,0.7915753182023764,-0.27141145430505276,True,lower,189.0,-189.0,True,True,100.0,False,114.0,60.67124524847005,88.5,148.5,189.0,shift,shift,-75.0,83.66437737576497,False,higher,0.6812294777482748,0.6812294777482748,True,False,0.1,True,0.353844977915287,0.049508743568015705,0.32911551743745804,0.3630334585905075,0.43586137890815735,block_shuffle,block_shuffle,0.3273844998329878,0.3785993496992949,True,lower,-0.6812294777482748,0.6812294777482748,False,False,-0.1,True,0.18491972237825394,0.30571568550060196,0.1427202746272087,0.3630334585905075,0.43586137890815735,block_shuffle,block_shuffle,0.8661492001265287,0.032061879627952955,True,False,False,False,0,3,False,True,False,False,False,0,1,True,
lambda_shift_600_s2028,lambda_shift_600,negative_control,shift,2028,union_base_predchange,true_change_only,20,6,0.25091523514502956,0.7429166666666667,0.4493362460090741,0.30751529335975647,0.26241108775138855,0.2925075888633728,0.2925075888633728,0.2925075888633728,True,True,True,True,"pre_rel_mean: pre_rel_mean=0.307515, post_rel_mean=0.262411, pre_count=3551, post_count=2400",0.25091523514502956,0.7429166666666667,0.25091523514502956,0.7429166666666667,0.4493362460090741,200,0.955,0.75,0.8525,0.8953574895858765,0.40025365352630615,0.037821684128302356,-0.037821684128302446,-0.03782169199662737,0.4211730850464658,0.4211730850464658,0.4211730850464658,189.0,189.0,189.0,-0.631711350658351,0.631711350658351,0.6317113442590958,0.6423218548297882,-0.6812294777482748,True,False,True,False,True,False,False,False,0.8953574895858765,0.40025365352630615,0.8953574895858765,0.40025365352630615,0.40025365352630615,0.40025365352630615,-0.6812294777482748,0.6812294777482748,189.0,higher,0.4493362460090741,0.4493362460090741,True,True,0.58,False,0.40220131070408327,0.019162892074519888,0.39354730297429,0.4178289363132247,0.41908922870105864,block_shuffle,block_shuffle,0.047134935304990855,0.4178289363132247,True,higher,0.8525,0.8525,True,True,0.6,True,0.388125,0.15444836313473834,0.294375,0.4,0.655,block_shuffle,block_shuffle,0.46437500000000004,0.46534918156736915,True,higher,0.40025365352630615,0.40025365352630615,True,True,0.0,True,-0.3913216646760702,0.21683097606493196,-0.4882574528455734,-0.27141145430505276,-0.11256640404462814,block_shuffle,block_shuffle,0.7915753182023764,-0.27141145430505276,True,lower,189.0,-189.0,True,True,100.0,False,114.0,60.67124524847005,88.5,148.5,189.0,shift,shift,-75.0,83.66437737576497,False,higher,0.6812294777482748,0.6812294777482748,True,False,0.1,True,0.353844977915287,0.049508743568015705,0.32911551743745804,0.3630334585905075,0.43586137890815735,block_shuffle,block_shuffle,0.3273844998329878,0.3785993496992949,True,lower,-0.6812294777482748,0.6812294777482748,False,False,-0.1,True,0.18491972237825394,0.30571568550060196,0.1427202746272087,0.3630334585905075,0.43586137890815735,block_shuffle,block_shuffle,0.8661492001265287,0.032061879627952955,True,False,False,False,0,3,False,True,False,False,False,0,1,True,
lambda_shift_600_s2029,lambda_shift_600,negative_control,shift,2029,union_base_predchange,true_change_only,20,6,0.25091523514502956,0.7429166666666667,0.4493362460090741,0.30751529335975647,0.26241108775138855,0.2925075888633728,0.2925075888633728,0.2925075888633728,True,True,True,True,"pre_rel_mean: pre_rel_mean=0.307515, post_rel_mean=0.262411, pre_count=3551, post_count=2400",0.25091523514502956,0.7429166666666667,0.25091523514502956,0.7429166666666667,0.4493362460090741,200,0.955,0.75,0.8525,0.8953574895858765,0.40025365352630615,0.037821684128302356,-0.037821684128302446,-0.03782169199662737,0.4211730850464658,0.4211730850464658,0.4211730850464658,189.0,189.0,189.0,-0.631711350658351,0.631711350658351,0.6317113442590958,0.6423218548297882,-0.6812294777482748,True,False,True,False,True,False,False,False,0.8953574895858765,0.40025365352630615,0.8953574895858765,0.40025365352630615,0.40025365352630615,0.40025365352630615,-0.6812294777482748,0.6812294777482748,189.0,higher,0.4493362460090741,0.4493362460090741,True,True,0.58,False,0.40220131070408327,0.019162892074519888,0.39354730297429,0.4178289363132247,0.41908922870105864,block_shuffle,block_shuffle,0.047134935304990855,0.4178289363132247,True,higher,0.8525,0.8525,True,True,0.6,True,0.388125,0.15444836313473834,0.294375,0.4,0.655,block_shuffle,block_shuffle,0.46437500000000004,0.46534918156736915,True,higher,0.40025365352630615,0.40025365352630615,True,True,0.0,True,-0.3913216646760702,0.21683097606493196,-0.4882574528455734,-0.27141145430505276,-0.11256640404462814,block_shuffle,block_shuffle,0.7915753182023764,-0.27141145430505276,True,lower,189.0,-189.0,True,True,100.0,False,114.0,60.67124524847005,88.5,148.5,189.0,shift,shift,-75.0,83.66437737576497,False,higher,0.6812294777482748,0.6812294777482748,True,False,0.1,True,0.353844977915287,0.049508743568015705,0.32911551743745804,0.3630334585905075,0.43586137890815735,block_shuffle,block_shuffle,0.3273844998329878,0.3785993496992949,True,lower,-0.6812294777482748,0.6812294777482748,False,False,-0.1,True,0.18491972237825394,0.30571568550060196,0.1427202746272087,0.3630334585905075,0.43586137890815735,block_shuffle,block_shuffle,0.8661492001265287,0.032061879627952955,True,False,False,False,0,3,False,True,False,False,False,0,1,True,
lambda_shift_600_s2030,lambda_shift_600,negative_control,shift,2030,union_base_predchange,true_change_only,20,6,0.25091523514502956,0.7429166666666667,0.4493362460090741,0.30751529335975647,0.26241108775138855,0.2925075888633728,0.2925075888633728,0.2925075888633728,True,True,True,True,"pre_rel_mean: pre_rel_mean=0.307515, post_rel_mean=0.262411, pre_count=3551, post_count=2400",0.25091523514502956,0.7429166666666667,0.25091523514502956,0.7429166666666667,0.4493362460090741,200,0.955,0.75,0.8525,0.8953574895858765,0.40025365352630615,0.037821684128302356,-0.037821684128302446,-0.03782169199662737,0.4211730850464658,0.4211730850464658,0.4211730850464658,189.0,189.0,189.0,-0.631711350658351,0.631711350658351,0.6317113442590958,0.6423218548297882,-0.6812294777482748,True,False,True,False,True,False,False,False,0.8953574895858765,0.40025365352630615,0.8953574895858765,0.40025365352630615,0.40025365352630615,0.40025365352630615,-0.6812294777482748,0.6812294777482748,189.0,higher,0.4493362460090741,0.4493362460090741,True,True,0.58,False,0.40220131070408327,0.019162892074519888,0.39354730297429,0.4178289363132247,0.41908922870105864,block_shuffle,block_shuffle,0.047134935304990855,0.4178289363132247,True,higher,0.8525,0.8525,True,True,0.6,True,0.388125,0.15444836313473834,0.294375,0.4,0.655,block_shuffle,block_shuffle,0.46437500000000004,0.46534918156736915,True,higher,0.40025365352630615,0.40025365352630615,True,True,0.0,True,-0.3913216646760702,0.21683097606493196,-0.4882574528455734,-0.27141145430505276,-0.11256640404462814,block_shuffle,block_shuffle,0.7915753182023764,-0.27141145430505276,True,lower,189.0,-189.0,True,True,100.0,False,114.0,60.67124524847005,88.5,148.5,189.0,shift,shift,-75.0,83.66437737576497,False,higher,0.6812294777482748,0.6812294777482748,True,False,0.1,True,0.353844977915287,0.049508743568015705,0.32911551743745804,0.3630334585905075,0.43586137890815735,block_shuffle,block_shuffle,0.3273844998329878,0.3785993496992949,True,lower,-0.6812294777482748,0.6812294777482748,False,False,-0.1,True,0.18491972237825394,0.30571568550060196,0.1427202746272087,0.3630334585905075,0.43586137890815735,block_shuffle,block_shuffle,0.8661492001265287,0.032061879627952955,True,False,False,False,0,3,False,True,False,False,False,0,1,True,
lambda_shuffle_global_s2026,lambda_shuffle_global,negative_control,shuffle_global,2026,union_base_predchange,true_change_only,20,6,0.25823711630526613,0.75375,0.45807427323138966,0.2779991030693054,0.30608275532722473,0.2925075888633728,0.2925075888633728,0.2925075888633728,True,True,True,True,"pre_rel_mean: pre_rel_mean=0.277999, post_rel_mean=0.306083, pre_count=3551, post_count=2400",0.25823711630526613,0.75375,0.25823711630526613,0.75375,0.45807427323138966,200,0.285,0.71,0.4975,-0.23997461795806885,0.23300647735595703,-0.023549248930615885,0.023549248930615923,0.02354924876761341,0.5165968506523984,0.5165968506523984,0.5165968506523984,183.0,183.0,183.0,0.009906922795070642,-0.009906922795070647,-0.009906918427993258,0.6423218548297882,0.003663778305053711,False,False,True,False,False,False,False,False,-0.23997461795806885,0.23300647735595703,0.23997461795806885,0.23300647735595703,-0.23997461795806885,0.23997461795806885,0.003663778305053711,0.003663778305053711,183.0,higher,0.45807427323138966,0.45807427323138966,True,True,0.58,False,0.40220131070408327,0.019162892074519888,0.39354730297429,0.4178289363132247,0.41908922870105864,block_shuffle,block_shuffle,0.05587296252730639,0.4178289363132247,True,higher,0.4975,0.4975,True,True,0.6,False,0.388125,0.15444836313473834,0.294375,0.4,0.655,block_shuffle,block_shuffle,0.109375,0.46534918156736915,True,higher,-0.23997461795806885,-0.23997461795806885,True,True,0.0,False,-0.3913216646760702,0.21683097606493196,-0.4882574528455734,-0.27141145430505276,-0.11256640404462814,block_shuffle,block_shuffle,0.15134704671800137,-0.27141145430505276,True,lower,183.0,-183.0,True,True,100.0,False,114.0,60.67124524847005,88.5,148.5,189.0,shift,shift,-69.0,83.66437737576497,False,higher,0.003663778305053711,0.003663778305053711,True,False,0.1,False,0.353844977915287,0.049508743568015705,0.32911551743745804,0.3630334585905075,0.43586137890815735,block_shuffle,block_shuffle,-0.3501811996102333,0.3785993496992949,False,lower,0.003663778305053711,-0.003663778305053711,False,False,-0.1,False,0.18491972237825394,0.30571568550060196,0.1427202746272087,0.3630334585905075,0.43586137890815735,block_shuffle,block_shuffle,0.18125594407320023,0.032061879627952955,True,False,False,False,0,3,False,True,False,False,False,0,1,True,
lambda_shuffle_global_s2027,lambda_shuffle_global,negative_control,shuffle_global,2027,union_base_predchange,true_change_only,20,6,0.25823711630526613,0.75375,0.45807427323138966,0.2779991030693054,0.30608275532722473,0.2925075888633728,0.2925075888633728,0.2925075888633728,True,True,True,True,"pre_rel_mean: pre_rel_mean=0.277999, post_rel_mean=0.306083, pre_count=3551, post_count=2400",0.25823711630526613,0.75375,0.25823711630526613,0.75375,0.45807427323138966,200,0.285,0.71,0.4975,-0.23997461795806885,0.23300647735595703,-0.023549248930615885,0.023549248930615923,0.02354924876761341,0.5165968506523984,0.5165968506523984,0.5165968506523984,183.0,183.0,183.0,0.009906922795070642,-0.009906922795070647,-0.009906918427993258,0.6423218548297882,0.003663778305053711,False,False,True,False,False,False,False,False,-0.23997461795806885,0.23300647735595703,0.23997461795806885,0.23300647735595703,-0.23997461795806885,0.23997461795806885,0.003663778305053711,0.003663778305053711,183.0,higher,0.45807427323138966,0.45807427323138966,True,True,0.58,False,0.40220131070408327,0.019162892074519888,0.39354730297429,0.4178289363132247,0.41908922870105864,block_shuffle,block_shuffle,0.05587296252730639,0.4178289363132247,True,higher,0.4975,0.4975,True,True,0.6,False,0.388125,0.15444836313473834,0.294375,0.4,0.655,block_shuffle,block_shuffle,0.109375,0.46534918156736915,True,higher,-0.23997461795806885,-0.23997461795806885,True,True,0.0,False,-0.3913216646760702,0.21683097606493196,-0.4882574528455734,-0.27141145430505276,-0.11256640404462814,block_shuffle,block_shuffle,0.15134704671800137,-0.27141145430505276,True,lower,183.0,-183.0,True,True,100.0,False,114.0,60.67124524847005,88.5,148.5,189.0,shift,shift,-69.0,83.66437737576497,False,higher,0.003663778305053711,0.003663778305053711,True,False,0.1,False,0.353844977915287,0.049508743568015705,0.32911551743745804,0.3630334585905075,0.43586137890815735,block_shuffle,block_shuffle,-0.3501811996102333,0.3785993496992949,False,lower,0.003663778305053711,-0.003663778305053711,False,False,-0.1,False,0.18491972237825394,0.30571568550060196,0.1427202746272087,0.3630334585905075,0.43586137890815735,block_shuffle,block_shuffle,0.18125594407320023,0.032061879627952955,True,False,False,False,0,3,False,True,False,False,False,0,1,True,
lambda_shuffle_global_s2028,lambda_shuffle_global,negative_control,shuffle_global,2028,union_base_predchange,true_change_only,20,6,0.25823711630526613,0.75375,0.45807427323138966,0.2779991030693054,0.30608275532722473,0.2925075888633728,0.2925075888633728,0.2925075888633728,True,True,True,True,"pre_rel_mean: pre_rel_mean=0.277999, post_rel_mean=0.306083, pre_count=3551, post_count=2400",0.25823711630526613,0.75375,0.25823711630526613,0.75375,0.45807427323138966,200,0.285,0.71,0.4975,-0.23997461795806885,0.23300647735595703,-0.023549248930615885,0.023549248930615923,0.02354924876761341,0.5165968506523984,0.5165968506523984,0.5165968506523984,183.0,183.0,183.0,0.009906922795070642,-0.009906922795070647,-0.009906918427993258,0.6423218548297882,0.003663778305053711,False,False,True,False,False,False,False,False,-0.23997461795806885,0.23300647735595703,0.23997461795806885,0.23300647735595703,-0.23997461795806885,0.23997461795806885,0.003663778305053711,0.003663778305053711,183.0,higher,0.45807427323138966,0.45807427323138966,True,True,0.58,False,0.40220131070408327,0.019162892074519888,0.39354730297429,0.4178289363132247,0.41908922870105864,block_shuffle,block_shuffle,0.05587296252730639,0.4178289363132247,True,higher,0.4975,0.4975,True,True,0.6,False,0.388125,0.15444836313473834,0.294375,0.4,0.655,block_shuffle,block_shuffle,0.109375,0.46534918156736915,True,higher,-0.23997461795806885,-0.23997461795806885,True,True,0.0,False,-0.3913216646760702,0.21683097606493196,-0.4882574528455734,-0.27141145430505276,-0.11256640404462814,block_shuffle,block_shuffle,0.15134704671800137,-0.27141145430505276,True,lower,183.0,-183.0,True,True,100.0,False,114.0,60.67124524847005,88.5,148.5,189.0,shift,shift,-69.0,83.66437737576497,False,higher,0.003663778305053711,0.003663778305053711,True,False,0.1,False,0.353844977915287,0.049508743568015705,0.32911551743745804,0.3630334585905075,0.43586137890815735,block_shuffle,block_shuffle,-0.3501811996102333,0.3785993496992949,False,lower,0.003663778305053711,-0.003663778305053711,False,False,-0.1,False,0.18491972237825394,0.30571568550060196,0.1427202746272087,0.3630334585905075,0.43586137890815735,block_shuffle,block_shuffle,0.18125594407320023,0.032061879627952955,True,False,False,False,0,3,False,True,False,False,False,0,1,True,
lambda_shuffle_global_s2029,lambda_shuffle_global,negative_control,shuffle_global,2029,union_base_predchange,true_change_only,20,6,0.25823711630526613,0.75375,0.45807427323138966,0.2779991030693054,0.30608275532722473,0.2925075888633728,0.2925075888633728,0.2925075888633728,True,True,True,True,"pre_rel_mean: pre_rel_mean=0.277999, post_rel_mean=0.306083, pre_count=3551, post_count=2400",0.25823711630526613,0.75375,0.25823711630526613,0.75375,0.45807427323138966,200,0.285,0.71,0.4975,-0.23997461795806885,0.23300647735595703,-0.023549248930615885,0.023549248930615923,0.02354924876761341,0.5165968506523984,0.5165968506523984,0.5165968506523984,183.0,183.0,183.0,0.009906922795070642,-0.009906922795070647,-0.009906918427993258,0.6423218548297882,0.003663778305053711,False,False,True,False,False,False,False,False,-0.23997461795806885,0.23300647735595703,0.23997461795806885,0.23300647735595703,-0.23997461795806885,0.23997461795806885,0.003663778305053711,0.003663778305053711,183.0,higher,0.45807427323138966,0.45807427323138966,True,True,0.58,False,0.40220131070408327,0.019162892074519888,0.39354730297429,0.4178289363132247,0.41908922870105864,block_shuffle,block_shuffle,0.05587296252730639,0.4178289363132247,True,higher,0.4975,0.4975,True,True,0.6,False,0.388125,0.15444836313473834,0.294375,0.4,0.655,block_shuffle,block_shuffle,0.109375,0.46534918156736915,True,higher,-0.23997461795806885,-0.23997461795806885,True,True,0.0,False,-0.3913216646760702,0.21683097606493196,-0.4882574528455734,-0.27141145430505276,-0.11256640404462814,block_shuffle,block_shuffle,0.15134704671800137,-0.27141145430505276,True,lower,183.0,-183.0,True,True,100.0,False,114.0,60.67124524847005,88.5,148.5,189.0,shift,shift,-69.0,83.66437737576497,False,higher,0.003663778305053711,0.003663778305053711,True,False,0.1,False,0.353844977915287,0.049508743568015705,0.32911551743745804,0.3630334585905075,0.43586137890815735,block_shuffle,block_shuffle,-0.3501811996102333,0.3785993496992949,False,lower,0.003663778305053711,-0.003663778305053711,False,False,-0.1,False,0.18491972237825394,0.30571568550060196,0.1427202746272087,0.3630334585905075,0.43586137890815735,block_shuffle,block_shuffle,0.18125594407320023,0.032061879627952955,True,False,False,False,0,3,False,True,False,False,False,0,1,True,
lambda_shuffle_global_s2030,lambda_shuffle_global,negative_control,shuffle_global,2030,union_base_predchange,true_change_only,20,6,0.25823711630526613,0.75375,0.45807427323138966,0.2779991030693054,0.30608275532722473,0.2925075888633728,0.2925075888633728,0.2925075888633728,True,True,True,True,"pre_rel_mean: pre_rel_mean=0.277999, post_rel_mean=0.306083, pre_count=3551, post_count=2400",0.25823711630526613,0.75375,0.25823711630526613,0.75375,0.45807427323138966,200,0.285,0.71,0.4975,-0.23997461795806885,0.23300647735595703,-0.023549248930615885,0.023549248930615923,0.02354924876761341,0.5165968506523984,0.5165968506523984,0.5165968506523984,183.0,183.0,183.0,0.009906922795070642,-0.009906922795070647,-0.009906918427993258,0.6423218548297882,0.003663778305053711,False,False,True,False,False,False,False,False,-0.23997461795806885,0.23300647735595703,0.23997461795806885,0.23300647735595703,-0.23997461795806885,0.23997461795806885,0.003663778305053711,0.003663778305053711,183.0,higher,0.45807427323138966,0.45807427323138966,True,True,0.58,False,0.40220131070408327,0.019162892074519888,0.39354730297429,0.4178289363132247,0.41908922870105864,block_shuffle,block_shuffle,0.05587296252730639,0.4178289363132247,True,higher,0.4975,0.4975,True,True,0.6,False,0.388125,0.15444836313473834,0.294375,0.4,0.655,block_shuffle,block_shuffle,0.109375,0.46534918156736915,True,higher,-0.23997461795806885,-0.23997461795806885,True,True,0.0,False,-0.3913216646760702,0.21683097606493196,-0.4882574528455734,-0.27141145430505276,-0.11256640404462814,block_shuffle,block_shuffle,0.15134704671800137,-0.27141145430505276,True,lower,183.0,-183.0,True,True,100.0,False,114.0,60.67124524847005,88.5,148.5,189.0,shift,shift,-69.0,83.66437737576497,False,higher,0.003663778305053711,0.003663778305053711,True,False,0.1,False,0.353844977915287,0.049508743568015705,0.32911551743745804,0.3630334585905075,0.43586137890815735,block_shuffle,block_shuffle,-0.3501811996102333,0.3785993496992949,False,lower,0.003663778305053711,-0.003663778305053711,False,False,-0.1,False,0.18491972237825394,0.30571568550060196,0.1427202746272087,0.3630334585905075,0.43586137890815735,block_shuffle,block_shuffle,0.18125594407320023,0.032061879627952955,True,False,False,False,0,3,False,True,False,False,False,0,1,True,
