F1,FN,FP,K_true_change,Prec,Rec,SHD,TP,mask,prefix,score_type
0.33333333333277776,4,4,6,0.33333333333327775,0.33333333333327775,8,2,TRUE-mask,parcorr,magdiff
0.4999999999994167,3,3,6,0.4999999999999167,0.4999999999999167,6,3,TRUE-mask,parcorr,signflip
0.33333333333277776,4,4,6,0.33333333333327775,0.33333333333327775,8,2,PRED-mask,parcorr,magdiff
0.33333333333277776,4,4,6,0.33333333333327775,0.33333333333327775,8,2,PRED-mask,parcorr,signflip
