F1,FN,FP,K_true_change,Prec,Rec,SHD,TP,mask,prefix,score_type
0.33333333333277776,4,4,6,0.33333333333327775,0.33333333333327775,8,2,TRUE-mask,parcorr,magdiff
0.4999999999994167,3,3,6,0.4999999999999167,0.4999999999999167,6,3,TRUE-mask,parcorr,signflip
0.33333333333277776,4,4,6,0.33333333333327775,0.33333333333327775,8,2,PRED-mask,parcorr,magdiff
0.33333333333277776,4,4,6,0.33333333333327775,0.33333333333327775,8,2,PRED-mask,parcorr,signflip
0.6666666666660555,2,2,6,0.6666666666665555,0.6666666666665555,4,4,TRUE-mask,cmiknn,magdiff
0.4999999999994167,3,3,6,0.4999999999999167,0.4999999999999167,6,3,TRUE-mask,cmiknn,signflip
0.8333333333326944,1,1,6,0.8333333333331945,0.8333333333331945,2,5,PRED-mask,cmiknn,magdiff
0.16666666666613889,5,5,6,0.16666666666663887,0.16666666666663887,10,1,PRED-mask,cmiknn,signflip
