abs_delta_w_star,base_w_star,delta_w_star,flip_star,lag_star,lags_detail,new_w_star,num_lags_changed,src,tgt
1.7165015935897827,0.49042901396751404,-1.7165015935897827,1,1,"lag1:base+0.4904,d-1.7165,new-1.2261",-1.2260725498199463,1,3,0
0.7066625356674194,0.4711083769798279,0.7066625356674194,0,1,"lag1:base+0.4711,d+0.7067,new+1.1778",1.1777708530426025,1,8,1
0.5915161371231079,-0.3943440914154053,-0.5915161371231079,0,1,"lag1:base-0.3943,d-0.5915,new-0.9859",-0.9858602285385132,1,1,2
1.3808157444000244,0.39451879262924194,-1.3808157444000244,1,1,"lag1:base+0.3945,d-1.3808,new-0.9863",-0.9862969517707825,1,5,2
0.432094931602478,0.28806328773498535,0.432094931602478,0,1,"lag1:base+0.2881,d+0.4321,new+0.7202",0.7201582193374634,1,8,3
0.8780244588851929,-0.5853496193885803,-0.8780244588851929,0,2,"lag2:base-0.5853,d-0.8780,new-1.4634",-1.463374137878418,1,2,8
